{"type":"FeatureCollection","features":[{"type":"Feature","properties":{"refnis":11001},"geometry":{"type":"MultiPolygon","coordinates":[[[[4.39963,51.15105],[4.40141,51.14976],[4.40829,51.14269],[4.40873,51.13317],[4.39642,51.11912],[4.40041,51.11804],[4.38247,51.11145],[4.35947,51.10935],[4.35366,51.11401],[4.36372,51.11271],[4.37654,51.11675],[4.36505,51.13134],[4.35569,51.13436],[4.35406,51.14781],[4.36242,51.14952],[4.36844,51.14335],[4.39963,51.15105]]]]}},{"type":"Feature","properties":{"refnis":11002},"geometry":{"type":"MultiPolygon","coordinates":[[[[4.3264,51.33627],[4.33926,51.33582],[4.34732,51.33036],[4.35044,51.31995],[4.35781,51.31167],[4.39798,51.29723],[4.41692,51.30677],[4.42437,51.29263],[4.44024,51.29757],[4.4607,51.26868],[4.46626,51.25006],[4.45602,51.24569],[4.45804,51.23795],[4.4815,51.23807],[4.48724,51.23437],[4.4839,51.22555],[4.49638,51.22754],[4.49566,51.21642],[4.48459,51.21335],[4.48259,51.20372],[4.49984,51.1959],[4.50213,51.18875],[4.50901,51.18971],[4.5067,51.18531],[4.48393,51.18059],[4.47663,51.18798],[4.45926,51.18495],[4.44417,51.18713],[4.43402,51.17321],[4.41701,51.16704],[4.41631,51.16305],[4.3969,51.15377],[4.39963,51.15105],[4.36844,51.14335],[4.36242,51.14952],[4.35406,51.14781],[4.34942,51.15552],[4.32978,51.1617],[4.32817,51.17314],[4.33212,51.18971],[4.34055,51.19693],[4.3573,51.20193],[4.33812,51.22983],[4.35203,51.24012],[4.33087,51.25011],[4.30652,51.25492],[4.30189,51.26402],[4.31702,51.27756],[4.31735,51.28826],[4.28143,51.30175],[4.27567,51.30986],[4.27091,51.3316],[4.26195,51.34136],[4.24205,51.35397],[4.22675,51.35976],[4.21758,51.37389],[4.3345,51.37764],[4.34111,51.3576],[4.36817,51.35607],[4.3264,51.33627]]]]}},{"type":"Feature","properties":{"refnis":11004},"geometry":{"type":"MultiPolygon","coordinates":[[[[4.50901,51.18971],[4.53008,51.19004],[4.5335,51.18496],[4.55259,51.18127],[4.56332,51.17255],[4.56488,51.16574],[4.55787,51.16263],[4.5375,51.16321],[4.53848,51.15768],[4.52404,51.15608],[4.52168,51.14749],[4.53237,51.13199],[4.52719,51.12969],[4.51005,51.13486],[4.50992,51.14267],[4.49551,51.1453],[4.48242,51.15651],[4.47994,51.16286],[4.48393,51.18059],[4.5067,51.18531],[4.50901,51.18971]]]]}},{"type":"Feature","properties":{"refnis":11005},"geometry":{"type":"MultiPolygon","coordinates":[[[[4.34023,51.0951],[4.36319,51.10621],[4.38614,51.10227],[4.40428,51.09062],[4.3897,51.08611],[4.3852,51.08065],[4.36026,51.08441],[4.34023,51.0951]]]]}},{"type":"Feature","properties":{"refnis":11008},"geometry":{"type":"MultiPolygon","coordinates":[[[[4.44024,51.29757],[4.47178,51.30894],[4.46457,51.31941],[4.48492,51.33411],[4.51894,51.3509],[4.54086,51.33754],[4.55526,51.31703],[4.55874,51.30732],[4.5491,51.30412],[4.53849,51.30249],[4.51715,51.2896],[4.4904,51.27954],[4.47947,51.27168],[4.4607,51.26868],[4.44024,51.29757]]]]}},{"type":"Feature","properties":{"refnis":11009},"geometry":{"type":"MultiPolygon","coordinates":[[[[4.71699,51.38233],[4.71825,51.37552],[4.72354,51.35751],[4.71813,51.32684],[4.68899,51.32248],[4.65079,51.31303],[4.63634,51.30198],[4.63435,51.2937],[4.63314,51.29387],[4.60001,51.29206],[4.60154,51.28226],[4.5884,51.28177],[4.58662,51.29245],[4.55308,51.27581],[4.54683,51.27565],[4.54108,51.28309],[4.55298,51.28982],[4.5491,51.30412],[4.55874,51.30732],[4.55526,51.31703],[4.54086,51.33754],[4.56633,51.36015],[4.6182,51.37649],[4.62747,51.37712],[4.64934,51.37297],[4.71699,51.38233]]]]}},{"type":"Feature","properties":{"refnis":11013},"geometry":{"type":"MultiPolygon","coordinates":[[[[4.43402,51.17321],[4.44445,51.16294],[4.45812,51.16108],[4.46278,51.14717],[4.43394,51.14473],[4.42759,51.1494],[4.41385,51.14552],[4.40141,51.14976],[4.39963,51.15105],[4.3969,51.15377],[4.41631,51.16305],[4.41701,51.16704],[4.43402,51.17321]]]]}},{"type":"Feature","properties":{"refnis":11016},"geometry":{"type":"MultiPolygon","coordinates":[[[[4.53303,51.45356],[4.5093,51.45265],[4.49393,51.43134],[4.49454,51.42261],[4.46424,51.41553],[4.43952,51.41918],[4.4234,51.42422],[4.40053,51.42632],[4.39521,51.42689],[4.39665,51.44201],[4.38483,51.44931],[4.44255,51.46869],[4.46471,51.47101],[4.47651,51.47827],[4.48678,51.47734],[4.53819,51.4824],[4.54816,51.47331],[4.53303,51.45356]]]]}},{"type":"Feature","properties":{"refnis":11018},"geometry":{"type":"MultiPolygon","coordinates":[[[[4.32978,51.1617],[4.34942,51.15552],[4.35406,51.14781],[4.35569,51.13436],[4.33413,51.12975],[4.32256,51.13121],[4.32786,51.14093],[4.32978,51.1617]]]]}},{"type":"Feature","properties":{"refnis":11021},"geometry":{"type":"MultiPolygon","coordinates":[[[[4.45812,51.16108],[4.47994,51.16286],[4.48242,51.15651],[4.49551,51.1453],[4.50992,51.14267],[4.51005,51.13486],[4.4968,51.13056],[4.48541,51.14097],[4.47219,51.14183],[4.46278,51.14717],[4.45812,51.16108]]]]}},{"type":"Feature","properties":{"refnis":11022},"geometry":{"type":"MultiPolygon","coordinates":[[[[4.40053,51.42632],[4.4234,51.42422],[4.43952,51.41918],[4.46424,51.41553],[4.49454,51.42261],[4.49393,51.43134],[4.5093,51.45265],[4.53303,51.45356],[4.5299,51.44952],[4.53541,51.42303],[4.52896,51.41393],[4.50929,51.40315],[4.51343,51.39904],[4.52005,51.37539],[4.50691,51.37324],[4.50733,51.35803],[4.47479,51.35248],[4.44965,51.36148],[4.42001,51.36203],[4.41981,51.36441],[4.43136,51.36384],[4.4251,51.37128],[4.43169,51.37499],[4.39161,51.40817],[4.38362,51.42107],[4.39133,51.42735],[4.39948,51.42634],[4.40053,51.42632]]]]}},{"type":"Feature","properties":{"refnis":11023},"geometry":{"type":"MultiPolygon","coordinates":[[[[4.41981,51.36441],[4.42001,51.36203],[4.44965,51.36148],[4.47479,51.35248],[4.50733,51.35803],[4.51894,51.3509],[4.48492,51.33411],[4.46457,51.31941],[4.47178,51.30894],[4.44024,51.29757],[4.42437,51.29263],[4.41692,51.30677],[4.39171,51.33059],[4.40607,51.33782],[4.39471,51.35586],[4.41981,51.36441]]]]}},{"type":"Feature","properties":{"refnis":11024},"geometry":{"type":"MultiPolygon","coordinates":[[[[4.40141,51.14976],[4.41385,51.14552],[4.42759,51.1494],[4.43394,51.14473],[4.46278,51.14717],[4.47219,51.14183],[4.4865,51.11567],[4.47872,51.1136],[4.46543,51.09302],[4.45415,51.09453],[4.45134,51.10019],[4.43887,51.09494],[4.43838,51.1067],[4.43001,51.10778],[4.42213,51.11842],[4.41749,51.11454],[4.40041,51.11804],[4.39642,51.11912],[4.40873,51.13317],[4.40829,51.14269],[4.40141,51.14976]]]]}},{"type":"Feature","properties":{"refnis":11025},"geometry":{"type":"MultiPolygon","coordinates":[[[[4.52719,51.12969],[4.50672,51.11662],[4.4865,51.11567],[4.47219,51.14183],[4.48541,51.14097],[4.4968,51.13056],[4.51005,51.13486],[4.52719,51.12969]]]]}},{"type":"Feature","properties":{"refnis":11029},"geometry":{"type":"MultiPolygon","coordinates":[[[[4.48393,51.18059],[4.47994,51.16286],[4.45812,51.16108],[4.44445,51.16294],[4.43402,51.17321],[4.44417,51.18713],[4.45926,51.18495],[4.47663,51.18798],[4.48393,51.18059]]]]}},{"type":"Feature","properties":{"refnis":11030},"geometry":{"type":"MultiPolygon","coordinates":[[[[4.32786,51.10156],[4.30821,51.10695],[4.31213,51.11525],[4.3313,51.11607],[4.35366,51.11401],[4.35947,51.10935],[4.36319,51.10621],[4.34023,51.0951],[4.32786,51.10156]]]]}},{"type":"Feature","properties":{"refnis":11035},"geometry":{"type":"MultiPolygon","coordinates":[[[[4.53008,51.19004],[4.53971,51.19425],[4.54379,51.20183],[4.53942,51.20852],[4.55201,51.21018],[4.55011,51.21703],[4.56228,51.22135],[4.57396,51.22061],[4.60758,51.22888],[4.61552,51.2361],[4.61991,51.23526],[4.64386,51.21892],[4.63287,51.21348],[4.62225,51.20037],[4.63113,51.18994],[4.62687,51.18457],[4.63637,51.17518],[4.62895,51.1663],[4.60119,51.15487],[4.57915,51.14822],[4.57025,51.15348],[4.56488,51.16574],[4.56332,51.17255],[4.55259,51.18127],[4.5335,51.18496],[4.53008,51.19004]]]]}},{"type":"Feature","properties":{"refnis":11037},"geometry":{"type":"MultiPolygon","coordinates":[[[[4.40041,51.11804],[4.41749,51.11454],[4.42213,51.11842],[4.43001,51.10778],[4.43838,51.1067],[4.43887,51.09494],[4.45134,51.10019],[4.45415,51.09453],[4.46543,51.09302],[4.47072,51.08445],[4.46476,51.07897],[4.47062,51.07315],[4.46722,51.07289],[4.45244,51.07174],[4.43466,51.07832],[4.41966,51.07346],[4.40769,51.07869],[4.40141,51.07465],[4.3852,51.08065],[4.3897,51.08611],[4.40428,51.09062],[4.38614,51.10227],[4.36319,51.10621],[4.35947,51.10935],[4.38247,51.11145],[4.40041,51.11804]]]]}},{"type":"Feature","properties":{"refnis":11038},"geometry":{"type":"MultiPolygon","coordinates":[[[[4.32256,51.13121],[4.33413,51.12975],[4.35569,51.13436],[4.36505,51.13134],[4.37654,51.11675],[4.36372,51.11271],[4.35366,51.11401],[4.3313,51.11607],[4.31213,51.11525],[4.30683,51.1248],[4.32256,51.13121]]]]}},{"type":"Feature","properties":{"refnis":11039},"geometry":{"type":"MultiPolygon","coordinates":[[[[4.5462,51.22001],[4.55306,51.23141],[4.54438,51.23264],[4.52946,51.24217],[4.53739,51.24837],[4.54667,51.26285],[4.54683,51.27565],[4.55308,51.27581],[4.58662,51.29245],[4.5884,51.28177],[4.60154,51.28226],[4.60001,51.29206],[4.63314,51.29387],[4.60769,51.25385],[4.61468,51.25272],[4.62006,51.24116],[4.61552,51.2361],[4.60758,51.22888],[4.57396,51.22061],[4.56228,51.22135],[4.5462,51.22001]]]]}},{"type":"Feature","properties":{"refnis":11040},"geometry":{"type":"MultiPolygon","coordinates":[[[[4.4607,51.26868],[4.47947,51.27168],[4.4904,51.27954],[4.51715,51.2896],[4.53849,51.30249],[4.5491,51.30412],[4.55298,51.28982],[4.54108,51.28309],[4.54683,51.27565],[4.54667,51.26285],[4.53739,51.24837],[4.52946,51.24217],[4.51523,51.2372],[4.4815,51.23807],[4.45804,51.23795],[4.45602,51.24569],[4.46626,51.25006],[4.4607,51.26868]]]]}},{"type":"Feature","properties":{"refnis":11044},"geometry":{"type":"MultiPolygon","coordinates":[[[[4.39471,51.35586],[4.40607,51.33782],[4.39171,51.33059],[4.41692,51.30677],[4.39798,51.29723],[4.35781,51.31167],[4.35044,51.31995],[4.34732,51.33036],[4.33926,51.33582],[4.3264,51.33627],[4.36989,51.35668],[4.39471,51.35586]]]]}},{"type":"Feature","properties":{"refnis":11050},"geometry":{"type":"MultiPolygon","coordinates":[[[[4.4815,51.23807],[4.51523,51.2372],[4.52946,51.24217],[4.54438,51.23264],[4.55306,51.23141],[4.5462,51.22001],[4.52021,51.22299],[4.49566,51.21642],[4.49638,51.22754],[4.4839,51.22555],[4.48724,51.23437],[4.4815,51.23807]]]]}},{"type":"Feature","properties":{"refnis":11052},"geometry":{"type":"MultiPolygon","coordinates":[[[[4.49566,51.21642],[4.52021,51.22299],[4.5462,51.22001],[4.56228,51.22135],[4.55011,51.21703],[4.55201,51.21018],[4.53942,51.20852],[4.54379,51.20183],[4.53971,51.19425],[4.53008,51.19004],[4.50901,51.18971],[4.50213,51.18875],[4.49984,51.1959],[4.48259,51.20372],[4.48459,51.21335],[4.49566,51.21642]]]]}},{"type":"Feature","properties":{"refnis":11053},"geometry":{"type":"MultiPolygon","coordinates":[[[[4.66969,51.42636],[4.71144,51.41032],[4.71699,51.38233],[4.64934,51.37297],[4.62747,51.37712],[4.6182,51.37649],[4.56633,51.36015],[4.54086,51.33754],[4.51894,51.3509],[4.50733,51.35803],[4.50691,51.37324],[4.52005,51.37539],[4.51343,51.39904],[4.50929,51.40315],[4.52896,51.41393],[4.53541,51.42303],[4.57473,51.43285],[4.63017,51.42591],[4.64133,51.42201],[4.65145,51.42682],[4.66969,51.42636]]]]}},{"type":"Feature","properties":{"refnis":11054},"geometry":{"type":"MultiPolygon","coordinates":[[[[4.64386,51.21892],[4.65447,51.2341],[4.66997,51.24267],[4.69542,51.24268],[4.70418,51.23917],[4.7144,51.2432],[4.74098,51.24681],[4.74214,51.24501],[4.73866,51.23767],[4.73261,51.2408],[4.72635,51.22871],[4.73056,51.21568],[4.72344,51.21069],[4.71227,51.19531],[4.69401,51.19438],[4.6944,51.17852],[4.65718,51.18081],[4.63637,51.17518],[4.62687,51.18457],[4.63113,51.18994],[4.62225,51.20037],[4.63287,51.21348],[4.64386,51.21892]]]]}},{"type":"Feature","properties":{"refnis":11055},"geometry":{"type":"MultiPolygon","coordinates":[[[[4.61552,51.2361],[4.62006,51.24116],[4.61468,51.25272],[4.60769,51.25385],[4.63314,51.29387],[4.63435,51.2937],[4.64466,51.27249],[4.65642,51.27602],[4.6783,51.27707],[4.71521,51.28584],[4.72458,51.27995],[4.72424,51.27353],[4.73441,51.25454],[4.74264,51.24524],[4.74214,51.24501],[4.74098,51.24681],[4.7144,51.2432],[4.70418,51.23917],[4.69542,51.24268],[4.66997,51.24267],[4.65447,51.2341],[4.64386,51.21892],[4.61991,51.23526],[4.61552,51.2361]]]]}},{"type":"Feature","properties":{"refnis":11057},"geometry":{"type":"MultiPolygon","coordinates":[[[[4.71813,51.32684],[4.77587,51.31264],[4.76795,51.2899],[4.77638,51.27316],[4.77511,51.26782],[4.76131,51.2512],[4.75,51.24375],[4.74264,51.24524],[4.73441,51.25454],[4.72424,51.27353],[4.72458,51.27995],[4.71521,51.28584],[4.6783,51.27707],[4.65642,51.27602],[4.64466,51.27249],[4.63435,51.2937],[4.63634,51.30198],[4.65079,51.31303],[4.68899,51.32248],[4.71813,51.32684]]]]}},{"type":"Feature","properties":{"refnis":12002},"geometry":{"type":"MultiPolygon","coordinates":[[[[4.61354,51.13148],[4.63318,51.12456],[4.64655,51.12554],[4.66438,51.13482],[4.67702,51.13164],[4.68717,51.12204],[4.70049,51.10668],[4.6962,51.09785],[4.67177,51.09171],[4.6732,51.08082],[4.65459,51.07521],[4.63623,51.07689],[4.64302,51.08619],[4.63426,51.08792],[4.63379,51.09789],[4.62557,51.10697],[4.60505,51.11125],[4.61566,51.11681],[4.61354,51.13148]]]]}},{"type":"Feature","properties":{"refnis":12005},"geometry":{"type":"MultiPolygon","coordinates":[[[[4.51555,51.03484],[4.51583,51.04189],[4.52978,51.0469],[4.53313,51.04429],[4.56652,51.04088],[4.56352,51.03565],[4.57715,51.03576],[4.589,51.02888],[4.59685,51.03435],[4.62468,51.03182],[4.6347,51.0172],[4.62961,51.01046],[4.6057,51.01129],[4.60064,50.99449],[4.58568,50.99146],[4.57838,50.99623],[4.56975,50.99378],[4.56644,50.99961],[4.54812,51.00275],[4.53483,51.01945],[4.50767,51.02772],[4.51555,51.03484]]]]}},{"type":"Feature","properties":{"refnis":12007},"geometry":{"type":"MultiPolygon","coordinates":[[[[4.30683,51.1248],[4.31213,51.11525],[4.30821,51.10695],[4.32786,51.10156],[4.29882,51.08381],[4.28247,51.08549],[4.27065,51.08058],[4.25908,51.08105],[4.23461,51.07201],[4.22343,51.06034],[4.20118,51.06026],[4.19721,51.05773],[4.18628,51.06524],[4.18813,51.08261],[4.17264,51.09],[4.17578,51.10117],[4.19588,51.1095],[4.21324,51.12174],[4.23831,51.11603],[4.25269,51.11568],[4.28592,51.12375],[4.30683,51.1248]]]]}},{"type":"Feature","properties":{"refnis":12009},"geometry":{"type":"MultiPolygon","coordinates":[[[[4.46543,51.09302],[4.47872,51.1136],[4.4865,51.11567],[4.50672,51.11662],[4.50982,51.10098],[4.52374,51.10238],[4.52506,51.10811],[4.54886,51.11478],[4.56976,51.10538],[4.56538,51.0972],[4.57443,51.09178],[4.57273,51.08562],[4.55156,51.08827],[4.54857,51.08069],[4.53524,51.08887],[4.52005,51.08667],[4.51477,51.08113],[4.50251,51.07945],[4.48747,51.07255],[4.47995,51.07677],[4.47062,51.07315],[4.46476,51.07897],[4.47072,51.08445],[4.46543,51.09302]]]]}},{"type":"Feature","properties":{"refnis":12014},"geometry":{"type":"MultiPolygon","coordinates":[[[[4.81665,51.10394],[4.81163,51.08857],[4.78966,51.07944],[4.78039,51.08053],[4.76686,51.07033],[4.78106,51.06121],[4.793,51.06221],[4.7958,51.05593],[4.78924,51.03895],[4.77435,51.03487],[4.75828,51.02329],[4.75314,51.0241],[4.7381,51.02683],[4.73095,51.01999],[4.70968,51.01232],[4.70341,50.99994],[4.69541,50.99928],[4.70949,51.01359],[4.68984,51.01624],[4.68527,51.02409],[4.66061,51.03201],[4.66244,51.04294],[4.68257,51.04463],[4.67714,51.05586],[4.68731,51.0656],[4.68928,51.07284],[4.6732,51.08082],[4.67177,51.09171],[4.6962,51.09785],[4.70049,51.10668],[4.68717,51.12204],[4.71434,51.12598],[4.7352,51.11472],[4.74498,51.11639],[4.76124,51.1134],[4.76248,51.12484],[4.78588,51.12435],[4.81665,51.10394]]]]}},{"type":"Feature","properties":{"refnis":12021},"geometry":{"type":"MultiPolygon","coordinates":[[[[4.56488,51.16574],[4.57025,51.15348],[4.57915,51.14822],[4.60119,51.15487],[4.60365,51.13902],[4.61354,51.13148],[4.61566,51.11681],[4.60505,51.11125],[4.62557,51.10697],[4.63379,51.09789],[4.63426,51.08792],[4.64302,51.08619],[4.63623,51.07689],[4.63196,51.07271],[4.62131,51.07791],[4.62496,51.08206],[4.6123,51.0869],[4.61109,51.08072],[4.59995,51.07526],[4.59175,51.08166],[4.58218,51.07628],[4.56246,51.07477],[4.54857,51.08069],[4.55156,51.08827],[4.57273,51.08562],[4.57443,51.09178],[4.56538,51.0972],[4.56976,51.10538],[4.54886,51.11478],[4.52506,51.10811],[4.52374,51.10238],[4.50982,51.10098],[4.50672,51.11662],[4.52719,51.12969],[4.53237,51.13199],[4.52168,51.14749],[4.52404,51.15608],[4.53848,51.15768],[4.5375,51.16321],[4.55787,51.16263],[4.56488,51.16574]]]]}},{"type":"Feature","properties":{"refnis":12025},"geometry":{"type":"MultiPolygon","coordinates":[[[[4.46722,51.07289],[4.46305,51.05582],[4.46664,51.04957],[4.48228,51.05431],[4.48905,51.05175],[4.49594,51.04106],[4.50781,51.04039],[4.51555,51.03484],[4.50767,51.02772],[4.53483,51.01945],[4.54812,51.00275],[4.52869,50.99229],[4.49171,51.00935],[4.48621,51.00543],[4.48935,50.99619],[4.47944,50.99102],[4.46544,50.99313],[4.45373,51.00597],[4.41804,50.99599],[4.41769,50.9995],[4.40304,50.99947],[4.39544,50.99568],[4.38984,51.00574],[4.38988,51.01114],[4.37129,51.01221],[4.37307,51.02221],[4.38118,51.02937],[4.37368,51.0358],[4.38056,51.04659],[4.38654,51.04218],[4.40037,51.04866],[4.39143,51.05202],[4.40585,51.06187],[4.41891,51.05947],[4.42543,51.06542],[4.41966,51.07346],[4.43466,51.07832],[4.45244,51.07174],[4.46722,51.07289]]]]}},{"type":"Feature","properties":{"refnis":12026},"geometry":{"type":"MultiPolygon","coordinates":[[[[4.60119,51.15487],[4.62895,51.1663],[4.63637,51.17518],[4.65718,51.18081],[4.6944,51.17852],[4.70148,51.17761],[4.72029,51.15065],[4.71434,51.12598],[4.68717,51.12204],[4.67702,51.13164],[4.66438,51.13482],[4.64655,51.12554],[4.63318,51.12456],[4.61354,51.13148],[4.60365,51.13902],[4.60119,51.15487]]]]}},{"type":"Feature","properties":{"refnis":12029},"geometry":{"type":"MultiPolygon","coordinates":[[[[4.63623,51.07689],[4.65459,51.07521],[4.6732,51.08082],[4.68928,51.07284],[4.68731,51.0656],[4.67714,51.05586],[4.68257,51.04463],[4.66244,51.04294],[4.66061,51.03201],[4.68527,51.02409],[4.66215,51.01878],[4.6347,51.0172],[4.62468,51.03182],[4.59685,51.03435],[4.589,51.02888],[4.57715,51.03576],[4.56352,51.03565],[4.56652,51.04088],[4.60888,51.05553],[4.60437,51.06453],[4.6078,51.07027],[4.59995,51.07526],[4.61109,51.08072],[4.6123,51.0869],[4.62496,51.08206],[4.62131,51.07791],[4.63196,51.07271],[4.63623,51.07689]]]]}},{"type":"Feature","properties":{"refnis":12035},"geometry":{"type":"MultiPolygon","coordinates":[[[[4.59995,51.07526],[4.6078,51.07027],[4.60437,51.06453],[4.60888,51.05553],[4.56652,51.04088],[4.53313,51.04429],[4.52978,51.0469],[4.51583,51.04189],[4.51555,51.03484],[4.50781,51.04039],[4.49594,51.04106],[4.48905,51.05175],[4.48228,51.05431],[4.46664,51.04957],[4.46305,51.05582],[4.46722,51.07289],[4.47062,51.07315],[4.47995,51.07677],[4.48747,51.07255],[4.50251,51.07945],[4.51477,51.08113],[4.52005,51.08667],[4.53524,51.08887],[4.54857,51.08069],[4.56246,51.07477],[4.58218,51.07628],[4.59175,51.08166],[4.59995,51.07526]]]]}},{"type":"Feature","properties":{"refnis":12040},"geometry":{"type":"MultiPolygon","coordinates":[[[[4.36026,51.08441],[4.3852,51.08065],[4.40141,51.07465],[4.40769,51.07869],[4.41966,51.07346],[4.42543,51.06542],[4.41891,51.05947],[4.40585,51.06187],[4.39143,51.05202],[4.40037,51.04866],[4.38654,51.04218],[4.38056,51.04659],[4.37368,51.0358],[4.38118,51.02937],[4.36278,51.0225],[4.35741,51.01638],[4.3424,51.01695],[4.34726,51.0268],[4.32285,51.02671],[4.34647,51.07406],[4.36026,51.08441]]]]}},{"type":"Feature","properties":{"refnis":12041},"geometry":{"type":"MultiPolygon","coordinates":[[[[4.32786,51.10156],[4.34023,51.0951],[4.36026,51.08441],[4.34647,51.07406],[4.32285,51.02671],[4.30946,51.03645],[4.28073,51.0432],[4.26751,51.0416],[4.26552,51.03754],[4.24976,51.03442],[4.24097,51.03682],[4.2329,51.04327],[4.21349,51.03174],[4.19574,51.04012],[4.19007,51.03973],[4.18811,51.04767],[4.19721,51.05773],[4.20118,51.06026],[4.22343,51.06034],[4.23461,51.07201],[4.25908,51.08105],[4.27065,51.08058],[4.28247,51.08549],[4.29882,51.08381],[4.32786,51.10156]]]]}},{"type":"Feature","properties":{"refnis":13001},"geometry":{"type":"MultiPolygon","coordinates":[[[[5.13435,51.3155],[5.14041,51.29125],[5.11927,51.29549],[5.09794,51.29459],[5.07422,51.29704],[5.04941,51.29663],[5.05784,51.3012],[5.04647,51.31094],[5.0398,51.30944],[5.02947,51.32542],[5.04401,51.35273],[5.05364,51.3707],[5.07118,51.39349],[5.11656,51.36113],[5.13169,51.34704],[5.13435,51.3155]]]]}},{"type":"Feature","properties":{"refnis":13002},"geometry":{"type":"MultiPolygon","coordinates":[[[[4.82704,51.42238],[4.82817,51.42221],[4.84147,51.42245],[4.83649,51.41725],[4.82704,51.42238]]],[[[4.85972,51.41132],[4.85093,51.41176],[4.84632,51.4129],[4.85972,51.41132]]],[[[4.9118,51.39547],[4.90492,51.39363],[4.89672,51.40107],[4.88454,51.39998],[4.86775,51.40861],[4.86625,51.41144],[4.88293,51.41648],[4.9098,51.40743],[4.91016,51.40226],[4.92459,51.39688],[4.9118,51.39547]],[[4.86923,51.41179],[4.87238,51.4115],[4.8722,51.41292],[4.86923,51.41179]]],[[[4.92867,51.39604],[4.9279,51.39545],[4.92786,51.39544],[4.92867,51.39604]]],[[[4.83623,51.44804],[4.83576,51.44846],[4.83622,51.44879],[4.83623,51.44804]]],[[[4.84086,51.41745],[4.83875,51.41818],[4.84039,51.41886],[4.84086,51.41745]]],[[[4.86632,51.41318],[4.867,51.41439],[4.86782,51.41326],[4.86632,51.41318]]],[[[4.87483,51.41651],[4.87531,51.41606],[4.87364,51.41546],[4.87483,51.41651]]],[[[4.89144,51.42322],[4.88859,51.42469],[4.89012,51.42528],[4.89144,51.42322]]],[[[4.93997,51.43612],[4.94219,51.43646],[4.941,51.43464],[4.93997,51.43612]]],[[[4.93997,51.43612],[4.9397,51.43074],[4.91806,51.43528],[4.92237,51.44266],[4.93555,51.44635],[4.93997,51.43612]],[[4.9215,51.43925],[4.92475,51.43914],[4.92412,51.44185],[4.9215,51.43925]],[[4.93239,51.44003],[4.93064,51.43989],[4.93092,51.43878],[4.93239,51.44003]],[[4.93163,51.43717],[4.93069,51.43716],[4.93139,51.43661],[4.93163,51.43717]],[[4.93268,51.43647],[4.93133,51.43644],[4.93125,51.43466],[4.93268,51.43647]],[[4.9355,51.43349],[4.93411,51.43343],[4.93418,51.43195],[4.9355,51.43349]],[[4.93537,51.43752],[4.93546,51.43618],[4.9368,51.43627],[4.93537,51.43752]]],[[[4.91852,51.44344],[4.91815,51.44396],[4.91878,51.44403],[4.91852,51.44344]]],[[[4.92572,51.44491],[4.92417,51.44635],[4.92693,51.44536],[4.92572,51.44491]]],[[[4.9285,51.40511],[4.93579,51.4093],[4.93639,51.40534],[4.9285,51.40511]]],[[[4.92735,51.44857],[4.92815,51.44894],[4.92912,51.44812],[4.92735,51.44857]]],[[[4.93074,51.45043],[4.93181,51.44927],[4.92966,51.44941],[4.93074,51.45043]]],[[[4.93326,51.44828],[4.93407,51.4474],[4.93191,51.44666],[4.93326,51.44828]]],[[[4.93308,51.44953],[4.9524,51.45015],[4.93908,51.44635],[4.93308,51.44953]],[[4.9422,51.44949],[4.94165,51.44948],[4.94157,51.44794],[4.9422,51.44949]]],[[[4.94028,51.4418],[4.93921,51.44362],[4.93995,51.44376],[4.94028,51.4418]]],[[[4.93976,51.43976],[4.94143,51.43999],[4.94153,51.43973],[4.93976,51.43976]]],[[[4.94062,51.45532],[4.94072,51.45563],[4.94209,51.45524],[4.94062,51.45532]]],[[[4.94076,51.43931],[4.94227,51.43953],[4.94137,51.43795],[4.94076,51.43931]]],[[[4.94119,51.44488],[4.94098,51.44529],[4.94211,51.44555],[4.94119,51.44488]]],[[[4.94277,51.45333],[4.94493,51.45303],[4.94281,51.45274],[4.94277,51.45333]]],[[[4.94988,51.44365],[4.9458,51.44398],[4.94772,51.44574],[4.94988,51.44365]]],[[[4.94902,51.45376],[4.94875,51.45499],[4.94979,51.4543],[4.94902,51.45376]]]]}},{"type":"Feature","properties":{"refnis":13003},"geometry":{"type":"MultiPolygon","coordinates":[[[[5.21718,51.21141],[5.23872,51.20102],[5.26019,51.18382],[5.26134,51.15844],[5.26098,51.14697],[5.2352,51.13266],[5.23035,51.13395],[5.22508,51.13798],[5.20479,51.13968],[5.19923,51.12488],[5.18188,51.11819],[5.15143,51.11939],[5.13022,51.11659],[5.12339,51.12097],[5.12512,51.13477],[5.12142,51.14228],[5.09475,51.1369],[5.08872,51.14707],[5.09962,51.15885],[5.11766,51.16385],[5.13411,51.17743],[5.13308,51.18881],[5.14589,51.18612],[5.15553,51.1896],[5.1706,51.18854],[5.16085,51.20015],[5.19498,51.20266],[5.19601,51.19936],[5.18246,51.19057],[5.18494,51.18562],[5.20227,51.187],[5.22591,51.18599],[5.22632,51.19985],[5.21718,51.21141]]]]}},{"type":"Feature","properties":{"refnis":13004},"geometry":{"type":"MultiPolygon","coordinates":[[[[4.89596,51.33648],[4.88873,51.32583],[4.87451,51.32457],[4.86741,51.30706],[4.83852,51.29854],[4.83762,51.29237],[4.83245,51.2828],[4.81063,51.28824],[4.78076,51.28143],[4.77638,51.27316],[4.76795,51.2899],[4.77587,51.31264],[4.80846,51.34452],[4.8277,51.34457],[4.85843,51.33943],[4.89596,51.33648]]]]}},{"type":"Feature","properties":{"refnis":13006},"geometry":{"type":"MultiPolygon","coordinates":[[[[5.04985,51.2192],[5.05618,51.22338],[5.07711,51.24872],[5.0864,51.24751],[5.11623,51.26128],[5.13032,51.26192],[5.15905,51.26971],[5.17106,51.24863],[5.18555,51.24491],[5.1766,51.23722],[5.16622,51.23535],[5.1599,51.22571],[5.14465,51.22762],[5.14375,51.22445],[5.12546,51.22165],[5.10947,51.22941],[5.10607,51.22586],[5.0553,51.21872],[5.04985,51.2192]]]]}},{"type":"Feature","properties":{"refnis":13008},"geometry":{"type":"MultiPolygon","coordinates":[[[[5.07668,51.15348],[5.06225,51.14377],[5.03642,51.14943],[5.01407,51.14706],[5.0223,51.13896],[5.02809,51.11597],[4.99796,51.11019],[4.99081,51.10042],[4.9766,51.09694],[4.9644,51.08955],[4.95871,51.09217],[4.94156,51.08981],[4.93842,51.09125],[4.93074,51.10186],[4.94807,51.10676],[4.94022,51.11576],[4.93837,51.12734],[4.94623,51.12764],[4.94743,51.13478],[4.90449,51.14699],[4.92488,51.14903],[4.92667,51.15921],[4.90846,51.18505],[4.89468,51.19684],[4.91022,51.19901],[4.95432,51.21508],[4.96524,51.21575],[4.97883,51.2274],[4.99746,51.23333],[5.00325,51.23151],[5.01148,51.23854],[5.02287,51.24207],[5.02928,51.24197],[5.02361,51.22272],[5.04213,51.21847],[5.03536,51.19828],[5.04134,51.18546],[5.05303,51.17422],[5.07475,51.17148],[5.07668,51.15348]]]]}},{"type":"Feature","properties":{"refnis":13010},"geometry":{"type":"MultiPolygon","coordinates":[[[[4.77566,51.16133],[4.76434,51.16464],[4.76088,51.15951],[4.74597,51.15506],[4.7454,51.15065],[4.72029,51.15065],[4.70148,51.17761],[4.6944,51.17852],[4.69401,51.19438],[4.71227,51.19531],[4.72344,51.21069],[4.73056,51.21568],[4.74216,51.21103],[4.75395,51.19952],[4.76701,51.19892],[4.76249,51.1941],[4.7722,51.1866],[4.78453,51.18351],[4.79307,51.17283],[4.77566,51.16133]]]]}},{"type":"Feature","properties":{"refnis":13011},"geometry":{"type":"MultiPolygon","coordinates":[[[[4.88064,51.19578],[4.86894,51.19039],[4.87421,51.18115],[4.86753,51.17705],[4.86516,51.16622],[4.84317,51.15525],[4.8407,51.14654],[4.85099,51.14235],[4.85035,51.13599],[4.84735,51.11887],[4.83536,51.1161],[4.82758,51.10326],[4.81665,51.10394],[4.78588,51.12435],[4.79685,51.13259],[4.79956,51.13951],[4.81027,51.14323],[4.80488,51.15427],[4.7926,51.16192],[4.77566,51.16133],[4.79307,51.17283],[4.78453,51.18351],[4.80046,51.18685],[4.7896,51.19895],[4.79363,51.20111],[4.83257,51.20682],[4.85827,51.21597],[4.86316,51.20825],[4.88064,51.19578]]]]}},{"type":"Feature","properties":{"refnis":13012},"geometry":{"type":"MultiPolygon","coordinates":[[[[4.78588,51.12435],[4.76248,51.12484],[4.76124,51.1134],[4.74498,51.11639],[4.7352,51.11472],[4.71434,51.12598],[4.72029,51.15065],[4.7454,51.15065],[4.74597,51.15506],[4.76088,51.15951],[4.76434,51.16464],[4.77566,51.16133],[4.7926,51.16192],[4.80488,51.15427],[4.81027,51.14323],[4.79956,51.13951],[4.79685,51.13259],[4.78588,51.12435]]]]}},{"type":"Feature","properties":{"refnis":13013},"geometry":{"type":"MultiPolygon","coordinates":[[[[4.94156,51.08981],[4.94849,51.07943],[4.92852,51.06644],[4.93171,51.06287],[4.94606,51.06631],[4.95266,51.05659],[4.96819,51.05199],[4.96652,51.0461],[4.95382,51.03933],[4.93605,51.03636],[4.91141,51.03515],[4.90403,51.02544],[4.88259,51.01967],[4.87256,51.02368],[4.8432,51.01235],[4.82435,51.01307],[4.80995,51.01079],[4.81127,51.01938],[4.79901,51.02853],[4.81097,51.03783],[4.81681,51.05233],[4.83636,51.0527],[4.85863,51.0569],[4.86882,51.06228],[4.86488,51.07116],[4.88228,51.07733],[4.89,51.07634],[4.91346,51.08103],[4.92411,51.08913],[4.93842,51.09125],[4.94156,51.08981]]]]}},{"type":"Feature","properties":{"refnis":13014},"geometry":{"type":"MultiPolygon","coordinates":[[[[4.82817,51.42221],[4.82704,51.42238],[4.80567,51.42862],[4.79293,51.42856],[4.78658,51.43252],[4.76655,51.43048],[4.7689,51.41864],[4.78933,51.40899],[4.83933,51.41462],[4.84632,51.4129],[4.85093,51.41176],[4.82743,51.38154],[4.81245,51.38567],[4.7892,51.38789],[4.77461,51.38598],[4.76913,51.38884],[4.72826,51.38404],[4.71825,51.37552],[4.71699,51.38233],[4.71144,51.41032],[4.66969,51.42636],[4.66659,51.4444],[4.69309,51.45173],[4.70413,51.46539],[4.71691,51.46886],[4.7295,51.48419],[4.74656,51.4895],[4.74894,51.49668],[4.7738,51.50511],[4.78309,51.49952],[4.79797,51.4998],[4.81754,51.49298],[4.82114,51.48307],[4.84173,51.48083],[4.83517,51.45872],[4.82336,51.44862],[4.82817,51.42221]]]]}},{"type":"Feature","properties":{"refnis":13016},"geometry":{"type":"MultiPolygon","coordinates":[[[[4.86488,51.07116],[4.86882,51.06228],[4.85863,51.0569],[4.83636,51.0527],[4.81681,51.05233],[4.81097,51.03783],[4.79901,51.02853],[4.78924,51.03895],[4.7958,51.05593],[4.793,51.06221],[4.78106,51.06121],[4.76686,51.07033],[4.78039,51.08053],[4.78966,51.07944],[4.81163,51.08857],[4.81743,51.08779],[4.81537,51.07623],[4.82797,51.07593],[4.83563,51.06425],[4.85246,51.07123],[4.86488,51.07116]]]]}},{"type":"Feature","properties":{"refnis":13017},"geometry":{"type":"MultiPolygon","coordinates":[[[[4.98104,51.28298],[4.99495,51.28464],[5.01898,51.27603],[5.01654,51.26993],[5.02656,51.26982],[5.03225,51.26248],[5.03195,51.25139],[5.02287,51.24207],[5.01148,51.23854],[5.00325,51.23151],[4.99746,51.23333],[4.97883,51.2274],[4.96524,51.21575],[4.95432,51.21508],[4.91022,51.19901],[4.89468,51.19684],[4.88064,51.19578],[4.86316,51.20825],[4.87871,51.21543],[4.86807,51.22884],[4.87288,51.23655],[4.8617,51.23989],[4.87992,51.25128],[4.88421,51.26683],[4.89661,51.27332],[4.90678,51.28524],[4.9107,51.28686],[4.91733,51.27773],[4.94899,51.2624],[4.95507,51.27478],[4.97393,51.27702],[4.98104,51.28298]]]]}},{"type":"Feature","properties":{"refnis":13019},"geometry":{"type":"MultiPolygon","coordinates":[[[[4.83762,51.29237],[4.86014,51.29864],[4.87089,51.2986],[4.87453,51.29015],[4.90748,51.28971],[4.90678,51.28524],[4.89661,51.27332],[4.88421,51.26683],[4.87992,51.25128],[4.8617,51.23989],[4.87288,51.23655],[4.86807,51.22884],[4.87871,51.21543],[4.86316,51.20825],[4.85827,51.21597],[4.83257,51.20682],[4.83256,51.21556],[4.8212,51.21709],[4.80209,51.21468],[4.79941,51.22918],[4.77898,51.24361],[4.76131,51.2512],[4.77511,51.26782],[4.77638,51.27316],[4.78076,51.28143],[4.81063,51.28824],[4.83245,51.2828],[4.83762,51.29237]]]]}},{"type":"Feature","properties":{"refnis":13021},"geometry":{"type":"MultiPolygon","coordinates":[[[[5.09962,51.15885],[5.08872,51.14707],[5.09475,51.1369],[5.12142,51.14228],[5.12512,51.13477],[5.12339,51.12097],[5.13022,51.11659],[5.12658,51.10821],[5.10028,51.09376],[5.07194,51.10432],[5.05895,51.10108],[5.03184,51.09887],[5.02809,51.11597],[5.0223,51.13896],[5.01407,51.14706],[5.03642,51.14943],[5.06225,51.14377],[5.07668,51.15348],[5.0857,51.15955],[5.09962,51.15885]]]]}},{"type":"Feature","properties":{"refnis":13023},"geometry":{"type":"MultiPolygon","coordinates":[[[[4.86775,51.40861],[4.88454,51.39998],[4.89672,51.40107],[4.90492,51.39363],[4.93319,51.36715],[4.90104,51.34374],[4.89596,51.33648],[4.85843,51.33943],[4.8277,51.34457],[4.80846,51.34452],[4.81703,51.35045],[4.81607,51.36162],[4.82336,51.36638],[4.82743,51.38154],[4.85093,51.41176],[4.85972,51.41132],[4.86775,51.40861]]]]}},{"type":"Feature","properties":{"refnis":13025},"geometry":{"type":"MultiPolygon","coordinates":[[[[5.2371,51.26117],[5.21599,51.24703],[5.21463,51.22073],[5.21718,51.21141],[5.22632,51.19985],[5.22591,51.18599],[5.20227,51.187],[5.18494,51.18562],[5.18246,51.19057],[5.19601,51.19936],[5.19498,51.20266],[5.16085,51.20015],[5.1706,51.18854],[5.15553,51.1896],[5.14589,51.18612],[5.13308,51.18881],[5.13411,51.17743],[5.11766,51.16385],[5.09962,51.15885],[5.0857,51.15955],[5.07668,51.15348],[5.07475,51.17148],[5.05303,51.17422],[5.04134,51.18546],[5.03536,51.19828],[5.04213,51.21847],[5.04985,51.2192],[5.0553,51.21872],[5.10607,51.22586],[5.10947,51.22941],[5.12546,51.22165],[5.14375,51.22445],[5.14465,51.22762],[5.1599,51.22571],[5.16622,51.23535],[5.1766,51.23722],[5.18555,51.24491],[5.17106,51.24863],[5.15905,51.26971],[5.14753,51.29086],[5.14041,51.29125],[5.13435,51.3155],[5.16263,51.31032],[5.17306,51.31577],[5.20025,51.32266],[5.24219,51.30522],[5.22597,51.26826],[5.2371,51.26117]]]]}},{"type":"Feature","properties":{"refnis":13029},"geometry":{"type":"MultiPolygon","coordinates":[[[[4.90449,51.14699],[4.88551,51.1454],[4.86344,51.13638],[4.85035,51.13599],[4.85099,51.14235],[4.8407,51.14654],[4.84317,51.15525],[4.86516,51.16622],[4.86753,51.17705],[4.87421,51.18115],[4.86894,51.19039],[4.88064,51.19578],[4.89468,51.19684],[4.90846,51.18505],[4.92667,51.15921],[4.92488,51.14903],[4.90449,51.14699]]]]}},{"type":"Feature","properties":{"refnis":13031},"geometry":{"type":"MultiPolygon","coordinates":[[[[4.97402,51.36309],[4.98634,51.35424],[5.00261,51.35826],[5.04401,51.35273],[5.02947,51.32542],[5.0398,51.30944],[5.04647,51.31094],[5.05784,51.3012],[5.04941,51.29663],[5.03538,51.29479],[5.01898,51.27603],[4.99495,51.28464],[4.98104,51.28298],[4.98483,51.29042],[4.97505,51.29349],[4.96827,51.31093],[4.9703,51.33153],[4.96218,51.33871],[4.96455,51.35117],[4.96916,51.35289],[4.96559,51.36299],[4.97402,51.36309]]]]}},{"type":"Feature","properties":{"refnis":13035},"geometry":{"type":"MultiPolygon","coordinates":[[[[5.07118,51.39349],[5.05364,51.3707],[5.04401,51.35273],[5.00261,51.35826],[4.98634,51.35424],[4.97402,51.36309],[4.9816,51.37867],[4.97386,51.38289],[4.9279,51.39545],[4.92867,51.39604],[4.96323,51.42228],[4.99806,51.44035],[5.01035,51.45361],[5.00725,51.46438],[5.0108,51.47226],[5.0332,51.4873],[5.04021,51.48653],[5.03788,51.47935],[5.04569,51.47111],[5.07932,51.47132],[5.10461,51.43135],[5.09516,51.42222],[5.07118,51.39349]]]]}},{"type":"Feature","properties":{"refnis":13036},"geometry":{"type":"MultiPolygon","coordinates":[[[[5.14041,51.29125],[5.14753,51.29086],[5.15905,51.26971],[5.13032,51.26192],[5.11623,51.26128],[5.0864,51.24751],[5.07711,51.24872],[5.05618,51.22338],[5.04985,51.2192],[5.04213,51.21847],[5.02361,51.22272],[5.02928,51.24197],[5.02287,51.24207],[5.03195,51.25139],[5.03225,51.26248],[5.02656,51.26982],[5.01654,51.26993],[5.01898,51.27603],[5.03538,51.29479],[5.04941,51.29663],[5.07422,51.29704],[5.09794,51.29459],[5.11927,51.29549],[5.14041,51.29125]]]]}},{"type":"Feature","properties":{"refnis":13037},"geometry":{"type":"MultiPolygon","coordinates":[[[[4.82743,51.38154],[4.82336,51.36638],[4.81607,51.36162],[4.81703,51.35045],[4.80846,51.34452],[4.77587,51.31264],[4.71813,51.32684],[4.72354,51.35751],[4.71825,51.37552],[4.72826,51.38404],[4.76913,51.38884],[4.77461,51.38598],[4.7892,51.38789],[4.81245,51.38567],[4.82743,51.38154]]]]}},{"type":"Feature","properties":{"refnis":13040},"geometry":{"type":"MultiPolygon","coordinates":[[[[4.92786,51.39544],[4.9279,51.39545],[4.97386,51.38289],[4.9816,51.37867],[4.97402,51.36309],[4.96559,51.36299],[4.96916,51.35289],[4.96455,51.35117],[4.96218,51.33871],[4.9703,51.33153],[4.96827,51.31093],[4.97505,51.29349],[4.98483,51.29042],[4.98104,51.28298],[4.97393,51.27702],[4.95507,51.27478],[4.94899,51.2624],[4.91733,51.27773],[4.9107,51.28686],[4.90928,51.29522],[4.91435,51.3026],[4.90744,51.30943],[4.91098,51.31633],[4.90142,51.32214],[4.89112,51.321],[4.88873,51.32583],[4.89596,51.33648],[4.90104,51.34374],[4.93319,51.36715],[4.90492,51.39363],[4.9118,51.39547],[4.92786,51.39544]]]]}},{"type":"Feature","properties":{"refnis":13044},"geometry":{"type":"MultiPolygon","coordinates":[[[[4.76131,51.2512],[4.77898,51.24361],[4.79941,51.22918],[4.80209,51.21468],[4.8212,51.21709],[4.83256,51.21556],[4.83257,51.20682],[4.79363,51.20111],[4.7896,51.19895],[4.80046,51.18685],[4.78453,51.18351],[4.7722,51.1866],[4.76249,51.1941],[4.76701,51.19892],[4.75395,51.19952],[4.74216,51.21103],[4.73056,51.21568],[4.72635,51.22871],[4.73261,51.2408],[4.73866,51.23767],[4.74214,51.24501],[4.74264,51.24524],[4.75,51.24375],[4.76131,51.2512]]]]}},{"type":"Feature","properties":{"refnis":13046},"geometry":{"type":"MultiPolygon","coordinates":[[[[4.9107,51.28686],[4.90678,51.28524],[4.90748,51.28971],[4.87453,51.29015],[4.87089,51.2986],[4.86014,51.29864],[4.83762,51.29237],[4.83852,51.29854],[4.86741,51.30706],[4.87451,51.32457],[4.88873,51.32583],[4.89112,51.321],[4.90142,51.32214],[4.91098,51.31633],[4.90744,51.30943],[4.91435,51.3026],[4.90928,51.29522],[4.9107,51.28686]]]]}},{"type":"Feature","properties":{"refnis":13049},"geometry":{"type":"MultiPolygon","coordinates":[[[[4.93842,51.09125],[4.92411,51.08913],[4.91346,51.08103],[4.89,51.07634],[4.88228,51.07733],[4.86488,51.07116],[4.85246,51.07123],[4.83563,51.06425],[4.82797,51.07593],[4.81537,51.07623],[4.81743,51.08779],[4.81163,51.08857],[4.81665,51.10394],[4.82758,51.10326],[4.83536,51.1161],[4.84735,51.11887],[4.85035,51.13599],[4.86344,51.13638],[4.88551,51.1454],[4.90449,51.14699],[4.94743,51.13478],[4.94623,51.12764],[4.93837,51.12734],[4.94022,51.11576],[4.94807,51.10676],[4.93074,51.10186],[4.93842,51.09125]]]]}},{"type":"Feature","properties":{"refnis":13053},"geometry":{"type":"MultiPolygon","coordinates":[[[[5.02809,51.11597],[5.03184,51.09887],[5.05895,51.10108],[5.07194,51.10432],[5.10028,51.09376],[5.09493,51.0854],[5.07453,51.08278],[5.03495,51.07374],[5.01071,51.07395],[5.00869,51.05737],[4.9976,51.05385],[4.98156,51.03492],[4.97149,51.03689],[4.96652,51.0461],[4.96819,51.05199],[4.95266,51.05659],[4.94606,51.06631],[4.93171,51.06287],[4.92852,51.06644],[4.94849,51.07943],[4.94156,51.08981],[4.95871,51.09217],[4.9644,51.08955],[4.9766,51.09694],[4.99081,51.10042],[4.99796,51.11019],[5.02809,51.11597]]]]}},{"type":"Feature","properties":{"refnis":21001},"geometry":{"type":"MultiPolygon","coordinates":[[[[4.2846,50.84506],[4.31028,50.85032],[4.33073,50.84397],[4.33564,50.84815],[4.34025,50.84017],[4.32596,50.83053],[4.30645,50.81244],[4.30037,50.81286],[4.28277,50.80714],[4.27299,50.81215],[4.25999,50.81109],[4.25632,50.81741],[4.24492,50.81778],[4.25316,50.82515],[4.2547,50.83355],[4.28294,50.83785],[4.2846,50.84506]]]]}},{"type":"Feature","properties":{"refnis":21002},"geometry":{"type":"MultiPolygon","coordinates":[[[[4.39605,50.82574],[4.40436,50.82704],[4.4179,50.82163],[4.42814,50.82625],[4.44064,50.82057],[4.45466,50.81842],[4.44718,50.8083],[4.48056,50.79425],[4.47027,50.78976],[4.45532,50.79197],[4.45114,50.79876],[4.44352,50.79756],[4.42947,50.80378],[4.42847,50.80987],[4.40632,50.81502],[4.39804,50.8133],[4.40297,50.82076],[4.39605,50.82574]]]]}},{"type":"Feature","properties":{"refnis":21003},"geometry":{"type":"MultiPolygon","coordinates":[[[[4.2914,50.87529],[4.31406,50.86714],[4.30706,50.86431],[4.30409,50.85803],[4.28977,50.85584],[4.28034,50.85991],[4.27926,50.86571],[4.28863,50.87344],[4.2914,50.87529]]]]}},{"type":"Feature","properties":{"refnis":21004},"geometry":{"type":"MultiPolygon","coordinates":[[[[4.31379,50.89331],[4.33092,50.90092],[4.36048,50.90119],[4.37822,50.89728],[4.38776,50.90994],[4.40347,50.9139],[4.41423,50.91153],[4.41572,50.90612],[4.43279,50.89473],[4.42704,50.89089],[4.43706,50.87878],[4.42734,50.87747],[4.42588,50.87206],[4.41068,50.87697],[4.402,50.88593],[4.38839,50.88106],[4.36109,50.8688],[4.35719,50.86031],[4.35525,50.8562],[4.36838,50.85255],[4.36957,50.84712],[4.38405,50.85142],[4.39603,50.84341],[4.39333,50.83794],[4.37983,50.83699],[4.37597,50.8398],[4.35597,50.83588],[4.35633,50.83473],[4.36642,50.82941],[4.37912,50.81384],[4.38259,50.81585],[4.39046,50.80216],[4.3969,50.80175],[4.40081,50.79636],[4.37538,50.79973],[4.36812,50.81487],[4.36722,50.82299],[4.35832,50.83063],[4.35517,50.83556],[4.34296,50.833],[4.34025,50.84017],[4.33564,50.84815],[4.34839,50.86285],[4.34052,50.87136],[4.33704,50.88697],[4.32999,50.88518],[4.32344,50.8941],[4.31379,50.89331]]]]}},{"type":"Feature","properties":{"refnis":21005},"geometry":{"type":"MultiPolygon","coordinates":[[[[4.39603,50.84341],[4.40005,50.84365],[4.40612,50.83839],[4.41219,50.83046],[4.40436,50.82704],[4.39605,50.82574],[4.38956,50.82247],[4.37998,50.83008],[4.37983,50.83699],[4.39333,50.83794],[4.39603,50.84341]]]]}},{"type":"Feature","properties":{"refnis":21006},"geometry":{"type":"MultiPolygon","coordinates":[[[[4.42588,50.87206],[4.42663,50.86287],[4.41178,50.85204],[4.39683,50.8675],[4.38839,50.88106],[4.402,50.88593],[4.41068,50.87697],[4.42588,50.87206]]]]}},{"type":"Feature","properties":{"refnis":21007},"geometry":{"type":"MultiPolygon","coordinates":[[[[4.32596,50.83053],[4.34454,50.82112],[4.35363,50.82058],[4.34792,50.81429],[4.33731,50.8111],[4.31183,50.79757],[4.30203,50.80416],[4.30645,50.81244],[4.32596,50.83053]]]]}},{"type":"Feature","properties":{"refnis":21008},"geometry":{"type":"MultiPolygon","coordinates":[[[[4.29826,50.8821],[4.31966,50.88024],[4.32524,50.86668],[4.31406,50.86714],[4.2914,50.87529],[4.29826,50.8821]]]]}},{"type":"Feature","properties":{"refnis":21009},"geometry":{"type":"MultiPolygon","coordinates":[[[[4.36812,50.81487],[4.34792,50.81429],[4.35363,50.82058],[4.35832,50.83063],[4.36722,50.82299],[4.36812,50.81487]]],[[[4.35633,50.83473],[4.35687,50.83496],[4.35597,50.83588],[4.37597,50.8398],[4.37983,50.83699],[4.37998,50.83008],[4.38956,50.82247],[4.39605,50.82574],[4.40297,50.82076],[4.39804,50.8133],[4.3969,50.80175],[4.39046,50.80216],[4.38259,50.81585],[4.37912,50.81384],[4.36642,50.82941],[4.35633,50.83473]]]]}},{"type":"Feature","properties":{"refnis":21010},"geometry":{"type":"MultiPolygon","coordinates":[[[[4.3008,50.89074],[4.31379,50.89331],[4.32344,50.8941],[4.32999,50.88518],[4.33704,50.88697],[4.34052,50.87136],[4.33237,50.86454],[4.32524,50.86668],[4.31966,50.88024],[4.29826,50.8821],[4.29376,50.88904],[4.3008,50.89074]]]]}},{"type":"Feature","properties":{"refnis":21011},"geometry":{"type":"MultiPolygon","coordinates":[[[[4.32524,50.86668],[4.33237,50.86454],[4.33773,50.85947],[4.30706,50.86431],[4.31406,50.86714],[4.32524,50.86668]]]]}},{"type":"Feature","properties":{"refnis":21012},"geometry":{"type":"MultiPolygon","coordinates":[[[[4.28977,50.85584],[4.30409,50.85803],[4.30706,50.86431],[4.33773,50.85947],[4.33237,50.86454],[4.34052,50.87136],[4.34839,50.86285],[4.33564,50.84815],[4.33073,50.84397],[4.31028,50.85032],[4.2846,50.84506],[4.28322,50.85354],[4.28977,50.85584]]]]}},{"type":"Feature","properties":{"refnis":21013},"geometry":{"type":"MultiPolygon","coordinates":[[[[4.34025,50.84017],[4.34296,50.833],[4.35517,50.83556],[4.35832,50.83063],[4.35363,50.82058],[4.34454,50.82112],[4.32596,50.83053],[4.34025,50.84017]]],[[[4.35597,50.83588],[4.35633,50.83473],[4.35687,50.83496],[4.35597,50.83588]]]]}},{"type":"Feature","properties":{"refnis":21014},"geometry":{"type":"MultiPolygon","coordinates":[[[[4.35719,50.86031],[4.38405,50.85142],[4.36957,50.84712],[4.36838,50.85255],[4.35525,50.8562],[4.35719,50.86031]]]]}},{"type":"Feature","properties":{"refnis":21015},"geometry":{"type":"MultiPolygon","coordinates":[[[[4.38839,50.88106],[4.39683,50.8675],[4.41178,50.85204],[4.40005,50.84365],[4.39603,50.84341],[4.38405,50.85142],[4.35719,50.86031],[4.36109,50.8688],[4.38839,50.88106]]]]}},{"type":"Feature","properties":{"refnis":21016},"geometry":{"type":"MultiPolygon","coordinates":[[[[4.40081,50.79636],[4.39703,50.78823],[4.41261,50.77232],[4.38293,50.76368],[4.38265,50.76873],[4.36355,50.77124],[4.34714,50.77549],[4.33121,50.77551],[4.32575,50.77984],[4.31772,50.79504],[4.31183,50.79757],[4.33731,50.8111],[4.34792,50.81429],[4.36812,50.81487],[4.37538,50.79973],[4.40081,50.79636]]]]}},{"type":"Feature","properties":{"refnis":21017},"geometry":{"type":"MultiPolygon","coordinates":[[[[4.41261,50.77232],[4.39703,50.78823],[4.40081,50.79636],[4.3969,50.80175],[4.39804,50.8133],[4.40632,50.81502],[4.42847,50.80987],[4.42947,50.80378],[4.44352,50.79756],[4.45114,50.79876],[4.45532,50.79197],[4.47027,50.78976],[4.45164,50.78268],[4.43459,50.77648],[4.4168,50.77337],[4.41261,50.77232]]]]}},{"type":"Feature","properties":{"refnis":21018},"geometry":{"type":"MultiPolygon","coordinates":[[[[4.45787,50.85277],[4.46178,50.84879],[4.44813,50.84288],[4.4548,50.83988],[4.43451,50.83475],[4.434,50.83964],[4.40612,50.83839],[4.40005,50.84365],[4.41178,50.85204],[4.42663,50.86287],[4.43912,50.86045],[4.45787,50.85277]]]]}},{"type":"Feature","properties":{"refnis":21019},"geometry":{"type":"MultiPolygon","coordinates":[[[[4.40612,50.83839],[4.434,50.83964],[4.43451,50.83475],[4.4548,50.83988],[4.44813,50.84288],[4.46178,50.84879],[4.46708,50.84463],[4.46574,50.83554],[4.47673,50.8204],[4.45466,50.81842],[4.44064,50.82057],[4.42814,50.82625],[4.4179,50.82163],[4.40436,50.82704],[4.41219,50.83046],[4.40612,50.83839]]]]}},{"type":"Feature","properties":{"refnis":23002},"geometry":{"type":"MultiPolygon","coordinates":[[[[4.16246,50.93231],[4.18407,50.94266],[4.20232,50.93439],[4.21474,50.9429],[4.22644,50.94335],[4.22675,50.93399],[4.23842,50.92389],[4.24784,50.92113],[4.269,50.90894],[4.27781,50.91289],[4.28868,50.9078],[4.3008,50.89074],[4.29376,50.88904],[4.29826,50.8821],[4.2914,50.87529],[4.28863,50.87344],[4.26755,50.88257],[4.24576,50.88177],[4.21939,50.89018],[4.21352,50.88638],[4.19528,50.88822],[4.18788,50.88536],[4.17629,50.88974],[4.15975,50.88629],[4.14915,50.88866],[4.14411,50.90675],[4.1496,50.91303],[4.139,50.91697],[4.14475,50.92531],[4.16246,50.93231]]]]}},{"type":"Feature","properties":{"refnis":23003},"geometry":{"type":"MultiPolygon","coordinates":[[[[4.31099,50.71362],[4.3007,50.71496],[4.28657,50.72384],[4.2816,50.71939],[4.27328,50.72452],[4.27806,50.73381],[4.25919,50.75323],[4.26557,50.76192],[4.2567,50.76782],[4.27353,50.78113],[4.2948,50.7736],[4.30531,50.77579],[4.30763,50.78205],[4.32571,50.7797],[4.32492,50.77052],[4.35217,50.75626],[4.3559,50.75709],[4.33542,50.74087],[4.3233,50.73606],[4.32158,50.71979],[4.31372,50.72027],[4.31099,50.71362]]]]}},{"type":"Feature","properties":{"refnis":23009},"geometry":{"type":"MultiPolygon","coordinates":[[[[3.90965,50.69248],[3.91348,50.69875],[3.9016,50.70794],[3.88924,50.71237],[3.89693,50.72921],[3.89568,50.73302],[3.90601,50.72905],[3.91319,50.73291],[3.91972,50.72752],[3.93427,50.73078],[3.94364,50.72912],[3.94726,50.71905],[3.95828,50.72273],[3.97374,50.7117],[3.96961,50.69986],[3.95878,50.68958],[3.93133,50.68946],[3.92557,50.69542],[3.90965,50.69248]]]]}},{"type":"Feature","properties":{"refnis":23016},"geometry":{"type":"MultiPolygon","coordinates":[[[[4.28863,50.87344],[4.27926,50.86571],[4.28034,50.85991],[4.28977,50.85584],[4.28322,50.85354],[4.2846,50.84506],[4.28294,50.83785],[4.2547,50.83355],[4.25316,50.82515],[4.24492,50.81778],[4.24415,50.81262],[4.23223,50.81559],[4.22467,50.82618],[4.21163,50.81469],[4.2056,50.82609],[4.17758,50.83304],[4.16604,50.84184],[4.18931,50.84847],[4.20671,50.86903],[4.20419,50.88101],[4.18788,50.88536],[4.19528,50.88822],[4.21352,50.88638],[4.21939,50.89018],[4.24576,50.88177],[4.26755,50.88257],[4.28863,50.87344]]]]}},{"type":"Feature","properties":{"refnis":23025},"geometry":{"type":"MultiPolygon","coordinates":[[[[4.35355,50.96864],[4.36531,50.98315],[4.38018,50.9904],[4.39215,50.98215],[4.40608,50.98829],[4.41062,50.98073],[4.40757,50.97027],[4.41913,50.96867],[4.41275,50.9622],[4.41574,50.95445],[4.42639,50.94653],[4.41955,50.94242],[4.41315,50.92701],[4.40563,50.927],[4.39484,50.91969],[4.36832,50.91598],[4.36048,50.90119],[4.33092,50.90092],[4.31856,50.91082],[4.33896,50.92073],[4.34712,50.93158],[4.34399,50.93711],[4.35325,50.94591],[4.34434,50.95679],[4.35355,50.96864]]]]}},{"type":"Feature","properties":{"refnis":23027},"geometry":{"type":"MultiPolygon","coordinates":[[[[4.17209,50.72162],[4.18746,50.72287],[4.19778,50.72925],[4.18415,50.74346],[4.18346,50.74788],[4.20247,50.74527],[4.1885,50.76006],[4.1896,50.76931],[4.21167,50.77812],[4.21734,50.75777],[4.22366,50.74949],[4.24882,50.7555],[4.25919,50.75323],[4.27806,50.73381],[4.27328,50.72452],[4.2816,50.71939],[4.28657,50.72384],[4.3007,50.71496],[4.31099,50.71362],[4.30796,50.70022],[4.29035,50.69408],[4.28447,50.69809],[4.26158,50.70043],[4.24629,50.68953],[4.23135,50.69884],[4.20483,50.70897],[4.18205,50.70666],[4.17209,50.72162]]]]}},{"type":"Feature","properties":{"refnis":23033},"geometry":{"type":"MultiPolygon","coordinates":[[[[4.4168,50.77337],[4.43459,50.77648],[4.45164,50.78268],[4.4591,50.77726],[4.47562,50.78106],[4.48574,50.77687],[4.48683,50.76792],[4.5089,50.7681],[4.51107,50.76269],[4.49411,50.75716],[4.48549,50.75182],[4.46112,50.75409],[4.42413,50.73587],[4.41424,50.73516],[4.40507,50.75879],[4.42398,50.76493],[4.4168,50.77337]]]]}},{"type":"Feature","properties":{"refnis":23038},"geometry":{"type":"MultiPolygon","coordinates":[[[[4.52525,50.97056],[4.53986,50.96667],[4.55986,50.9673],[4.56624,50.95863],[4.59241,50.9653],[4.6039,50.95911],[4.61885,50.95425],[4.61702,50.9447],[4.61762,50.93559],[4.60404,50.93487],[4.59389,50.93263],[4.58626,50.92074],[4.56288,50.91333],[4.55838,50.91447],[4.53261,50.90976],[4.53414,50.91747],[4.52676,50.91849],[4.51301,50.93233],[4.51783,50.94373],[4.5174,50.9557],[4.52525,50.97056]]]]}},{"type":"Feature","properties":{"refnis":23039},"geometry":{"type":"MultiPolygon","coordinates":[[[[4.32285,51.02671],[4.34726,51.0268],[4.3424,51.01695],[4.35741,51.01638],[4.36278,51.0225],[4.38118,51.02937],[4.37307,51.02221],[4.37129,51.01221],[4.38988,51.01114],[4.38984,51.00574],[4.3694,51.00032],[4.38018,50.9904],[4.36531,50.98315],[4.35355,50.96864],[4.34205,50.97527],[4.34991,50.97846],[4.33323,51.00087],[4.32881,51.01388],[4.3195,51.02008],[4.32285,51.02671]]]]}},{"type":"Feature","properties":{"refnis":23044},"geometry":{"type":"MultiPolygon","coordinates":[[[[4.08939,50.88891],[4.1062,50.88451],[4.10821,50.87564],[4.11685,50.86974],[4.11555,50.86294],[4.12633,50.85689],[4.1088,50.85603],[4.09818,50.85054],[4.09318,50.8559],[4.06839,50.85218],[4.05902,50.85481],[4.06637,50.8657],[4.08018,50.87133],[4.08939,50.88891]]]]}},{"type":"Feature","properties":{"refnis":23045},"geometry":{"type":"MultiPolygon","coordinates":[[[[4.32285,51.02671],[4.3195,51.02008],[4.32881,51.01388],[4.33323,51.00087],[4.3213,51.00438],[4.31294,50.99483],[4.29072,50.98674],[4.28307,50.98107],[4.27081,50.98239],[4.27261,50.97401],[4.25502,50.97562],[4.22903,50.99852],[4.23424,51.00682],[4.22118,51.01416],[4.23611,51.01797],[4.24097,51.03682],[4.24976,51.03442],[4.26552,51.03754],[4.26751,51.0416],[4.28073,51.0432],[4.30946,51.03645],[4.32285,51.02671]]]]}},{"type":"Feature","properties":{"refnis":23047},"geometry":{"type":"MultiPolygon","coordinates":[[[[4.46565,50.92175],[4.45783,50.90778],[4.46712,50.90536],[4.46973,50.89874],[4.44969,50.87968],[4.43706,50.87878],[4.42704,50.89089],[4.43279,50.89473],[4.41572,50.90612],[4.43041,50.92161],[4.43783,50.91899],[4.4586,50.92427],[4.46565,50.92175]]]]}},{"type":"Feature","properties":{"refnis":23050},"geometry":{"type":"MultiPolygon","coordinates":[[[[4.33323,51.00087],[4.34991,50.97846],[4.34205,50.97527],[4.35355,50.96864],[4.34434,50.95679],[4.35325,50.94591],[4.34399,50.93711],[4.34712,50.93158],[4.33896,50.92073],[4.32871,50.92746],[4.3018,50.9223],[4.28954,50.93784],[4.29587,50.94091],[4.27655,50.95066],[4.28388,50.95499],[4.27122,50.96856],[4.27261,50.97401],[4.27081,50.98239],[4.28307,50.98107],[4.29072,50.98674],[4.31294,50.99483],[4.3213,51.00438],[4.33323,51.00087]]]]}},{"type":"Feature","properties":{"refnis":23052},"geometry":{"type":"MultiPolygon","coordinates":[[[[4.22903,50.99852],[4.25502,50.97562],[4.27261,50.97401],[4.27122,50.96856],[4.28388,50.95499],[4.27655,50.95066],[4.29587,50.94091],[4.28954,50.93784],[4.3018,50.9223],[4.27781,50.91289],[4.269,50.90894],[4.24784,50.92113],[4.23842,50.92389],[4.22675,50.93399],[4.22644,50.94335],[4.21474,50.9429],[4.20232,50.93439],[4.18407,50.94266],[4.18762,50.9503],[4.19555,50.94004],[4.20404,50.94975],[4.22048,50.95327],[4.2253,50.96267],[4.21391,50.97264],[4.2024,50.97126],[4.19909,50.98],[4.19069,50.98281],[4.21501,50.98883],[4.22903,50.99852]]]]}},{"type":"Feature","properties":{"refnis":23060},"geometry":{"type":"MultiPolygon","coordinates":[[[[4.14704,50.9693],[4.15714,50.97805],[4.15609,50.98597],[4.16383,50.98897],[4.19069,50.98281],[4.19909,50.98],[4.2024,50.97126],[4.21391,50.97264],[4.2253,50.96267],[4.22048,50.95327],[4.20404,50.94975],[4.19555,50.94004],[4.18762,50.9503],[4.18407,50.94266],[4.16246,50.93231],[4.15342,50.93891],[4.16259,50.94292],[4.15661,50.95384],[4.14285,50.96541],[4.14704,50.9693]]]]}},{"type":"Feature","properties":{"refnis":23062},"geometry":{"type":"MultiPolygon","coordinates":[[[[4.56758,50.80876],[4.57035,50.79856],[4.55523,50.79164],[4.57281,50.78264],[4.57844,50.78478],[4.58158,50.77366],[4.6082,50.77456],[4.6134,50.77277],[4.59721,50.76357],[4.57855,50.75677],[4.57358,50.7483],[4.56237,50.74471],[4.55635,50.74879],[4.54247,50.74214],[4.52496,50.73842],[4.53238,50.73365],[4.52408,50.72733],[4.50926,50.73129],[4.51263,50.73213],[4.4918,50.74324],[4.50155,50.7538],[4.49411,50.75716],[4.51107,50.76269],[4.5089,50.7681],[4.48683,50.76792],[4.48574,50.77687],[4.47562,50.78106],[4.4591,50.77726],[4.45164,50.78268],[4.47027,50.78976],[4.48056,50.79425],[4.49228,50.79843],[4.5321,50.80258],[4.53483,50.79678],[4.54126,50.80159],[4.5517,50.8016],[4.56758,50.80876]]]]}},{"type":"Feature","properties":{"refnis":23064},"geometry":{"type":"MultiPolygon","coordinates":[[[[4.13445,50.71622],[4.11639,50.7127],[4.11146,50.71667],[4.09734,50.70788],[4.10047,50.70595],[4.08545,50.71194],[4.07208,50.71176],[4.08194,50.72445],[4.09347,50.72657],[4.12196,50.74972],[4.14337,50.75403],[4.13575,50.76822],[4.15237,50.77356],[4.14587,50.78014],[4.1734,50.78889],[4.19042,50.78646],[4.18496,50.78381],[4.18921,50.77637],[4.17394,50.76857],[4.1896,50.76931],[4.1885,50.76006],[4.20247,50.74527],[4.18346,50.74788],[4.18415,50.74346],[4.19778,50.72925],[4.18746,50.72287],[4.17209,50.72162],[4.15635,50.72907],[4.15285,50.72476],[4.14239,50.72897],[4.13445,50.71622]]]]}},{"type":"Feature","properties":{"refnis":23077},"geometry":{"type":"MultiPolygon","coordinates":[[[[4.24492,50.81778],[4.25632,50.81741],[4.25999,50.81109],[4.27299,50.81215],[4.28277,50.80714],[4.30037,50.81286],[4.30075,50.80178],[4.28854,50.79636],[4.3037,50.7947],[4.31344,50.78777],[4.30763,50.78205],[4.30531,50.77579],[4.2948,50.7736],[4.27353,50.78113],[4.2567,50.76782],[4.26557,50.76192],[4.25919,50.75323],[4.24882,50.7555],[4.22366,50.74949],[4.21734,50.75777],[4.21167,50.77812],[4.1896,50.76931],[4.17394,50.76857],[4.18921,50.77637],[4.18496,50.78381],[4.19042,50.78646],[4.20676,50.79548],[4.20357,50.80494],[4.21163,50.81469],[4.22467,50.82618],[4.23223,50.81559],[4.24415,50.81262],[4.24492,50.81778]]]]}},{"type":"Feature","properties":{"refnis":23081},"geometry":{"type":"MultiPolygon","coordinates":[[[[4.5174,50.9557],[4.51783,50.94373],[4.51301,50.93233],[4.52676,50.91849],[4.53414,50.91747],[4.53261,50.90976],[4.53413,50.89636],[4.51509,50.89007],[4.50565,50.89345],[4.49921,50.88954],[4.49379,50.90237],[4.46973,50.89874],[4.46712,50.90536],[4.45783,50.90778],[4.46565,50.92175],[4.47982,50.92506],[4.4766,50.93425],[4.48699,50.94566],[4.48414,50.95543],[4.51101,50.95883],[4.5174,50.9557]]]]}},{"type":"Feature","properties":{"refnis":23086},"geometry":{"type":"MultiPolygon","coordinates":[[[[4.14915,50.88866],[4.15975,50.88629],[4.17629,50.88974],[4.18788,50.88536],[4.20419,50.88101],[4.20671,50.86903],[4.18931,50.84847],[4.16604,50.84184],[4.14846,50.84322],[4.14494,50.85178],[4.14892,50.85632],[4.12633,50.85689],[4.11555,50.86294],[4.11685,50.86974],[4.10821,50.87564],[4.1062,50.88451],[4.11613,50.88571],[4.14047,50.88323],[4.14915,50.88866]]]]}},{"type":"Feature","properties":{"refnis":23088},"geometry":{"type":"MultiPolygon","coordinates":[[[[4.48414,50.95543],[4.48699,50.94566],[4.4766,50.93425],[4.47982,50.92506],[4.46565,50.92175],[4.4586,50.92427],[4.43783,50.91899],[4.43041,50.92161],[4.41572,50.90612],[4.41423,50.91153],[4.40347,50.9139],[4.38776,50.90994],[4.37822,50.89728],[4.36048,50.90119],[4.36832,50.91598],[4.39484,50.91969],[4.40563,50.927],[4.41315,50.92701],[4.41955,50.94242],[4.42639,50.94653],[4.4465,50.95301],[4.45241,50.95207],[4.47578,50.95929],[4.48414,50.95543]]]]}},{"type":"Feature","properties":{"refnis":23094},"geometry":{"type":"MultiPolygon","coordinates":[[[[4.51509,50.89007],[4.52669,50.87051],[4.53419,50.86783],[4.52653,50.86316],[4.52885,50.85128],[4.53639,50.84444],[4.52165,50.83485],[4.50963,50.83841],[4.50727,50.84781],[4.49753,50.85736],[4.4807,50.86086],[4.47467,50.86551],[4.44974,50.86704],[4.45787,50.85277],[4.43912,50.86045],[4.42663,50.86287],[4.42588,50.87206],[4.42734,50.87747],[4.43706,50.87878],[4.44969,50.87968],[4.46973,50.89874],[4.49379,50.90237],[4.49921,50.88954],[4.50565,50.89345],[4.51509,50.89007]]]]}},{"type":"Feature","properties":{"refnis":23096},"geometry":{"type":"MultiPolygon","coordinates":[[[[4.52869,50.99229],[4.51248,50.98035],[4.52525,50.97056],[4.5174,50.9557],[4.51101,50.95883],[4.48414,50.95543],[4.47578,50.95929],[4.45241,50.95207],[4.4465,50.95301],[4.42639,50.94653],[4.41574,50.95445],[4.41275,50.9622],[4.41913,50.96867],[4.40757,50.97027],[4.41062,50.98073],[4.40608,50.98829],[4.39215,50.98215],[4.38018,50.9904],[4.3694,51.00032],[4.38984,51.00574],[4.39544,50.99568],[4.40304,50.99947],[4.41769,50.9995],[4.41804,50.99599],[4.45373,51.00597],[4.46544,50.99313],[4.47944,50.99102],[4.48935,50.99619],[4.48621,51.00543],[4.49171,51.00935],[4.52869,50.99229]]]]}},{"type":"Feature","properties":{"refnis":23097},"geometry":{"type":"MultiPolygon","coordinates":[[[[4.07466,50.81351],[4.06682,50.83491],[4.0483,50.83252],[4.04066,50.83769],[4.05161,50.84189],[4.05902,50.85481],[4.06839,50.85218],[4.09318,50.8559],[4.09818,50.85054],[4.1088,50.85603],[4.12633,50.85689],[4.14892,50.85632],[4.14494,50.85178],[4.14846,50.84322],[4.1419,50.83737],[4.13729,50.84307],[4.1253,50.83376],[4.11165,50.83292],[4.10968,50.82738],[4.12032,50.82354],[4.12516,50.81527],[4.09357,50.81208],[4.0876,50.81642],[4.07466,50.81351]]]]}},{"type":"Feature","properties":{"refnis":23098},"geometry":{"type":"MultiPolygon","coordinates":[[[[4.30037,50.81286],[4.30645,50.81244],[4.30203,50.80416],[4.31183,50.79757],[4.31772,50.79504],[4.32575,50.77984],[4.32571,50.7797],[4.30763,50.78205],[4.31344,50.78777],[4.3037,50.7947],[4.28854,50.79636],[4.30075,50.80178],[4.30037,50.81286]]]]}},{"type":"Feature","properties":{"refnis":23099},"geometry":{"type":"MultiPolygon","coordinates":[[[[4.4807,50.86086],[4.48116,50.8552],[4.47041,50.84094],[4.48467,50.83354],[4.48741,50.82763],[4.49291,50.82144],[4.47673,50.8204],[4.46574,50.83554],[4.46708,50.84463],[4.46178,50.84879],[4.45787,50.85277],[4.44974,50.86704],[4.47467,50.86551],[4.4807,50.86086]]]]}},{"type":"Feature","properties":{"refnis":23100},"geometry":{"type":"MultiPolygon","coordinates":[[[[4.3559,50.75709],[4.35217,50.75626],[4.32492,50.77052],[4.32571,50.7797],[4.32575,50.77984],[4.33121,50.77551],[4.34714,50.77549],[4.36355,50.77124],[4.36749,50.76748],[4.3559,50.75709]]]]}},{"type":"Feature","properties":{"refnis":23101},"geometry":{"type":"MultiPolygon","coordinates":[[[[4.32158,50.71979],[4.3233,50.73606],[4.33542,50.74087],[4.3559,50.75709],[4.36749,50.76748],[4.36355,50.77124],[4.38265,50.76873],[4.38293,50.76368],[4.41261,50.77232],[4.4168,50.77337],[4.42398,50.76493],[4.40507,50.75879],[4.41424,50.73516],[4.37186,50.7295],[4.37273,50.71622],[4.35848,50.71603],[4.3515,50.7151],[4.34007,50.73187],[4.33436,50.73439],[4.32713,50.71515],[4.32158,50.71979]]]]}},{"type":"Feature","properties":{"refnis":23102},"geometry":{"type":"MultiPolygon","coordinates":[[[[4.27781,50.91289],[4.3018,50.9223],[4.32871,50.92746],[4.33896,50.92073],[4.31856,50.91082],[4.33092,50.90092],[4.31379,50.89331],[4.3008,50.89074],[4.28868,50.9078],[4.27781,50.91289]]]]}},{"type":"Feature","properties":{"refnis":23103},"geometry":{"type":"MultiPolygon","coordinates":[[[[4.50963,50.83841],[4.5016,50.82598],[4.49381,50.83175],[4.48741,50.82763],[4.48467,50.83354],[4.47041,50.84094],[4.48116,50.8552],[4.4807,50.86086],[4.49753,50.85736],[4.50727,50.84781],[4.50963,50.83841]]]]}},{"type":"Feature","properties":{"refnis":23104},"geometry":{"type":"MultiPolygon","coordinates":[[[[4.12516,50.81527],[4.12032,50.82354],[4.10968,50.82738],[4.11165,50.83292],[4.1253,50.83376],[4.13729,50.84307],[4.1419,50.83737],[4.14846,50.84322],[4.16604,50.84184],[4.17758,50.83304],[4.2056,50.82609],[4.21163,50.81469],[4.20357,50.80494],[4.20676,50.79548],[4.19042,50.78646],[4.1734,50.78889],[4.14587,50.78014],[4.13677,50.78538],[4.13637,50.79148],[4.14529,50.79522],[4.13032,50.80291],[4.12516,50.81527]]]]}},{"type":"Feature","properties":{"refnis":23105},"geometry":{"type":"MultiPolygon","coordinates":[[[[4.139,50.91697],[4.1496,50.91303],[4.14411,50.90675],[4.14915,50.88866],[4.14047,50.88323],[4.11613,50.88571],[4.1062,50.88451],[4.08939,50.88891],[4.07424,50.8994],[4.10111,50.90998],[4.0921,50.91607],[4.0891,50.92646],[4.09599,50.93246],[4.12088,50.92334],[4.1359,50.92094],[4.139,50.91697]]]]}},{"type":"Feature","properties":{"refnis":23106},"geometry":{"type":"MultiPolygon","coordinates":[[[[3.95878,50.68958],[3.96961,50.69986],[3.97374,50.7117],[3.95828,50.72273],[3.94726,50.71905],[3.94364,50.72912],[3.95416,50.73744],[3.94788,50.73998],[3.94533,50.74976],[3.93332,50.74628],[3.93101,50.75841],[3.94161,50.77264],[3.96011,50.77972],[3.97208,50.77558],[3.96857,50.76685],[3.9856,50.76619],[4.00204,50.77915],[4.01463,50.77124],[4.02694,50.78201],[4.03678,50.77732],[4.04047,50.78273],[4.05312,50.78411],[4.06782,50.80032],[4.07466,50.81351],[4.0876,50.81642],[4.09357,50.81208],[4.12516,50.81527],[4.13032,50.80291],[4.14529,50.79522],[4.13637,50.79148],[4.13677,50.78538],[4.14587,50.78014],[4.15237,50.77356],[4.13575,50.76822],[4.14337,50.75403],[4.12196,50.74972],[4.09347,50.72657],[4.08194,50.72445],[4.07208,50.71176],[4.05874,50.69449],[4.04751,50.70161],[4.03207,50.69393],[4.01712,50.69392],[4.00995,50.69942],[3.99011,50.68767],[3.96508,50.6897],[3.95878,50.68958]]]]}},{"type":"Feature","properties":{"refnis":24001},"geometry":{"type":"MultiPolygon","coordinates":[[[[4.93605,51.03636],[4.93232,51.02906],[4.92995,51.00369],[4.91915,50.9987],[4.90607,50.99836],[4.91295,50.98297],[4.92435,50.98346],[4.93346,50.96031],[4.91783,50.95789],[4.91641,50.9631],[4.9042,50.95537],[4.8687,50.95621],[4.83487,50.96323],[4.79846,50.95418],[4.78386,50.95341],[4.78006,50.97172],[4.77396,50.97823],[4.79787,50.97924],[4.81188,50.98978],[4.80418,50.99876],[4.80324,51.01078],[4.80995,51.01079],[4.82435,51.01307],[4.8432,51.01235],[4.87256,51.02368],[4.88259,51.01967],[4.90403,51.02544],[4.91141,51.03515],[4.93605,51.03636]]]]}},{"type":"Feature","properties":{"refnis":24007},"geometry":{"type":"MultiPolygon","coordinates":[[[[4.80995,51.01079],[4.80324,51.01078],[4.80418,50.99876],[4.81188,50.98978],[4.79787,50.97924],[4.77396,50.97823],[4.75691,50.98238],[4.75672,50.9888],[4.77315,50.9933],[4.76939,51.00832],[4.75314,51.0241],[4.75828,51.02329],[4.77435,51.03487],[4.78924,51.03895],[4.79901,51.02853],[4.81127,51.01938],[4.80995,51.01079]]]]}},{"type":"Feature","properties":{"refnis":24008},"geometry":{"type":"MultiPolygon","coordinates":[[[[5.02183,50.96423],[5.0338,50.9692],[5.02706,50.95929],[5.04207,50.94283],[5.04529,50.93244],[5.00996,50.92456],[5.01212,50.93031],[4.98845,50.9246],[4.97823,50.91649],[4.9773,50.90186],[4.97207,50.9],[4.9562,50.89972],[4.93961,50.89286],[4.91969,50.91371],[4.92642,50.92392],[4.95188,50.92982],[4.94589,50.94633],[4.93346,50.96031],[4.96437,50.96282],[4.97516,50.96846],[4.97604,50.96238],[4.98813,50.95427],[5.0077,50.96302],[5.02183,50.96423]]]]}},{"type":"Feature","properties":{"refnis":24009},"geometry":{"type":"MultiPolygon","coordinates":[[[[4.65997,50.84736],[4.64625,50.83902],[4.64489,50.83107],[4.63413,50.83269],[4.62185,50.82813],[4.60729,50.82987],[4.60308,50.83521],[4.59156,50.82743],[4.59419,50.82184],[4.58657,50.81839],[4.5804,50.82983],[4.55614,50.84617],[4.55221,50.8559],[4.605,50.86821],[4.61467,50.87963],[4.60873,50.88918],[4.63613,50.88886],[4.64939,50.87847],[4.64404,50.87484],[4.64602,50.8612],[4.64102,50.85291],[4.64941,50.84792],[4.65451,50.85258],[4.65997,50.84736]]]]}},{"type":"Feature","properties":{"refnis":24011},"geometry":{"type":"MultiPolygon","coordinates":[[[[4.76004,50.87296],[4.76626,50.87565],[4.78685,50.86453],[4.79153,50.85777],[4.80798,50.85919],[4.81011,50.8585],[4.81108,50.84614],[4.79603,50.84699],[4.81568,50.83539],[4.80681,50.83452],[4.79826,50.8194],[4.81945,50.80354],[4.79646,50.79547],[4.79065,50.79873],[4.76008,50.80668],[4.7478,50.80712],[4.72776,50.79775],[4.71549,50.78892],[4.7092,50.79333],[4.69885,50.78938],[4.69117,50.79188],[4.69141,50.79716],[4.70874,50.80103],[4.70671,50.80813],[4.73808,50.81067],[4.73086,50.82328],[4.73909,50.82285],[4.7466,50.83379],[4.74187,50.84269],[4.73444,50.85702],[4.76004,50.87296]]]]}},{"type":"Feature","properties":{"refnis":24014},"geometry":{"type":"MultiPolygon","coordinates":[[[[4.54812,51.00275],[4.56644,50.99961],[4.56975,50.99378],[4.57838,50.99623],[4.58568,50.99146],[4.58898,50.98226],[4.60267,50.97037],[4.61289,50.96832],[4.6039,50.95911],[4.59241,50.9653],[4.56624,50.95863],[4.55986,50.9673],[4.53986,50.96667],[4.52525,50.97056],[4.51248,50.98035],[4.52869,50.99229],[4.54812,51.00275]]]]}},{"type":"Feature","properties":{"refnis":24016},"geometry":{"type":"MultiPolygon","coordinates":[[[[4.85747,50.81351],[4.85684,50.80199],[4.84407,50.80458],[4.82656,50.80125],[4.82042,50.79411],[4.81307,50.79549],[4.80053,50.79038],[4.79646,50.79547],[4.81945,50.80354],[4.79826,50.8194],[4.80681,50.83452],[4.81568,50.83539],[4.79603,50.84699],[4.81108,50.84614],[4.81011,50.8585],[4.81408,50.85269],[4.85059,50.86168],[4.85286,50.86785],[4.8743,50.87229],[4.88119,50.8613],[4.8959,50.85205],[4.89944,50.84859],[4.87322,50.84128],[4.87852,50.83376],[4.87316,50.82636],[4.85175,50.82176],[4.85747,50.81351]]]]}},{"type":"Feature","properties":{"refnis":24020},"geometry":{"type":"MultiPolygon","coordinates":[[[[5.12159,51.04758],[5.14672,51.03037],[5.15964,51.02416],[5.12986,51.01505],[5.11527,51.0192],[5.12444,50.99774],[5.11692,50.9988],[5.07877,50.9827],[5.08525,50.97007],[5.07571,50.95902],[5.05814,50.954],[5.05256,50.94553],[5.04207,50.94283],[5.02706,50.95929],[5.0338,50.9692],[5.02183,50.96423],[5.01181,50.98405],[5.01881,50.99016],[5.0022,50.99335],[4.99475,51.00295],[5.0067,51.014],[5.02223,51.01991],[5.04366,51.02443],[5.05581,51.02186],[5.05821,51.01545],[5.08339,51.02384],[5.07796,51.0428],[5.0868,51.04969],[5.12159,51.04758]]]]}},{"type":"Feature","properties":{"refnis":24028},"geometry":{"type":"MultiPolygon","coordinates":[[[[5.18668,50.89375],[5.17922,50.88614],[5.17917,50.87914],[5.16959,50.87238],[5.15508,50.87951],[5.1553,50.86947],[5.15044,50.85799],[5.14845,50.85806],[5.11467,50.86934],[5.11371,50.87932],[5.09102,50.86901],[5.07573,50.88147],[5.06546,50.88467],[5.07581,50.89243],[5.0741,50.89723],[5.08871,50.89993],[5.09203,50.90898],[5.10977,50.91659],[5.13233,50.92179],[5.13537,50.91403],[5.1569,50.91174],[5.16954,50.91362],[5.18458,50.90757],[5.18668,50.89375]]]]}},{"type":"Feature","properties":{"refnis":24033},"geometry":{"type":"MultiPolygon","coordinates":[[[[4.58568,50.99146],[4.60064,50.99449],[4.63952,50.99082],[4.64447,50.9854],[4.65349,50.98731],[4.66227,50.98969],[4.66995,50.98599],[4.676,50.96624],[4.67019,50.96494],[4.68619,50.95366],[4.68947,50.94407],[4.67125,50.93592],[4.67092,50.93207],[4.64518,50.92452],[4.63759,50.93839],[4.63784,50.94556],[4.61702,50.9447],[4.61885,50.95425],[4.6039,50.95911],[4.61289,50.96832],[4.60267,50.97037],[4.58898,50.98226],[4.58568,50.99146]]]]}},{"type":"Feature","properties":{"refnis":24038},"geometry":{"type":"MultiPolygon","coordinates":[[[[4.61702,50.9447],[4.63784,50.94556],[4.63759,50.93839],[4.64518,50.92452],[4.67092,50.93207],[4.67125,50.93592],[4.68522,50.92665],[4.7026,50.92002],[4.69379,50.91882],[4.69317,50.89936],[4.67722,50.88957],[4.66806,50.87987],[4.64939,50.87847],[4.63613,50.88886],[4.60873,50.88918],[4.59831,50.89309],[4.61104,50.90626],[4.60222,50.91967],[4.60404,50.93487],[4.61762,50.93559],[4.61702,50.9447]]]]}},{"type":"Feature","properties":{"refnis":24041},"geometry":{"type":"MultiPolygon","coordinates":[[[[4.95326,50.75209],[4.92565,50.7428],[4.91941,50.74788],[4.90619,50.74976],[4.90914,50.75639],[4.90258,50.76052],[4.90828,50.76952],[4.89975,50.77261],[4.88553,50.76277],[4.87679,50.76682],[4.86096,50.76386],[4.84659,50.768],[4.83516,50.76276],[4.83123,50.77049],[4.83855,50.77289],[4.82833,50.77721],[4.8122,50.77621],[4.8074,50.78691],[4.80053,50.79038],[4.81307,50.79549],[4.82042,50.79411],[4.82656,50.80125],[4.84407,50.80458],[4.85684,50.80199],[4.85747,50.81351],[4.91049,50.78742],[4.93063,50.77381],[4.95326,50.75209]]]]}},{"type":"Feature","properties":{"refnis":24043},"geometry":{"type":"MultiPolygon","coordinates":[[[[4.8687,50.95621],[4.87205,50.9506],[4.85221,50.94254],[4.85498,50.93745],[4.84276,50.93084],[4.84425,50.91642],[4.84866,50.91112],[4.81557,50.90668],[4.79783,50.89688],[4.78986,50.90973],[4.77012,50.90636],[4.76061,50.90781],[4.74807,50.90882],[4.72895,50.90631],[4.71572,50.90917],[4.71591,50.91472],[4.74586,50.92567],[4.74348,50.93608],[4.78492,50.9363],[4.78324,50.94452],[4.7974,50.94694],[4.79846,50.95418],[4.83487,50.96323],[4.8687,50.95621]]]]}},{"type":"Feature","properties":{"refnis":24045},"geometry":{"type":"MultiPolygon","coordinates":[[[[4.64489,50.83107],[4.64127,50.82509],[4.64623,50.8172],[4.63426,50.80916],[4.63231,50.79834],[4.64187,50.79877],[4.64662,50.7913],[4.64323,50.77889],[4.63623,50.77242],[4.64726,50.75908],[4.65516,50.75484],[4.64143,50.74522],[4.6203,50.74344],[4.60508,50.74103],[4.5983,50.74563],[4.60112,50.75553],[4.59721,50.76357],[4.6134,50.77277],[4.6082,50.77456],[4.58158,50.77366],[4.57844,50.78478],[4.57281,50.78264],[4.55523,50.79164],[4.57035,50.79856],[4.56758,50.80876],[4.56904,50.81236],[4.58657,50.81839],[4.59419,50.82184],[4.59156,50.82743],[4.60308,50.83521],[4.60729,50.82987],[4.62185,50.82813],[4.63413,50.83269],[4.64489,50.83107]]]]}},{"type":"Feature","properties":{"refnis":24048},"geometry":{"type":"MultiPolygon","coordinates":[[[[4.68527,51.02409],[4.68984,51.01624],[4.70949,51.01359],[4.69541,50.99928],[4.69218,50.99474],[4.66989,50.99603],[4.6557,50.99385],[4.65349,50.98731],[4.64447,50.9854],[4.63952,50.99082],[4.60064,50.99449],[4.6057,51.01129],[4.62961,51.01046],[4.6347,51.0172],[4.66215,51.01878],[4.68527,51.02409]]]]}},{"type":"Feature","properties":{"refnis":24054},"geometry":{"type":"MultiPolygon","coordinates":[[[[5.05932,50.8607],[5.03417,50.85601],[5.03094,50.86829],[5.02107,50.85806],[4.99842,50.84617],[4.98798,50.84793],[4.99341,50.85193],[4.97956,50.85999],[4.97554,50.86699],[4.98675,50.87396],[4.9692,50.88475],[4.97771,50.887],[4.97207,50.9],[4.9773,50.90186],[4.97823,50.91649],[4.98845,50.9246],[5.01212,50.93031],[5.00996,50.92456],[5.04529,50.93244],[5.05127,50.92319],[5.06358,50.91637],[5.07807,50.92128],[5.09203,50.90898],[5.08871,50.89993],[5.0741,50.89723],[5.07581,50.89243],[5.06546,50.88467],[5.04339,50.87481],[5.05932,50.8607]]]]}},{"type":"Feature","properties":{"refnis":24055},"geometry":{"type":"MultiPolygon","coordinates":[[[[4.53261,50.90976],[4.55838,50.91447],[4.56288,50.91333],[4.58626,50.92074],[4.59389,50.93263],[4.60404,50.93487],[4.60222,50.91967],[4.61104,50.90626],[4.59831,50.89309],[4.60873,50.88918],[4.61467,50.87963],[4.605,50.86821],[4.55221,50.8559],[4.53419,50.86783],[4.52669,50.87051],[4.51509,50.89007],[4.53413,50.89636],[4.53261,50.90976]]]]}},{"type":"Feature","properties":{"refnis":24059},"geometry":{"type":"MultiPolygon","coordinates":[[[[5.11706,50.76416],[5.10811,50.75687],[5.1017,50.74114],[5.12145,50.73547],[5.11478,50.73067],[5.10349,50.70916],[5.09586,50.70335],[5.07538,50.70906],[5.07038,50.70647],[5.06217,50.71586],[5.05645,50.7157],[5.04413,50.72342],[5.04813,50.73905],[5.01957,50.75077],[5.00335,50.76597],[4.98649,50.76924],[4.99037,50.77425],[4.98394,50.78011],[4.99789,50.79105],[5.01269,50.79479],[5.04365,50.78965],[5.04036,50.78193],[5.05511,50.77603],[5.06797,50.78296],[5.07791,50.79377],[5.09187,50.79063],[5.09105,50.78282],[5.10659,50.77905],[5.11706,50.76416]]]]}},{"type":"Feature","properties":{"refnis":24062},"geometry":{"type":"MultiPolygon","coordinates":[[[[4.74348,50.93608],[4.74586,50.92567],[4.71591,50.91472],[4.71572,50.90917],[4.72895,50.90631],[4.74807,50.90882],[4.76061,50.90781],[4.75112,50.8879],[4.76975,50.88965],[4.77043,50.88511],[4.76004,50.87296],[4.73444,50.85702],[4.74187,50.84269],[4.70893,50.84487],[4.69706,50.83334],[4.69143,50.83474],[4.68565,50.826],[4.66643,50.82423],[4.67486,50.82903],[4.67032,50.83317],[4.67663,50.84717],[4.66793,50.85215],[4.65997,50.84736],[4.65451,50.85258],[4.64941,50.84792],[4.64102,50.85291],[4.64602,50.8612],[4.64404,50.87484],[4.64939,50.87847],[4.66806,50.87987],[4.67722,50.88957],[4.69317,50.89936],[4.69379,50.91882],[4.7026,50.92002],[4.68522,50.92665],[4.67125,50.93592],[4.68947,50.94407],[4.70476,50.94352],[4.7106,50.9391],[4.71096,50.92852],[4.73125,50.939],[4.74348,50.93608]]]]}},{"type":"Feature","properties":{"refnis":24066},"geometry":{"type":"MultiPolygon","coordinates":[[[[4.84866,50.91112],[4.85543,50.89663],[4.87234,50.89327],[4.87929,50.88518],[4.89141,50.89269],[4.89165,50.88838],[4.90603,50.88722],[4.91109,50.88027],[4.90556,50.86959],[4.91034,50.86426],[4.8959,50.85205],[4.88119,50.8613],[4.8743,50.87229],[4.85286,50.86785],[4.85059,50.86168],[4.81408,50.85269],[4.81011,50.8585],[4.80798,50.85919],[4.79153,50.85777],[4.78685,50.86453],[4.76626,50.87565],[4.76004,50.87296],[4.77043,50.88511],[4.76975,50.88965],[4.75112,50.8879],[4.76061,50.90781],[4.77012,50.90636],[4.78986,50.90973],[4.79783,50.89688],[4.81557,50.90668],[4.84866,50.91112]]]]}},{"type":"Feature","properties":{"refnis":24086},"geometry":{"type":"MultiPolygon","coordinates":[[[[4.74187,50.84269],[4.7466,50.83379],[4.73909,50.82285],[4.73086,50.82328],[4.73808,50.81067],[4.70671,50.80813],[4.70874,50.80103],[4.69141,50.79716],[4.69117,50.79188],[4.65937,50.79328],[4.64187,50.79877],[4.63231,50.79834],[4.63426,50.80916],[4.64623,50.8172],[4.64127,50.82509],[4.64489,50.83107],[4.64625,50.83902],[4.65997,50.84736],[4.66793,50.85215],[4.67663,50.84717],[4.67032,50.83317],[4.67486,50.82903],[4.66643,50.82423],[4.68565,50.826],[4.69143,50.83474],[4.69706,50.83334],[4.70893,50.84487],[4.74187,50.84269]]]]}},{"type":"Feature","properties":{"refnis":24094},"geometry":{"type":"MultiPolygon","coordinates":[[[[4.77396,50.97823],[4.78006,50.97172],[4.78386,50.95341],[4.79846,50.95418],[4.7974,50.94694],[4.78324,50.94452],[4.78492,50.9363],[4.74348,50.93608],[4.73125,50.939],[4.71096,50.92852],[4.7106,50.9391],[4.70476,50.94352],[4.68947,50.94407],[4.68619,50.95366],[4.67019,50.96494],[4.676,50.96624],[4.66995,50.98599],[4.69489,50.9828],[4.69621,50.97942],[4.72764,50.98454],[4.74794,50.98052],[4.75691,50.98238],[4.77396,50.97823]]]]}},{"type":"Feature","properties":{"refnis":24104},"geometry":{"type":"MultiPolygon","coordinates":[[[[4.53419,50.86783],[4.55221,50.8559],[4.55614,50.84617],[4.5804,50.82983],[4.58657,50.81839],[4.56904,50.81236],[4.56758,50.80876],[4.5517,50.8016],[4.54126,50.80159],[4.53483,50.79678],[4.5321,50.80258],[4.49228,50.79843],[4.48056,50.79425],[4.44718,50.8083],[4.45466,50.81842],[4.47673,50.8204],[4.49291,50.82144],[4.48741,50.82763],[4.49381,50.83175],[4.5016,50.82598],[4.50963,50.83841],[4.52165,50.83485],[4.53639,50.84444],[4.52885,50.85128],[4.52653,50.86316],[4.53419,50.86783]]]]}},{"type":"Feature","properties":{"refnis":24107},"geometry":{"type":"MultiPolygon","coordinates":[[[[4.98649,50.76924],[4.96853,50.76724],[4.95326,50.75209],[4.93063,50.77381],[4.91049,50.78742],[4.85747,50.81351],[4.85175,50.82176],[4.87316,50.82636],[4.87852,50.83376],[4.87322,50.84128],[4.89944,50.84859],[4.8959,50.85205],[4.91034,50.86426],[4.9165,50.85472],[4.93206,50.85787],[4.92689,50.85175],[4.92945,50.8442],[4.94086,50.83273],[4.95738,50.83568],[4.98165,50.84903],[4.98798,50.84793],[4.99842,50.84617],[5.01346,50.84146],[5.01952,50.82169],[4.99791,50.81817],[4.99879,50.80315],[5.01269,50.79479],[4.99789,50.79105],[4.98394,50.78011],[4.99037,50.77425],[4.98649,50.76924]]]]}},{"type":"Feature","properties":{"refnis":24109},"geometry":{"type":"MultiPolygon","coordinates":[[[[4.75314,51.0241],[4.76939,51.00832],[4.77315,50.9933],[4.75672,50.9888],[4.75691,50.98238],[4.74794,50.98052],[4.72764,50.98454],[4.69621,50.97942],[4.69489,50.9828],[4.66995,50.98599],[4.66227,50.98969],[4.65349,50.98731],[4.6557,50.99385],[4.66989,50.99603],[4.69218,50.99474],[4.69541,50.99928],[4.70341,50.99994],[4.70968,51.01232],[4.73095,51.01999],[4.7381,51.02683],[4.75314,51.0241]]]]}},{"type":"Feature","properties":{"refnis":24130},"geometry":{"type":"MultiPolygon","coordinates":[[[[5.10659,50.77905],[5.09105,50.78282],[5.09187,50.79063],[5.07791,50.79377],[5.07242,50.79399],[5.07312,50.80409],[5.08503,50.81037],[5.08501,50.81566],[5.07054,50.81937],[5.07662,50.82331],[5.06527,50.83539],[5.06969,50.84759],[5.05932,50.8607],[5.04339,50.87481],[5.06546,50.88467],[5.07573,50.88147],[5.09102,50.86901],[5.11371,50.87932],[5.11467,50.86934],[5.14845,50.85806],[5.13707,50.84809],[5.14453,50.84517],[5.13579,50.83499],[5.13823,50.82504],[5.13048,50.81457],[5.14274,50.80905],[5.14312,50.80417],[5.13266,50.79208],[5.11743,50.79256],[5.10659,50.77905]]]]}},{"type":"Feature","properties":{"refnis":24133},"geometry":{"type":"MultiPolygon","coordinates":[[[[5.07791,50.79377],[5.06797,50.78296],[5.05511,50.77603],[5.04036,50.78193],[5.04365,50.78965],[5.01269,50.79479],[4.99879,50.80315],[4.99791,50.81817],[5.01952,50.82169],[5.01346,50.84146],[4.99842,50.84617],[5.02107,50.85806],[5.03094,50.86829],[5.03417,50.85601],[5.05932,50.8607],[5.06969,50.84759],[5.06527,50.83539],[5.07662,50.82331],[5.07054,50.81937],[5.08501,50.81566],[5.08503,50.81037],[5.07312,50.80409],[5.07242,50.79399],[5.07791,50.79377]]]]}},{"type":"Feature","properties":{"refnis":24134},"geometry":{"type":"MultiPolygon","coordinates":[[[[4.96652,51.0461],[4.97149,51.03689],[4.98156,51.03492],[4.98437,51.03069],[5.00948,51.0389],[5.02223,51.01991],[5.0067,51.014],[4.99475,51.00295],[5.0022,50.99335],[5.01881,50.99016],[5.01181,50.98405],[5.02183,50.96423],[5.0077,50.96302],[4.98813,50.95427],[4.97604,50.96238],[4.97516,50.96846],[4.96437,50.96282],[4.93346,50.96031],[4.92435,50.98346],[4.91295,50.98297],[4.90607,50.99836],[4.91915,50.9987],[4.92995,51.00369],[4.93232,51.02906],[4.93605,51.03636],[4.95382,51.03933],[4.96652,51.0461]]]]}},{"type":"Feature","properties":{"refnis":24135},"geometry":{"type":"MultiPolygon","coordinates":[[[[4.93346,50.96031],[4.94589,50.94633],[4.95188,50.92982],[4.92642,50.92392],[4.91969,50.91371],[4.93961,50.89286],[4.92645,50.8838],[4.91109,50.88027],[4.90603,50.88722],[4.89165,50.88838],[4.89141,50.89269],[4.87929,50.88518],[4.87234,50.89327],[4.85543,50.89663],[4.84866,50.91112],[4.84425,50.91642],[4.84276,50.93084],[4.85498,50.93745],[4.85221,50.94254],[4.87205,50.9506],[4.8687,50.95621],[4.9042,50.95537],[4.91641,50.9631],[4.91783,50.95789],[4.93346,50.96031]]]]}},{"type":"Feature","properties":{"refnis":24137},"geometry":{"type":"MultiPolygon","coordinates":[[[[4.93961,50.89286],[4.9562,50.89972],[4.97207,50.9],[4.97771,50.887],[4.9692,50.88475],[4.98675,50.87396],[4.97554,50.86699],[4.97956,50.85999],[4.99341,50.85193],[4.98798,50.84793],[4.98165,50.84903],[4.95738,50.83568],[4.94086,50.83273],[4.92945,50.8442],[4.92689,50.85175],[4.93206,50.85787],[4.9165,50.85472],[4.91034,50.86426],[4.90556,50.86959],[4.91109,50.88027],[4.92645,50.8838],[4.93961,50.89286]]]]}},{"type":"Feature","properties":{"refnis":25005},"geometry":{"type":"MultiPolygon","coordinates":[[[[4.80053,50.79038],[4.8074,50.78691],[4.8122,50.77621],[4.82833,50.77721],[4.83855,50.77289],[4.83123,50.77049],[4.81293,50.75851],[4.80803,50.7512],[4.78902,50.75793],[4.77447,50.73987],[4.76457,50.74852],[4.7434,50.7475],[4.74307,50.75501],[4.72142,50.76733],[4.7202,50.77318],[4.70447,50.77704],[4.69885,50.78938],[4.7092,50.79333],[4.71549,50.78892],[4.72776,50.79775],[4.7478,50.80712],[4.76008,50.80668],[4.79065,50.79873],[4.79646,50.79547],[4.80053,50.79038]]]]}},{"type":"Feature","properties":{"refnis":25014},"geometry":{"type":"MultiPolygon","coordinates":[[[[4.31866,50.63211],[4.32429,50.63496],[4.30082,50.65024],[4.31225,50.66102],[4.32554,50.66625],[4.33267,50.6891],[4.3173,50.69257],[4.30796,50.70022],[4.31099,50.71362],[4.31372,50.72027],[4.32158,50.71979],[4.32713,50.71515],[4.33436,50.73439],[4.34007,50.73187],[4.3515,50.7151],[4.35848,50.71603],[4.35506,50.71141],[4.36631,50.70077],[4.3854,50.70518],[4.39698,50.701],[4.39101,50.68631],[4.40732,50.6894],[4.40013,50.68125],[4.41209,50.67964],[4.39467,50.67033],[4.39588,50.66103],[4.40429,50.65619],[4.40079,50.64398],[4.38884,50.63889],[4.37565,50.62896],[4.36116,50.62624],[4.3362,50.63103],[4.33011,50.63538],[4.31866,50.63211]]]]}},{"type":"Feature","properties":{"refnis":25015},"geometry":{"type":"MultiPolygon","coordinates":[[[[4.23761,50.67768],[4.24629,50.68953],[4.26158,50.70043],[4.28447,50.69809],[4.29035,50.69408],[4.30796,50.70022],[4.3173,50.69257],[4.33267,50.6891],[4.32554,50.66625],[4.31225,50.66102],[4.30337,50.66756],[4.28436,50.66585],[4.2791,50.66015],[4.2698,50.66213],[4.25774,50.65883],[4.24387,50.66298],[4.23761,50.67768]]]]}},{"type":"Feature","properties":{"refnis":25018},"geometry":{"type":"MultiPolygon","coordinates":[[[[4.66622,50.65255],[4.64809,50.66225],[4.62985,50.67529],[4.62512,50.6842],[4.63352,50.68863],[4.64694,50.70446],[4.64175,50.70542],[4.64174,50.71999],[4.66227,50.72331],[4.67664,50.70235],[4.68064,50.71174],[4.70504,50.71748],[4.71898,50.70778],[4.73471,50.70544],[4.7424,50.71168],[4.75901,50.71019],[4.76879,50.70176],[4.76831,50.69222],[4.74391,50.69447],[4.73356,50.69054],[4.732,50.68219],[4.75398,50.67187],[4.74237,50.66159],[4.71327,50.665],[4.68441,50.6523],[4.66622,50.65255]]]]}},{"type":"Feature","properties":{"refnis":25023},"geometry":{"type":"MultiPolygon","coordinates":[[[[4.57399,50.59806],[4.55961,50.5998],[4.55448,50.59631],[4.53679,50.60046],[4.53134,50.596],[4.52341,50.60325],[4.51343,50.60239],[4.51863,50.60812],[4.53624,50.61545],[4.52693,50.62211],[4.54175,50.63675],[4.53807,50.64759],[4.52468,50.65162],[4.53477,50.65411],[4.54422,50.65001],[4.57505,50.65504],[4.58565,50.64927],[4.59119,50.65435],[4.59546,50.65304],[4.61112,50.65514],[4.60221,50.64575],[4.59199,50.62652],[4.59414,50.61915],[4.58921,50.6113],[4.57399,50.59806]]]]}},{"type":"Feature","properties":{"refnis":25031},"geometry":{"type":"MultiPolygon","coordinates":[[[[4.38229,50.56404],[4.37832,50.56846],[4.38464,50.58014],[4.39962,50.58718],[4.40569,50.59656],[4.39781,50.6033],[4.38077,50.60341],[4.38751,50.61285],[4.38712,50.6222],[4.39258,50.62463],[4.37565,50.62896],[4.38884,50.63889],[4.40079,50.64398],[4.41651,50.65208],[4.42253,50.65148],[4.4398,50.65868],[4.44068,50.65079],[4.46332,50.64443],[4.49215,50.65488],[4.50555,50.65284],[4.51558,50.65587],[4.52468,50.65162],[4.53807,50.64759],[4.54175,50.63675],[4.52693,50.62211],[4.53624,50.61545],[4.51863,50.60812],[4.51343,50.60239],[4.52341,50.60325],[4.53134,50.596],[4.52675,50.59025],[4.51388,50.58666],[4.50857,50.57872],[4.4926,50.57234],[4.48549,50.58043],[4.48108,50.57651],[4.45331,50.57138],[4.45777,50.56288],[4.46952,50.55891],[4.44961,50.5543],[4.44366,50.56012],[4.42186,50.5584],[4.41712,50.56457],[4.39999,50.56219],[4.38229,50.56404]]]]}},{"type":"Feature","properties":{"refnis":25037},"geometry":{"type":"MultiPolygon","coordinates":[[[[4.69117,50.79188],[4.69885,50.78938],[4.70447,50.77704],[4.7202,50.77318],[4.72142,50.76733],[4.74307,50.75501],[4.7434,50.7475],[4.73933,50.7335],[4.75028,50.72329],[4.7424,50.71168],[4.73471,50.70544],[4.71898,50.70778],[4.70504,50.71748],[4.68064,50.71174],[4.67664,50.70235],[4.66227,50.72331],[4.64174,50.71999],[4.64185,50.7334],[4.62808,50.72867],[4.62603,50.73965],[4.6203,50.74344],[4.64143,50.74522],[4.65516,50.75484],[4.64726,50.75908],[4.63623,50.77242],[4.64323,50.77889],[4.64662,50.7913],[4.64187,50.79877],[4.65937,50.79328],[4.69117,50.79188]]]]}},{"type":"Feature","properties":{"refnis":25043},"geometry":{"type":"MultiPolygon","coordinates":[[[[4.84938,50.67776],[4.85167,50.66952],[4.84008,50.66082],[4.82675,50.67009],[4.81188,50.66839],[4.79762,50.67602],[4.75605,50.66237],[4.74328,50.65484],[4.74237,50.66159],[4.75398,50.67187],[4.732,50.68219],[4.73356,50.69054],[4.74391,50.69447],[4.76831,50.69222],[4.76879,50.70176],[4.75901,50.71019],[4.7424,50.71168],[4.75028,50.72329],[4.73933,50.7335],[4.7434,50.7475],[4.76457,50.74852],[4.77447,50.73987],[4.78529,50.7353],[4.8083,50.73514],[4.80254,50.72511],[4.78889,50.71785],[4.80467,50.6969],[4.81426,50.69674],[4.82412,50.6886],[4.84202,50.68369],[4.84938,50.67776]]]]}},{"type":"Feature","properties":{"refnis":25044},"geometry":{"type":"MultiPolygon","coordinates":[[[[4.19911,50.65232],[4.22045,50.65846],[4.22826,50.65648],[4.23693,50.66304],[4.23319,50.67256],[4.2221,50.67417],[4.22274,50.67903],[4.23761,50.67768],[4.24387,50.66298],[4.25774,50.65883],[4.2698,50.66213],[4.2791,50.66015],[4.28436,50.66585],[4.30337,50.66756],[4.31225,50.66102],[4.30082,50.65024],[4.32429,50.63496],[4.31866,50.63211],[4.30297,50.63075],[4.27059,50.61796],[4.2695,50.61372],[4.25365,50.61592],[4.23111,50.62454],[4.19925,50.62456],[4.19698,50.63482],[4.20444,50.64694],[4.19911,50.65232]]]]}},{"type":"Feature","properties":{"refnis":25048},"geometry":{"type":"MultiPolygon","coordinates":[[[[4.94612,50.738],[4.94887,50.73077],[4.94124,50.72412],[4.94424,50.72005],[4.92111,50.70352],[4.91165,50.70187],[4.89961,50.70288],[4.88187,50.69792],[4.86673,50.70046],[4.86187,50.68982],[4.86652,50.6857],[4.84938,50.67776],[4.84202,50.68369],[4.82412,50.6886],[4.81426,50.69674],[4.80467,50.6969],[4.78889,50.71785],[4.80254,50.72511],[4.8083,50.73514],[4.78529,50.7353],[4.77447,50.73987],[4.78902,50.75793],[4.80803,50.7512],[4.81293,50.75851],[4.83123,50.77049],[4.83516,50.76276],[4.84659,50.768],[4.86096,50.76386],[4.87679,50.76682],[4.88553,50.76277],[4.89975,50.77261],[4.90828,50.76952],[4.90258,50.76052],[4.90914,50.75639],[4.90619,50.74976],[4.91941,50.74788],[4.92565,50.7428],[4.93248,50.73843],[4.94612,50.738]]]]}},{"type":"Feature","properties":{"refnis":25050},"geometry":{"type":"MultiPolygon","coordinates":[[[[4.44069,50.71562],[4.43706,50.72293],[4.42382,50.72517],[4.42413,50.73587],[4.46112,50.75409],[4.48549,50.75182],[4.49411,50.75716],[4.50155,50.7538],[4.4918,50.74324],[4.51263,50.73213],[4.50926,50.73129],[4.49969,50.73307],[4.47729,50.72415],[4.46672,50.71954],[4.45413,50.72221],[4.44069,50.71562]]]]}},{"type":"Feature","properties":{"refnis":25068},"geometry":{"type":"MultiPolygon","coordinates":[[[[4.63367,50.62919],[4.63409,50.61708],[4.62171,50.60676],[4.58921,50.6113],[4.59414,50.61915],[4.59199,50.62652],[4.60221,50.64575],[4.61112,50.65514],[4.59546,50.65304],[4.59119,50.65435],[4.63024,50.66223],[4.64809,50.66225],[4.66622,50.65255],[4.66419,50.64297],[4.64192,50.63657],[4.63023,50.64028],[4.63367,50.62919]]]]}},{"type":"Feature","properties":{"refnis":25072},"geometry":{"type":"MultiPolygon","coordinates":[[[[4.24698,50.59635],[4.24664,50.59677],[4.25167,50.60122],[4.24557,50.61226],[4.25365,50.61592],[4.2695,50.61372],[4.27059,50.61796],[4.30297,50.63075],[4.31866,50.63211],[4.33011,50.63538],[4.3362,50.63103],[4.36116,50.62624],[4.37565,50.62896],[4.39258,50.62463],[4.38712,50.6222],[4.38751,50.61285],[4.38077,50.60341],[4.39781,50.6033],[4.40569,50.59656],[4.39962,50.58718],[4.38464,50.58014],[4.37832,50.56846],[4.38229,50.56404],[4.37699,50.55935],[4.35897,50.56294],[4.35725,50.5562],[4.34176,50.5526],[4.33646,50.54357],[4.32545,50.54919],[4.3349,50.55513],[4.33081,50.5603],[4.33646,50.56682],[4.32868,50.5697],[4.30234,50.56763],[4.29894,50.57702],[4.27403,50.59458],[4.26071,50.59287],[4.24698,50.59635]]]]}},{"type":"Feature","properties":{"refnis":25084},"geometry":{"type":"MultiPolygon","coordinates":[[[[4.7883,50.60211],[4.79701,50.59201],[4.79131,50.58956],[4.78276,50.60057],[4.76132,50.59772],[4.74883,50.58933],[4.74097,50.59798],[4.74537,50.60102],[4.73451,50.61065],[4.74331,50.61494],[4.74378,50.62564],[4.73911,50.63293],[4.74455,50.64044],[4.73799,50.64774],[4.74328,50.65484],[4.75605,50.66237],[4.79762,50.67602],[4.81188,50.66839],[4.82675,50.67009],[4.84008,50.66082],[4.834,50.65423],[4.83998,50.64984],[4.83104,50.6468],[4.84202,50.63565],[4.8417,50.62284],[4.85243,50.61539],[4.83951,50.60987],[4.81701,50.60935],[4.7883,50.60211]]]]}},{"type":"Feature","properties":{"refnis":25091},"geometry":{"type":"MultiPolygon","coordinates":[[[[4.47729,50.72415],[4.49969,50.73307],[4.50926,50.73129],[4.52408,50.72733],[4.53238,50.73365],[4.52496,50.73842],[4.54247,50.74214],[4.55635,50.74879],[4.56237,50.74471],[4.56664,50.73531],[4.5542,50.73389],[4.55692,50.72416],[4.55068,50.71875],[4.54821,50.70429],[4.52972,50.69507],[4.52637,50.69644],[4.49966,50.70489],[4.47729,50.72415]]]]}},{"type":"Feature","properties":{"refnis":25105},"geometry":{"type":"MultiPolygon","coordinates":[[[[4.17735,50.66338],[4.18131,50.66831],[4.16884,50.67919],[4.17094,50.68673],[4.14923,50.69236],[4.14748,50.70354],[4.13094,50.71339],[4.13445,50.71622],[4.14239,50.72897],[4.15285,50.72476],[4.15635,50.72907],[4.17209,50.72162],[4.18205,50.70666],[4.20483,50.70897],[4.23135,50.69884],[4.24629,50.68953],[4.23761,50.67768],[4.22274,50.67903],[4.2221,50.67417],[4.23319,50.67256],[4.23693,50.66304],[4.22826,50.65648],[4.22045,50.65846],[4.19911,50.65232],[4.17735,50.66338]]]]}},{"type":"Feature","properties":{"refnis":25107},"geometry":{"type":"MultiPolygon","coordinates":[[[[4.50263,50.52846],[4.50351,50.53964],[4.48407,50.53362],[4.47542,50.53643],[4.46736,50.52776],[4.46596,50.54639],[4.47732,50.55086],[4.46952,50.55891],[4.45777,50.56288],[4.45331,50.57138],[4.48108,50.57651],[4.48549,50.58043],[4.4926,50.57234],[4.50857,50.57872],[4.51388,50.58666],[4.52675,50.59025],[4.53134,50.596],[4.53679,50.60046],[4.55448,50.59631],[4.55961,50.5998],[4.57399,50.59806],[4.58878,50.59655],[4.57929,50.58809],[4.5821,50.57178],[4.5733,50.56859],[4.57515,50.56084],[4.57747,50.54236],[4.51271,50.5254],[4.50263,50.52846]]]]}},{"type":"Feature","properties":{"refnis":25110},"geometry":{"type":"MultiPolygon","coordinates":[[[[4.35848,50.71603],[4.37273,50.71622],[4.37186,50.7295],[4.41424,50.73516],[4.42413,50.73587],[4.42382,50.72517],[4.43706,50.72293],[4.44069,50.71562],[4.42626,50.7064],[4.41616,50.69305],[4.43561,50.6816],[4.42453,50.67347],[4.4191,50.68126],[4.41209,50.67964],[4.40013,50.68125],[4.40732,50.6894],[4.39101,50.68631],[4.39698,50.701],[4.3854,50.70518],[4.36631,50.70077],[4.35506,50.71141],[4.35848,50.71603]]]]}},{"type":"Feature","properties":{"refnis":25112},"geometry":{"type":"MultiPolygon","coordinates":[[[[4.62512,50.6842],[4.61773,50.68262],[4.61421,50.68943],[4.59269,50.68273],[4.57897,50.68799],[4.55745,50.68804],[4.52972,50.69507],[4.54821,50.70429],[4.55068,50.71875],[4.55692,50.72416],[4.5542,50.73389],[4.56664,50.73531],[4.56237,50.74471],[4.57358,50.7483],[4.57855,50.75677],[4.59721,50.76357],[4.60112,50.75553],[4.5983,50.74563],[4.60508,50.74103],[4.6203,50.74344],[4.62603,50.73965],[4.62808,50.72867],[4.64185,50.7334],[4.64174,50.71999],[4.64175,50.70542],[4.64694,50.70446],[4.63352,50.68863],[4.62512,50.6842]]]]}},{"type":"Feature","properties":{"refnis":25117},"geometry":{"type":"MultiPolygon","coordinates":[[[[4.62762,50.56432],[4.62134,50.56156],[4.61788,50.56957],[4.60209,50.56931],[4.59006,50.56344],[4.57515,50.56084],[4.5733,50.56859],[4.5821,50.57178],[4.57929,50.58809],[4.58878,50.59655],[4.57399,50.59806],[4.58921,50.6113],[4.62171,50.60676],[4.63409,50.61708],[4.63367,50.62919],[4.64254,50.62591],[4.65083,50.62885],[4.66317,50.61671],[4.64911,50.6104],[4.65686,50.60146],[4.65683,50.58588],[4.66205,50.57647],[4.67312,50.5709],[4.66856,50.56577],[4.64487,50.5602],[4.64176,50.56499],[4.62762,50.56432]]]]}},{"type":"Feature","properties":{"refnis":25118},"geometry":{"type":"MultiPolygon","coordinates":[[[[5.01957,50.75077],[5.01692,50.73283],[4.99768,50.72814],[4.99254,50.72363],[4.99351,50.73301],[4.98122,50.73849],[4.96059,50.73652],[4.9548,50.74173],[4.94612,50.738],[4.93248,50.73843],[4.92565,50.7428],[4.95326,50.75209],[4.96853,50.76724],[4.98649,50.76924],[5.00335,50.76597],[5.01957,50.75077]]]]}},{"type":"Feature","properties":{"refnis":25119},"geometry":{"type":"MultiPolygon","coordinates":[[[[4.40079,50.64398],[4.40429,50.65619],[4.39588,50.66103],[4.39467,50.67033],[4.41209,50.67964],[4.4191,50.68126],[4.42453,50.67347],[4.43561,50.6816],[4.41616,50.69305],[4.42626,50.7064],[4.44069,50.71562],[4.45413,50.72221],[4.46672,50.71954],[4.47729,50.72415],[4.49966,50.70489],[4.52637,50.69644],[4.50713,50.67358],[4.50882,50.6714],[4.49205,50.66257],[4.49215,50.65488],[4.46332,50.64443],[4.44068,50.65079],[4.4398,50.65868],[4.42253,50.65148],[4.41651,50.65208],[4.40079,50.64398]]]]}},{"type":"Feature","properties":{"refnis":25120},"geometry":{"type":"MultiPolygon","coordinates":[[[[4.99254,50.72363],[4.99797,50.71514],[5.00998,50.71193],[5.01729,50.70241],[5.00258,50.69596],[4.9974,50.68373],[4.99652,50.67164],[5.00265,50.66499],[4.99059,50.65668],[4.98802,50.64539],[4.98336,50.64227],[4.97889,50.63956],[4.96522,50.64844],[4.9411,50.64328],[4.92627,50.65272],[4.91942,50.65144],[4.9353,50.66781],[4.91151,50.68557],[4.91845,50.6962],[4.91165,50.70187],[4.92111,50.70352],[4.94424,50.72005],[4.94124,50.72412],[4.94887,50.73077],[4.94612,50.738],[4.9548,50.74173],[4.96059,50.73652],[4.98122,50.73849],[4.99351,50.73301],[4.99254,50.72363]]]]}},{"type":"Feature","properties":{"refnis":25121},"geometry":{"type":"MultiPolygon","coordinates":[[[[4.49215,50.65488],[4.49205,50.66257],[4.50882,50.6714],[4.50713,50.67358],[4.52637,50.69644],[4.52972,50.69507],[4.55745,50.68804],[4.57897,50.68799],[4.59269,50.68273],[4.61421,50.68943],[4.61773,50.68262],[4.62512,50.6842],[4.62985,50.67529],[4.64809,50.66225],[4.63024,50.66223],[4.59119,50.65435],[4.58565,50.64927],[4.57505,50.65504],[4.54422,50.65001],[4.53477,50.65411],[4.52468,50.65162],[4.51558,50.65587],[4.50555,50.65284],[4.49215,50.65488]]]]}},{"type":"Feature","properties":{"refnis":25122},"geometry":{"type":"MultiPolygon","coordinates":[[[[4.85243,50.61539],[4.8417,50.62284],[4.84202,50.63565],[4.83104,50.6468],[4.83998,50.64984],[4.834,50.65423],[4.84008,50.66082],[4.85167,50.66952],[4.84938,50.67776],[4.86652,50.6857],[4.86187,50.68982],[4.86673,50.70046],[4.88187,50.69792],[4.89961,50.70288],[4.91165,50.70187],[4.91845,50.6962],[4.91151,50.68557],[4.9353,50.66781],[4.91942,50.65144],[4.92627,50.65272],[4.9411,50.64328],[4.94102,50.63605],[4.92929,50.6274],[4.91472,50.62587],[4.90014,50.62881],[4.90065,50.6225],[4.88864,50.62199],[4.85243,50.61539]]]]}},{"type":"Feature","properties":{"refnis":25123},"geometry":{"type":"MultiPolygon","coordinates":[[[[4.09179,50.66897],[4.09738,50.67671],[4.09841,50.69511],[4.0922,50.70109],[4.11353,50.70529],[4.11101,50.70965],[4.10047,50.70595],[4.09734,50.70788],[4.11146,50.71667],[4.11639,50.7127],[4.13445,50.71622],[4.13094,50.71339],[4.14748,50.70354],[4.14923,50.69236],[4.17094,50.68673],[4.16884,50.67919],[4.18131,50.66831],[4.17735,50.66338],[4.15892,50.64589],[4.14711,50.63926],[4.14529,50.63374],[4.13279,50.62936],[4.11666,50.63492],[4.10842,50.633],[4.10113,50.63825],[4.09629,50.65179],[4.10033,50.6627],[4.09179,50.66897]]]]}},{"type":"Feature","properties":{"refnis":25124},"geometry":{"type":"MultiPolygon","coordinates":[[[[4.65686,50.60146],[4.64911,50.6104],[4.66317,50.61671],[4.65083,50.62885],[4.64254,50.62591],[4.63367,50.62919],[4.63023,50.64028],[4.64192,50.63657],[4.66419,50.64297],[4.66622,50.65255],[4.68441,50.6523],[4.71327,50.665],[4.74237,50.66159],[4.74328,50.65484],[4.73799,50.64774],[4.74455,50.64044],[4.73911,50.63293],[4.74378,50.62564],[4.74331,50.61494],[4.73451,50.61065],[4.71415,50.60843],[4.70742,50.60399],[4.71203,50.59624],[4.69046,50.59945],[4.67262,50.60813],[4.65686,50.60146]]]]}},{"type":"Feature","properties":{"refnis":31003},"geometry":{"type":"MultiPolygon","coordinates":[[[[3.2896,51.20066],[3.29398,51.19287],[3.30973,51.19767],[3.31899,51.19401],[3.35903,51.19372],[3.36024,51.1919],[3.36527,51.18684],[3.3745,51.19054],[3.38667,51.18736],[3.38761,51.18119],[3.40665,51.15976],[3.41098,51.15986],[3.40102,51.15127],[3.40294,51.14713],[3.38975,51.13085],[3.37261,51.11567],[3.35493,51.11221],[3.33136,51.09888],[3.32117,51.10403],[3.30212,51.09935],[3.27892,51.11257],[3.28682,51.11802],[3.27423,51.12676],[3.28,51.13614],[3.28995,51.13939],[3.28745,51.15029],[3.29559,51.15968],[3.2846,51.15798],[3.28821,51.16698],[3.27286,51.17947],[3.28973,51.18161],[3.28047,51.19759],[3.2896,51.20066]]]]}},{"type":"Feature","properties":{"refnis":31004},"geometry":{"type":"MultiPolygon","coordinates":[[[[3.15378,51.32809],[3.15598,51.31911],[3.17209,51.32297],[3.17708,51.31882],[3.17164,51.31057],[3.17402,51.30029],[3.1657,51.29604],[3.16926,51.29061],[3.15884,51.28891],[3.15343,51.28305],[3.1394,51.28201],[3.12547,51.27636],[3.11448,51.27682],[3.10518,51.29085],[3.11422,51.30168],[3.10771,51.31503],[3.15378,51.32809]]]]}},{"type":"Feature","properties":{"refnis":31005},"geometry":{"type":"MultiPolygon","coordinates":[[[[3.22738,51.35102],[3.22508,51.33858],[3.22849,51.32642],[3.26194,51.29611],[3.27338,51.28574],[3.24613,51.25113],[3.26572,51.24046],[3.27875,51.22625],[3.29148,51.22677],[3.30997,51.22203],[3.30514,51.20895],[3.2896,51.20066],[3.28047,51.19759],[3.28973,51.18161],[3.27286,51.17947],[3.26775,51.18646],[3.2432,51.18227],[3.22864,51.17663],[3.21386,51.1652],[3.19908,51.16144],[3.17005,51.16739],[3.16238,51.15821],[3.14243,51.16017],[3.13418,51.16067],[3.13945,51.17358],[3.13598,51.17737],[3.16257,51.18539],[3.16122,51.1899],[3.14087,51.21589],[3.1733,51.22304],[3.16939,51.23241],[3.15977,51.23707],[3.19301,51.25062],[3.1849,51.26224],[3.19362,51.27142],[3.1825,51.27097],[3.17854,51.28341],[3.16926,51.29061],[3.1657,51.29604],[3.17402,51.30029],[3.17164,51.31057],[3.17708,51.31882],[3.17209,51.32297],[3.15598,51.31911],[3.15378,51.32809],[3.16357,51.33316],[3.17205,51.34358],[3.17068,51.35367],[3.18643,51.36279],[3.19877,51.36351],[3.22319,51.36002],[3.22738,51.35102]]]]}},{"type":"Feature","properties":{"refnis":31006},"geometry":{"type":"MultiPolygon","coordinates":[[[[3.38125,51.27444],[3.3834,51.26687],[3.39471,51.25251],[3.39928,51.23729],[3.36839,51.22806],[3.3768,51.2213],[3.38553,51.20332],[3.37767,51.19693],[3.36479,51.1966],[3.36024,51.1919],[3.35903,51.19372],[3.31899,51.19401],[3.30973,51.19767],[3.29398,51.19287],[3.2896,51.20066],[3.30514,51.20895],[3.30997,51.22203],[3.29148,51.22677],[3.27875,51.22625],[3.26572,51.24046],[3.24613,51.25113],[3.27338,51.28574],[3.26194,51.29611],[3.29135,51.30562],[3.29612,51.30211],[3.32372,51.30358],[3.33033,51.30782],[3.34358,51.29949],[3.3564,51.30458],[3.37213,51.30563],[3.37684,51.30245],[3.36601,51.29823],[3.3808,51.28696],[3.3755,51.27764],[3.38125,51.27444]]]]}},{"type":"Feature","properties":{"refnis":31012},"geometry":{"type":"MultiPolygon","coordinates":[[[[3.08143,51.23754],[3.08508,51.23819],[3.0908,51.22408],[3.1055,51.21259],[3.13418,51.22215],[3.14087,51.21589],[3.16122,51.1899],[3.16257,51.18539],[3.13598,51.17737],[3.13945,51.17358],[3.13418,51.16067],[3.14243,51.16017],[3.09323,51.14533],[3.07849,51.14559],[3.05968,51.15517],[3.05005,51.16372],[3.05247,51.17822],[3.04101,51.19323],[3.05808,51.20186],[3.04651,51.21968],[3.05635,51.22265],[3.06079,51.23242],[3.08143,51.23754]]]]}},{"type":"Feature","properties":{"refnis":31022},"geometry":{"type":"MultiPolygon","coordinates":[[[[3.27286,51.17947],[3.28821,51.16698],[3.2846,51.15798],[3.29559,51.15968],[3.28745,51.15029],[3.28995,51.13939],[3.28,51.13614],[3.27423,51.12676],[3.28682,51.11802],[3.27892,51.11257],[3.30212,51.09935],[3.28329,51.09745],[3.27565,51.09241],[3.26631,51.09789],[3.26123,51.09123],[3.24421,51.08659],[3.24665,51.08283],[3.23445,51.07861],[3.23187,51.06476],[3.20928,51.06382],[3.19497,51.06648],[3.19408,51.05976],[3.18358,51.05907],[3.16296,51.06526],[3.1579,51.06849],[3.15038,51.08012],[3.1557,51.08409],[3.1625,51.09447],[3.16549,51.09162],[3.17831,51.10037],[3.17279,51.10478],[3.18139,51.11125],[3.18484,51.12302],[3.2103,51.1534],[3.21386,51.1652],[3.22864,51.17663],[3.2432,51.18227],[3.26775,51.18646],[3.27286,51.17947]]]]}},{"type":"Feature","properties":{"refnis":31033},"geometry":{"type":"MultiPolygon","coordinates":[[[[3.1557,51.08409],[3.15038,51.08012],[3.1579,51.06849],[3.13508,51.06117],[3.13652,51.05615],[3.11729,51.04132],[3.11806,51.03335],[3.10314,51.0298],[3.09815,51.0188],[3.08278,51.01353],[3.06976,51.01535],[3.06521,51.03377],[3.0549,51.04296],[3.05231,51.05663],[3.04355,51.06063],[3.06081,51.08393],[3.05493,51.09164],[3.06651,51.10244],[3.08196,51.10401],[3.09474,51.08928],[3.10678,51.08905],[3.13642,51.09389],[3.1557,51.08409]]]]}},{"type":"Feature","properties":{"refnis":31040},"geometry":{"type":"MultiPolygon","coordinates":[[[[3.21386,51.1652],[3.2103,51.1534],[3.18484,51.12302],[3.18139,51.11125],[3.17279,51.10478],[3.17831,51.10037],[3.16549,51.09162],[3.1625,51.09447],[3.1557,51.08409],[3.13642,51.09389],[3.10678,51.08905],[3.09474,51.08928],[3.08196,51.10401],[3.06651,51.10244],[3.05774,51.12007],[3.0649,51.13926],[3.07849,51.14559],[3.09323,51.14533],[3.14243,51.16017],[3.16238,51.15821],[3.17005,51.16739],[3.19908,51.16144],[3.21386,51.1652]]]]}},{"type":"Feature","properties":{"refnis":31042},"geometry":{"type":"MultiPolygon","coordinates":[[[[3.10518,51.29085],[3.11448,51.27682],[3.12547,51.27636],[3.1394,51.28201],[3.15343,51.28305],[3.15884,51.28891],[3.16926,51.29061],[3.17854,51.28341],[3.1825,51.27097],[3.19362,51.27142],[3.1849,51.26224],[3.19301,51.25062],[3.15977,51.23707],[3.16939,51.23241],[3.1733,51.22304],[3.14087,51.21589],[3.13418,51.22215],[3.1055,51.21259],[3.0908,51.22408],[3.08508,51.23819],[3.08143,51.23754],[3.07951,51.24505],[3.0888,51.25139],[3.08491,51.25612],[3.08658,51.27018],[3.07687,51.28663],[3.07471,51.28299],[3.06169,51.28523],[3.06706,51.28922],[3.10518,51.29085]]]]}},{"type":"Feature","properties":{"refnis":31043},"geometry":{"type":"MultiPolygon","coordinates":[[[[3.37213,51.30563],[3.3564,51.30458],[3.34358,51.29949],[3.33033,51.30782],[3.32372,51.30358],[3.29612,51.30211],[3.29135,51.30562],[3.26194,51.29611],[3.22849,51.32642],[3.22508,51.33858],[3.22738,51.35102],[3.23203,51.35567],[3.25794,51.34873],[3.3103,51.36116],[3.34658,51.36806],[3.36306,51.37291],[3.375,51.35889],[3.37407,51.34851],[3.38352,51.3412],[3.38534,51.33412],[3.35838,51.31498],[3.37213,51.30563]]]]}},{"type":"Feature","properties":{"refnis":32003},"geometry":{"type":"MultiPolygon","coordinates":[[[[2.82081,51.10243],[2.82571,51.09611],[2.84062,51.09555],[2.84693,51.10409],[2.86853,51.10727],[2.88981,51.11584],[2.89946,51.1153],[2.92989,51.10111],[2.93975,51.09087],[2.93248,51.08651],[2.93822,51.0765],[2.95134,51.06979],[2.94059,51.06354],[2.9462,51.05846],[2.94168,51.05301],[2.94919,51.04777],[2.93498,51.03235],[2.95046,51.02069],[2.93219,51.00501],[2.90587,51.00674],[2.88329,50.99579],[2.87182,50.97974],[2.86377,50.98219],[2.84886,50.97573],[2.84187,50.98239],[2.83486,50.98094],[2.81737,50.99118],[2.8062,50.98169],[2.79917,50.97892],[2.7828,51.00275],[2.77043,51.0171],[2.76241,51.03387],[2.74311,51.03718],[2.74831,51.04313],[2.76808,51.05329],[2.77666,51.0661],[2.77118,51.0709],[2.76629,51.08672],[2.79496,51.09814],[2.82081,51.10243]]]]}},{"type":"Feature","properties":{"refnis":32006},"geometry":{"type":"MultiPolygon","coordinates":[[[[2.93219,51.00501],[2.92859,50.99923],[2.94048,50.9961],[2.94615,50.99925],[2.96392,50.9925],[2.97368,50.98408],[2.96004,50.97618],[2.97058,50.97131],[2.96348,50.96942],[2.97262,50.96032],[2.95903,50.9531],[2.9551,50.95731],[2.92592,50.94877],[2.91089,50.93968],[2.88736,50.93119],[2.87976,50.93641],[2.86546,50.93706],[2.85645,50.94327],[2.8391,50.95309],[2.82563,50.95749],[2.8062,50.98169],[2.81737,50.99118],[2.83486,50.98094],[2.84187,50.98239],[2.84886,50.97573],[2.86377,50.98219],[2.87182,50.97974],[2.88329,50.99579],[2.90587,51.00674],[2.93219,51.00501]]]]}},{"type":"Feature","properties":{"refnis":32010},"geometry":{"type":"MultiPolygon","coordinates":[[[[2.90675,51.12095],[2.90692,51.12551],[2.92309,51.12788],[2.92784,51.13374],[2.94212,51.11039],[2.98205,51.12882],[2.99718,51.1148],[3.00038,51.10365],[2.99516,51.10008],[2.99839,51.0844],[3.01453,51.06998],[2.99779,51.05688],[2.98594,51.05544],[2.96592,51.04186],[2.94919,51.04777],[2.94168,51.05301],[2.9462,51.05846],[2.94059,51.06354],[2.95134,51.06979],[2.93822,51.0765],[2.93248,51.08651],[2.93975,51.09087],[2.92989,51.10111],[2.89946,51.1153],[2.90675,51.12095]]]]}},{"type":"Feature","properties":{"refnis":32011},"geometry":{"type":"MultiPolygon","coordinates":[[[[2.94919,51.04777],[2.96592,51.04186],[2.98594,51.05544],[2.99779,51.05688],[3.01453,51.06998],[3.02078,51.05561],[3.04355,51.06063],[3.05231,51.05663],[3.0549,51.04296],[3.06521,51.03377],[3.06976,51.01535],[3.06449,51.00708],[3.01843,51.00213],[3.01948,50.99938],[2.97368,50.98408],[2.96392,50.9925],[2.94615,50.99925],[2.94048,50.9961],[2.92859,50.99923],[2.93219,51.00501],[2.95046,51.02069],[2.93498,51.03235],[2.94919,51.04777]]]]}},{"type":"Feature","properties":{"refnis":32030},"geometry":{"type":"MultiPolygon","coordinates":[[[[2.77043,51.0171],[2.7828,51.00275],[2.79917,50.97892],[2.8062,50.98169],[2.82563,50.95749],[2.8391,50.95309],[2.85645,50.94327],[2.8525,50.93632],[2.83809,50.92678],[2.83143,50.93871],[2.81273,50.92996],[2.82601,50.92243],[2.82256,50.90772],[2.8098,50.90503],[2.80162,50.91716],[2.79048,50.91891],[2.77835,50.90775],[2.77062,50.91234],[2.76315,50.90745],[2.75886,50.91222],[2.77044,50.91854],[2.75478,50.93579],[2.75099,50.94746],[2.75246,50.95674],[2.73156,50.95576],[2.72108,50.95044],[2.69775,50.97278],[2.71101,50.97981],[2.70639,50.98982],[2.73008,50.99533],[2.72849,51.00717],[2.75042,51.00974],[2.77043,51.0171]]]]}},{"type":"Feature","properties":{"refnis":33011},"geometry":{"type":"MultiPolygon","coordinates":[[[[2.93726,50.79362],[2.93291,50.80458],[2.91921,50.80674],[2.90396,50.80029],[2.89664,50.80523],[2.88713,50.80117],[2.87803,50.80887],[2.86143,50.79826],[2.85192,50.80181],[2.8422,50.81492],[2.83421,50.80441],[2.82154,50.79748],[2.78985,50.81838],[2.79863,50.8234],[2.80139,50.83729],[2.78323,50.84273],[2.77579,50.83856],[2.76967,50.84606],[2.77308,50.85887],[2.78263,50.86909],[2.78185,50.88617],[2.76906,50.88948],[2.7758,50.893],[2.78435,50.88794],[2.79521,50.89018],[2.8098,50.90503],[2.82256,50.90772],[2.82601,50.92243],[2.81273,50.92996],[2.83143,50.93871],[2.83809,50.92678],[2.8525,50.93632],[2.85543,50.93191],[2.84357,50.91966],[2.85045,50.91284],[2.86452,50.91733],[2.87912,50.9068],[2.88876,50.90419],[2.91838,50.88553],[2.93429,50.8683],[2.93981,50.86994],[2.9474,50.86],[2.95338,50.84535],[2.97549,50.83935],[2.97256,50.8215],[2.95744,50.82816],[2.95848,50.81142],[2.9633,50.80022],[2.93726,50.79362]]]]}},{"type":"Feature","properties":{"refnis":33016},"geometry":{"type":"MultiPolygon","coordinates":[[[[2.87823,50.76152],[2.90154,50.767],[2.9188,50.76396],[2.92255,50.75721],[2.8883,50.7533],[2.87823,50.76152]]],[[[2.86963,50.76003],[2.87586,50.76111],[2.87902,50.75477],[2.86963,50.76003]]]]}},{"type":"Feature","properties":{"refnis":33021},"geometry":{"type":"MultiPolygon","coordinates":[[[[2.60762,50.91285],[2.64992,50.93725],[2.65465,50.92234],[2.65447,50.90768],[2.66202,50.90683],[2.67835,50.92113],[2.6988,50.92713],[2.69534,50.91235],[2.69005,50.90614],[2.70147,50.88213],[2.73505,50.88721],[2.75228,50.88677],[2.76533,50.89191],[2.76906,50.88948],[2.78185,50.88617],[2.78263,50.86909],[2.77308,50.85887],[2.76967,50.84606],[2.77579,50.83856],[2.78323,50.84273],[2.80139,50.83729],[2.79863,50.8234],[2.78985,50.81838],[2.77486,50.80583],[2.77522,50.79829],[2.76371,50.79481],[2.7615,50.80256],[2.75072,50.80938],[2.74799,50.81663],[2.73593,50.82732],[2.73152,50.82219],[2.7148,50.8161],[2.67893,50.81343],[2.66784,50.81974],[2.65618,50.8136],[2.63507,50.81291],[2.6255,50.83668],[2.61637,50.83986],[2.6167,50.84796],[2.6035,50.84778],[2.59873,50.85235],[2.61224,50.86348],[2.60608,50.87395],[2.61022,50.88119],[2.60425,50.88626],[2.60949,50.89568],[2.60391,50.90463],[2.60762,50.91285]]]]}},{"type":"Feature","properties":{"refnis":33029},"geometry":{"type":"MultiPolygon","coordinates":[[[[3.01891,50.77368],[3.02716,50.77852],[3.01345,50.7835],[3.00858,50.79525],[3.01502,50.80274],[2.99904,50.81053],[2.99889,50.81864],[3.01982,50.82554],[3.03249,50.83421],[3.04428,50.83453],[3.04371,50.84207],[3.06948,50.85399],[3.08082,50.84304],[3.10237,50.83812],[3.10485,50.83219],[3.10686,50.81418],[3.10081,50.8058],[3.08059,50.80052],[3.08792,50.78812],[3.09864,50.77908],[3.08694,50.77283],[3.06143,50.78052],[3.04097,50.77607],[3.0334,50.7698],[3.01891,50.77368]]]]}},{"type":"Feature","properties":{"refnis":33037},"geometry":{"type":"MultiPolygon","coordinates":[[[[2.99904,50.81053],[2.98103,50.8039],[2.9633,50.80022],[2.95848,50.81142],[2.95744,50.82816],[2.97256,50.8215],[2.97549,50.83935],[2.95338,50.84535],[2.9474,50.86],[2.93981,50.86994],[2.94749,50.87664],[2.97138,50.87733],[2.97473,50.88108],[2.96815,50.90031],[2.9854,50.9065],[2.98986,50.91609],[3.00663,50.9212],[3.02843,50.9239],[3.0423,50.92886],[3.05175,50.92205],[3.06193,50.92368],[3.06569,50.91717],[3.04027,50.89701],[3.03047,50.89469],[3.0288,50.88276],[3.03945,50.8716],[3.05872,50.86347],[3.06948,50.85399],[3.04371,50.84207],[3.04428,50.83453],[3.03249,50.83421],[3.01982,50.82554],[2.99889,50.81864],[2.99904,50.81053]]]]}},{"type":"Feature","properties":{"refnis":33039},"geometry":{"type":"MultiPolygon","coordinates":[[[[2.7148,50.8161],[2.73152,50.82219],[2.73593,50.82732],[2.74799,50.81663],[2.75072,50.80938],[2.7615,50.80256],[2.76371,50.79481],[2.77522,50.79829],[2.77486,50.80583],[2.78985,50.81838],[2.82154,50.79748],[2.83421,50.80441],[2.8422,50.81492],[2.85192,50.80181],[2.86143,50.79826],[2.87803,50.80887],[2.88713,50.80117],[2.89664,50.80523],[2.90396,50.80029],[2.91921,50.80674],[2.93291,50.80458],[2.93726,50.79362],[2.94704,50.79101],[2.96035,50.77944],[2.96,50.7735],[2.94508,50.7721],[2.9188,50.76396],[2.90154,50.767],[2.87823,50.76152],[2.87586,50.76111],[2.86963,50.76003],[2.85484,50.75759],[2.84212,50.75144],[2.85268,50.74042],[2.84221,50.7357],[2.85285,50.72439],[2.86961,50.71305],[2.8631,50.70828],[2.84809,50.72302],[2.81924,50.71551],[2.78961,50.72619],[2.78165,50.74337],[2.78304,50.75152],[2.76764,50.75433],[2.75651,50.76268],[2.76202,50.77112],[2.73724,50.78293],[2.72618,50.79241],[2.72133,50.80231],[2.72592,50.809],[2.7148,50.8161]]]]}},{"type":"Feature","properties":{"refnis":33040},"geometry":{"type":"MultiPolygon","coordinates":[[[[2.93981,50.86994],[2.93429,50.8683],[2.91838,50.88553],[2.88876,50.90419],[2.87912,50.9068],[2.86452,50.91733],[2.85045,50.91284],[2.84357,50.91966],[2.85543,50.93191],[2.8525,50.93632],[2.85645,50.94327],[2.86546,50.93706],[2.87976,50.93641],[2.88736,50.93119],[2.91089,50.93968],[2.92592,50.94877],[2.9551,50.95731],[2.95903,50.9531],[2.9729,50.95025],[2.98986,50.91609],[2.9854,50.9065],[2.96815,50.90031],[2.97473,50.88108],[2.97138,50.87733],[2.94749,50.87664],[2.93981,50.86994]]]]}},{"type":"Feature","properties":{"refnis":33041},"geometry":{"type":"MultiPolygon","coordinates":[[[[2.6988,50.92713],[2.71487,50.93429],[2.71284,50.93733],[2.72108,50.95044],[2.73156,50.95576],[2.75246,50.95674],[2.75099,50.94746],[2.75478,50.93579],[2.77044,50.91854],[2.75886,50.91222],[2.76315,50.90745],[2.77062,50.91234],[2.77835,50.90775],[2.79048,50.91891],[2.80162,50.91716],[2.8098,50.90503],[2.79521,50.89018],[2.78435,50.88794],[2.7758,50.893],[2.76906,50.88948],[2.76533,50.89191],[2.75228,50.88677],[2.73505,50.88721],[2.70147,50.88213],[2.69005,50.90614],[2.69534,50.91235],[2.6988,50.92713]]]]}},{"type":"Feature","properties":{"refnis":34002},"geometry":{"type":"MultiPolygon","coordinates":[[[[3.4578,50.79485],[3.44943,50.8048],[3.43217,50.81411],[3.42168,50.81238],[3.41194,50.81749],[3.40817,50.82713],[3.39608,50.82408],[3.38989,50.82789],[3.38387,50.83991],[3.39249,50.84504],[3.39194,50.85059],[3.40603,50.84502],[3.42737,50.85737],[3.45293,50.86605],[3.46492,50.86028],[3.46877,50.85357],[3.48009,50.85738],[3.4892,50.85403],[3.49356,50.8456],[3.50346,50.84107],[3.50174,50.83656],[3.51456,50.83221],[3.49869,50.82443],[3.50948,50.81359],[3.51097,50.80754],[3.47987,50.79886],[3.47395,50.80143],[3.46158,50.79252],[3.4578,50.79485]]]]}},{"type":"Feature","properties":{"refnis":34003},"geometry":{"type":"MultiPolygon","coordinates":[[[[3.40325,50.74177],[3.39123,50.74814],[3.39033,50.75201],[3.40655,50.75413],[3.42103,50.76466],[3.42002,50.77785],[3.42782,50.78926],[3.44188,50.79412],[3.4578,50.79485],[3.46158,50.79252],[3.47395,50.80143],[3.47987,50.79886],[3.51097,50.80754],[3.50948,50.81359],[3.52335,50.80534],[3.51699,50.79645],[3.49935,50.79268],[3.45905,50.76463],[3.45336,50.75812],[3.43075,50.75565],[3.43496,50.74989],[3.4205,50.74583],[3.40537,50.7462],[3.40325,50.74177]]]]}},{"type":"Feature","properties":{"refnis":34009},"geometry":{"type":"MultiPolygon","coordinates":[[[[3.34805,50.82693],[3.34766,50.83642],[3.32486,50.84711],[3.34134,50.8568],[3.35811,50.86367],[3.39135,50.86465],[3.39194,50.85059],[3.39249,50.84504],[3.38387,50.83991],[3.38989,50.82789],[3.39238,50.82175],[3.37764,50.81137],[3.3657,50.82048],[3.34805,50.82693]]]]}},{"type":"Feature","properties":{"refnis":34013},"geometry":{"type":"MultiPolygon","coordinates":[[[[3.28529,50.83956],[3.2974,50.848],[3.30151,50.85593],[3.29354,50.86504],[3.28352,50.86671],[3.27253,50.87356],[3.27116,50.87919],[3.27211,50.88807],[3.26729,50.89699],[3.28687,50.90428],[3.31404,50.90514],[3.31379,50.8976],[3.32992,50.88172],[3.32496,50.88023],[3.32379,50.86885],[3.33895,50.8641],[3.34134,50.8568],[3.32486,50.84711],[3.34766,50.83642],[3.34805,50.82693],[3.33022,50.8215],[3.32136,50.82269],[3.31375,50.81783],[3.30201,50.82997],[3.29393,50.82948],[3.28529,50.83956]]]]}},{"type":"Feature","properties":{"refnis":34022},"geometry":{"type":"MultiPolygon","coordinates":[[[[3.21264,50.76181],[3.21025,50.77119],[3.20093,50.77409],[3.21965,50.79627],[3.20867,50.80706],[3.22094,50.80949],[3.22109,50.81972],[3.21365,50.82808],[3.22292,50.84449],[3.20884,50.86572],[3.20625,50.87372],[3.24045,50.87181],[3.257,50.8554],[3.25666,50.85024],[3.28529,50.83956],[3.29393,50.82948],[3.30201,50.82997],[3.31375,50.81783],[3.30768,50.8157],[3.32096,50.80698],[3.30505,50.79374],[3.32301,50.78685],[3.33014,50.77952],[3.31643,50.7714],[3.32762,50.75341],[3.33923,50.74476],[3.35872,50.73961],[3.33835,50.7396],[3.34114,50.7319],[3.32893,50.73106],[3.30558,50.75469],[3.28897,50.75171],[3.26489,50.75062],[3.23995,50.75799],[3.22748,50.76504],[3.21264,50.76181]]]]}},{"type":"Feature","properties":{"refnis":34023},"geometry":{"type":"MultiPolygon","coordinates":[[[[3.24045,50.87181],[3.24461,50.87451],[3.27116,50.87919],[3.27253,50.87356],[3.28352,50.86671],[3.29354,50.86504],[3.30151,50.85593],[3.2974,50.848],[3.28529,50.83956],[3.25666,50.85024],[3.257,50.8554],[3.24045,50.87181]]]]}},{"type":"Feature","properties":{"refnis":34025},"geometry":{"type":"MultiPolygon","coordinates":[[[[3.20625,50.87372],[3.18821,50.8915],[3.20681,50.89726],[3.21178,50.89585],[3.24045,50.89938],[3.26729,50.89699],[3.27211,50.88807],[3.27116,50.87919],[3.24461,50.87451],[3.24045,50.87181],[3.20625,50.87372]]]]}},{"type":"Feature","properties":{"refnis":34027},"geometry":{"type":"MultiPolygon","coordinates":[[[[3.09864,50.77908],[3.08792,50.78812],[3.08059,50.80052],[3.10081,50.8058],[3.10686,50.81418],[3.10485,50.83219],[3.11299,50.82822],[3.12744,50.82853],[3.13884,50.8197],[3.14985,50.82106],[3.15363,50.8076],[3.14392,50.80263],[3.14729,50.7941],[3.17286,50.79707],[3.20867,50.80706],[3.21965,50.79627],[3.20093,50.77409],[3.21025,50.77119],[3.21264,50.76181],[3.19102,50.75556],[3.18119,50.75532],[3.15421,50.77909],[3.14839,50.79021],[3.12819,50.78633],[3.11323,50.7946],[3.10599,50.78289],[3.09864,50.77908]]]]}},{"type":"Feature","properties":{"refnis":34040},"geometry":{"type":"MultiPolygon","coordinates":[[[[3.32992,50.88172],[3.34078,50.88526],[3.34205,50.89397],[3.35526,50.89793],[3.37945,50.90129],[3.40717,50.91056],[3.4196,50.91094],[3.41602,50.90481],[3.43151,50.89681],[3.44515,50.90065],[3.45323,50.90765],[3.46678,50.90214],[3.47648,50.89569],[3.47056,50.88938],[3.47091,50.87826],[3.4572,50.87619],[3.45293,50.86605],[3.42737,50.85737],[3.40603,50.84502],[3.39194,50.85059],[3.39135,50.86465],[3.35811,50.86367],[3.34134,50.8568],[3.33895,50.8641],[3.32379,50.86885],[3.32496,50.88023],[3.32992,50.88172]]]]}},{"type":"Feature","properties":{"refnis":34041},"geometry":{"type":"MultiPolygon","coordinates":[[[[3.10485,50.83219],[3.10237,50.83812],[3.12644,50.84127],[3.13254,50.84762],[3.14922,50.85889],[3.1692,50.86375],[3.17347,50.85699],[3.1926,50.85974],[3.20884,50.86572],[3.22292,50.84449],[3.21365,50.82808],[3.22109,50.81972],[3.22094,50.80949],[3.20867,50.80706],[3.17286,50.79707],[3.14729,50.7941],[3.14392,50.80263],[3.15363,50.8076],[3.14985,50.82106],[3.13884,50.8197],[3.12744,50.82853],[3.11299,50.82822],[3.10485,50.83219]]]]}},{"type":"Feature","properties":{"refnis":34042},"geometry":{"type":"MultiPolygon","coordinates":[[[[3.35872,50.73961],[3.33923,50.74476],[3.32762,50.75341],[3.31643,50.7714],[3.33014,50.77952],[3.32301,50.78685],[3.30505,50.79374],[3.32096,50.80698],[3.30768,50.8157],[3.31375,50.81783],[3.32136,50.82269],[3.33022,50.8215],[3.34805,50.82693],[3.3657,50.82048],[3.37764,50.81137],[3.39238,50.82175],[3.38989,50.82789],[3.39608,50.82408],[3.40817,50.82713],[3.41194,50.81749],[3.42168,50.81238],[3.43217,50.81411],[3.44943,50.8048],[3.4578,50.79485],[3.44188,50.79412],[3.42782,50.78926],[3.42002,50.77785],[3.42103,50.76466],[3.40655,50.75413],[3.39033,50.75201],[3.39123,50.74814],[3.38395,50.74813],[3.35982,50.73743],[3.35872,50.73961]]]]}},{"type":"Feature","properties":{"refnis":34043},"geometry":{"type":"MultiPolygon","coordinates":[[[[3.32893,50.73106],[3.34114,50.7319],[3.33835,50.7396],[3.35872,50.73961],[3.35982,50.73743],[3.38395,50.74813],[3.39123,50.74814],[3.40325,50.74177],[3.39939,50.73212],[3.36914,50.72605],[3.36548,50.72141],[3.3606,50.70957],[3.34184,50.71752],[3.32394,50.7224],[3.32893,50.73106]]]]}},{"type":"Feature","properties":{"refnis":35002},"geometry":{"type":"MultiPolygon","coordinates":[[[[2.98413,51.26374],[2.99728,51.25053],[2.99892,51.22856],[3.01124,51.22079],[2.99863,51.21441],[2.99034,51.22341],[2.96438,51.21896],[2.94408,51.22326],[2.96185,51.22906],[2.95156,51.23199],[2.93982,51.24598],[2.98413,51.26374]]]]}},{"type":"Feature","properties":{"refnis":35005},"geometry":{"type":"MultiPolygon","coordinates":[[[[2.90179,51.18469],[2.92849,51.19719],[2.93796,51.18991],[2.94068,51.17904],[2.97158,51.18066],[2.97469,51.17248],[2.98272,51.17198],[2.99752,51.15933],[2.99957,51.14455],[2.98205,51.12882],[2.94212,51.11039],[2.92784,51.13374],[2.92309,51.12788],[2.90692,51.12551],[2.90675,51.12095],[2.88752,51.12653],[2.89196,51.1298],[2.87373,51.13816],[2.87865,51.14565],[2.89272,51.14546],[2.90075,51.1513],[2.91512,51.15527],[2.92328,51.16461],[2.90179,51.18469]]]]}},{"type":"Feature","properties":{"refnis":35006},"geometry":{"type":"MultiPolygon","coordinates":[[[[2.98205,51.12882],[2.99957,51.14455],[3.01906,51.15155],[3.03572,51.15182],[3.03282,51.16211],[3.05005,51.16372],[3.05968,51.15517],[3.07849,51.14559],[3.0649,51.13926],[3.05774,51.12007],[3.06651,51.10244],[3.05493,51.09164],[3.06081,51.08393],[3.04355,51.06063],[3.02078,51.05561],[3.01453,51.06998],[2.99839,51.0844],[2.99516,51.10008],[3.00038,51.10365],[2.99718,51.1148],[2.98205,51.12882]]]]}},{"type":"Feature","properties":{"refnis":35011},"geometry":{"type":"MultiPolygon","coordinates":[[[[2.83828,51.20239],[2.84544,51.19496],[2.87077,51.19472],[2.87952,51.18912],[2.90179,51.18469],[2.92328,51.16461],[2.91512,51.15527],[2.90075,51.1513],[2.89272,51.14546],[2.87865,51.14565],[2.87373,51.13816],[2.89196,51.1298],[2.88752,51.12653],[2.90675,51.12095],[2.89946,51.1153],[2.88981,51.11584],[2.86853,51.10727],[2.84693,51.10409],[2.84062,51.09555],[2.82571,51.09611],[2.82081,51.10243],[2.82158,51.11519],[2.80838,51.11957],[2.80056,51.13015],[2.80164,51.14043],[2.7883,51.14668],[2.77425,51.13902],[2.75335,51.13976],[2.74612,51.16497],[2.79273,51.18327],[2.83828,51.20239]]]]}},{"type":"Feature","properties":{"refnis":35013},"geometry":{"type":"MultiPolygon","coordinates":[[[[2.93982,51.24598],[2.95156,51.23199],[2.96185,51.22906],[2.94408,51.22326],[2.96438,51.21896],[2.99034,51.22341],[2.99863,51.21441],[3.00431,51.21023],[2.99313,51.20678],[2.98318,51.19503],[2.97606,51.19675],[2.96603,51.18584],[2.94702,51.19233],[2.93796,51.18991],[2.92849,51.19719],[2.90179,51.18469],[2.87952,51.18912],[2.87077,51.19472],[2.84544,51.19496],[2.83828,51.20239],[2.88765,51.22465],[2.91559,51.24088],[2.93982,51.24598]]]]}},{"type":"Feature","properties":{"refnis":35014},"geometry":{"type":"MultiPolygon","coordinates":[[[[2.99863,51.21441],[3.01124,51.22079],[3.03452,51.22354],[3.04651,51.21968],[3.05808,51.20186],[3.04101,51.19323],[3.05247,51.17822],[3.05005,51.16372],[3.03282,51.16211],[3.03572,51.15182],[3.01906,51.15155],[2.99957,51.14455],[2.99752,51.15933],[2.98272,51.17198],[2.97469,51.17248],[2.97158,51.18066],[2.94068,51.17904],[2.93796,51.18991],[2.94702,51.19233],[2.96603,51.18584],[2.97606,51.19675],[2.98318,51.19503],[2.99313,51.20678],[3.00431,51.21023],[2.99863,51.21441]]]]}},{"type":"Feature","properties":{"refnis":35029},"geometry":{"type":"MultiPolygon","coordinates":[[[[3.10771,51.31503],[3.11422,51.30168],[3.10518,51.29085],[3.06706,51.28922],[3.06169,51.28523],[3.07471,51.28299],[3.07687,51.28663],[3.08658,51.27018],[3.08491,51.25612],[3.0888,51.25139],[3.07951,51.24505],[3.08143,51.23754],[3.06079,51.23242],[3.05635,51.22265],[3.04651,51.21968],[3.03452,51.22354],[3.01124,51.22079],[2.99892,51.22856],[2.99728,51.25053],[2.98413,51.26374],[3.02223,51.27964],[3.06756,51.30022],[3.07476,51.30463],[3.10771,51.31503]]]]}},{"type":"Feature","properties":{"refnis":36006},"geometry":{"type":"MultiPolygon","coordinates":[[[[3.06976,51.01535],[3.08278,51.01353],[3.09815,51.0188],[3.10324,51.0147],[3.12405,51.01646],[3.13975,51.00662],[3.14994,50.99365],[3.12405,50.98337],[3.11228,50.97137],[3.09806,50.96471],[3.08156,50.96204],[3.08202,50.95727],[3.05526,50.96128],[3.04871,50.9573],[3.03533,50.96893],[3.03449,50.97837],[3.02781,50.99112],[3.01948,50.99938],[3.01843,51.00213],[3.06449,51.00708],[3.06976,51.01535]]]]}},{"type":"Feature","properties":{"refnis":36007},"geometry":{"type":"MultiPolygon","coordinates":[[[[3.29749,50.91912],[3.28765,50.91525],[3.28687,50.90428],[3.26729,50.89699],[3.24045,50.89938],[3.2434,50.91867],[3.23708,50.9193],[3.23843,50.93312],[3.23056,50.94514],[3.24748,50.94725],[3.25515,50.94153],[3.26455,50.94555],[3.27607,50.9422],[3.28709,50.92205],[3.29749,50.91912]]]]}},{"type":"Feature","properties":{"refnis":36008},"geometry":{"type":"MultiPolygon","coordinates":[[[[3.23056,50.94514],[3.23843,50.93312],[3.23708,50.9193],[3.2434,50.91867],[3.24045,50.89938],[3.21178,50.89585],[3.20681,50.89726],[3.18821,50.8915],[3.17486,50.89224],[3.17795,50.9141],[3.17289,50.93903],[3.17595,50.95329],[3.19607,50.94513],[3.22946,50.94736],[3.23056,50.94514]]]]}},{"type":"Feature","properties":{"refnis":36010},"geometry":{"type":"MultiPolygon","coordinates":[[[[3.20884,50.86572],[3.1926,50.85974],[3.17347,50.85699],[3.1692,50.86375],[3.14922,50.85889],[3.13254,50.84762],[3.11957,50.85477],[3.10728,50.85262],[3.09468,50.86805],[3.09559,50.87407],[3.11765,50.89035],[3.15031,50.88702],[3.17486,50.89224],[3.18821,50.8915],[3.20625,50.87372],[3.20884,50.86572]]]]}},{"type":"Feature","properties":{"refnis":36011},"geometry":{"type":"MultiPolygon","coordinates":[[[[3.16296,51.06526],[3.15773,51.05673],[3.16528,51.0386],[3.18159,51.02667],[3.18324,51.01608],[3.16574,50.99327],[3.14994,50.99365],[3.13975,51.00662],[3.12405,51.01646],[3.10324,51.0147],[3.09815,51.0188],[3.10314,51.0298],[3.11806,51.03335],[3.11729,51.04132],[3.13652,51.05615],[3.13508,51.06117],[3.1579,51.06849],[3.16296,51.06526]]]]}},{"type":"Feature","properties":{"refnis":36012},"geometry":{"type":"MultiPolygon","coordinates":[[[[3.06948,50.85399],[3.05872,50.86347],[3.03945,50.8716],[3.0288,50.88276],[3.03047,50.89469],[3.04027,50.89701],[3.06569,50.91717],[3.08957,50.92796],[3.09916,50.91185],[3.09803,50.9072],[3.11765,50.89035],[3.09559,50.87407],[3.09468,50.86805],[3.10728,50.85262],[3.11957,50.85477],[3.13254,50.84762],[3.12644,50.84127],[3.10237,50.83812],[3.08082,50.84304],[3.06948,50.85399]]]]}},{"type":"Feature","properties":{"refnis":36015},"geometry":{"type":"MultiPolygon","coordinates":[[[[3.06569,50.91717],[3.06193,50.92368],[3.08683,50.93924],[3.08831,50.94674],[3.08202,50.95727],[3.08156,50.96204],[3.09806,50.96471],[3.11228,50.97137],[3.12405,50.98337],[3.14994,50.99365],[3.16574,50.99327],[3.17276,50.98497],[3.1643,50.96491],[3.17164,50.95258],[3.17595,50.95329],[3.17289,50.93903],[3.17795,50.9141],[3.17486,50.89224],[3.15031,50.88702],[3.11765,50.89035],[3.09803,50.9072],[3.09916,50.91185],[3.08957,50.92796],[3.06569,50.91717]]]]}},{"type":"Feature","properties":{"refnis":36019},"geometry":{"type":"MultiPolygon","coordinates":[[[[2.98986,50.91609],[2.9729,50.95025],[2.95903,50.9531],[2.97262,50.96032],[2.96348,50.96942],[2.97058,50.97131],[2.96004,50.97618],[2.97368,50.98408],[3.01948,50.99938],[3.02781,50.99112],[3.03449,50.97837],[3.03533,50.96893],[3.04871,50.9573],[3.05526,50.96128],[3.08202,50.95727],[3.08831,50.94674],[3.08683,50.93924],[3.06193,50.92368],[3.05175,50.92205],[3.0423,50.92886],[3.02843,50.9239],[3.00663,50.9212],[2.98986,50.91609]]]]}},{"type":"Feature","properties":{"refnis":37002},"geometry":{"type":"MultiPolygon","coordinates":[[[[3.4264,50.98145],[3.43932,50.96431],[3.4134,50.95829],[3.42171,50.94883],[3.43177,50.94714],[3.44419,50.95199],[3.45427,50.94938],[3.46097,50.94214],[3.43823,50.94159],[3.44312,50.93694],[3.45451,50.93778],[3.45341,50.92912],[3.43008,50.93284],[3.42403,50.92579],[3.41762,50.91912],[3.38859,50.93071],[3.38295,50.93809],[3.38751,50.94446],[3.37384,50.94382],[3.36618,50.94782],[3.3748,50.96039],[3.36081,50.96404],[3.37733,50.98131],[3.39635,50.97785],[3.41042,50.98167],[3.4264,50.98145]]]]}},{"type":"Feature","properties":{"refnis":37010},"geometry":{"type":"MultiPolygon","coordinates":[[[[3.36081,50.96404],[3.3748,50.96039],[3.36618,50.94782],[3.37384,50.94382],[3.37233,50.93509],[3.34731,50.9208],[3.3442,50.9141],[3.31404,50.90514],[3.28687,50.90428],[3.28765,50.91525],[3.29749,50.91912],[3.3144,50.92321],[3.32016,50.93354],[3.33594,50.94033],[3.35269,50.95484],[3.34709,50.96107],[3.36081,50.96404]]]]}},{"type":"Feature","properties":{"refnis":37011},"geometry":{"type":"MultiPolygon","coordinates":[[[[3.29084,51.03732],[3.29419,51.02164],[3.29824,51.01926],[3.28644,51.01202],[3.30996,50.99167],[3.31184,50.97864],[3.29056,50.97036],[3.27744,50.97511],[3.2585,50.96564],[3.2438,50.96515],[3.24023,50.98295],[3.22195,50.99861],[3.22734,51.01086],[3.22361,51.01923],[3.23127,51.02145],[3.24957,51.03608],[3.26787,51.03682],[3.27376,51.03413],[3.29084,51.03732]]]]}},{"type":"Feature","properties":{"refnis":37017},"geometry":{"type":"MultiPolygon","coordinates":[[[[3.31404,50.90514],[3.3442,50.9141],[3.34731,50.9208],[3.37233,50.93509],[3.37384,50.94382],[3.38751,50.94446],[3.38295,50.93809],[3.38859,50.93071],[3.41762,50.91912],[3.42403,50.92579],[3.4339,50.91829],[3.4196,50.91094],[3.40717,50.91056],[3.37945,50.90129],[3.35526,50.89793],[3.34205,50.89397],[3.34078,50.88526],[3.32992,50.88172],[3.31379,50.8976],[3.31404,50.90514]]]]}},{"type":"Feature","properties":{"refnis":37020},"geometry":{"type":"MultiPolygon","coordinates":[[[[3.18324,51.01608],[3.20039,51.02515],[3.21104,51.02593],[3.21339,51.0197],[3.22361,51.01923],[3.22734,51.01086],[3.22195,50.99861],[3.24023,50.98295],[3.2438,50.96515],[3.22946,50.94736],[3.19607,50.94513],[3.17595,50.95329],[3.17164,50.95258],[3.1643,50.96491],[3.17276,50.98497],[3.16574,50.99327],[3.18324,51.01608]]]]}},{"type":"Feature","properties":{"refnis":37021},"geometry":{"type":"MultiPolygon","coordinates":[[[[3.30212,51.09935],[3.32117,51.10403],[3.33136,51.09888],[3.3595,51.08696],[3.37276,51.08451],[3.39367,51.06797],[3.42116,51.06186],[3.41997,51.05531],[3.43493,51.05425],[3.44588,51.04749],[3.43669,51.03886],[3.42273,51.03854],[3.42593,51.03495],[3.41252,51.02887],[3.40547,51.0319],[3.38908,51.02443],[3.38004,51.02415],[3.37263,51.03639],[3.36719,51.03075],[3.35768,51.03684],[3.3499,51.03521],[3.35083,51.04394],[3.3426,51.05301],[3.31968,51.04878],[3.32071,51.03988],[3.29084,51.03732],[3.27376,51.03413],[3.26787,51.03682],[3.24957,51.03608],[3.23127,51.02145],[3.22361,51.01923],[3.21339,51.0197],[3.21104,51.02593],[3.20039,51.02515],[3.18324,51.01608],[3.18159,51.02667],[3.16528,51.0386],[3.15773,51.05673],[3.16296,51.06526],[3.18358,51.05907],[3.19408,51.05976],[3.19497,51.06648],[3.20928,51.06382],[3.23187,51.06476],[3.23445,51.07861],[3.24665,51.08283],[3.24421,51.08659],[3.26123,51.09123],[3.26631,51.09789],[3.27565,51.09241],[3.28329,51.09745],[3.30212,51.09935]]]]}},{"type":"Feature","properties":{"refnis":37022},"geometry":{"type":"MultiPolygon","coordinates":[[[[3.44485,51.01648],[3.45231,51.00387],[3.44478,50.99883],[3.45058,50.99468],[3.43349,50.98892],[3.4264,50.98145],[3.41042,50.98167],[3.39635,50.97785],[3.37733,50.98131],[3.36081,50.96404],[3.34709,50.96107],[3.35269,50.95484],[3.33594,50.94033],[3.32016,50.93354],[3.3144,50.92321],[3.29749,50.91912],[3.28709,50.92205],[3.27607,50.9422],[3.26455,50.94555],[3.25515,50.94153],[3.24748,50.94725],[3.23056,50.94514],[3.22946,50.94736],[3.2438,50.96515],[3.2585,50.96564],[3.27744,50.97511],[3.29056,50.97036],[3.31184,50.97864],[3.30996,50.99167],[3.28644,51.01202],[3.29824,51.01926],[3.29419,51.02164],[3.29084,51.03732],[3.32071,51.03988],[3.31968,51.04878],[3.3426,51.05301],[3.35083,51.04394],[3.3499,51.03521],[3.35768,51.03684],[3.36719,51.03075],[3.37263,51.03639],[3.38004,51.02415],[3.38908,51.02443],[3.40547,51.0319],[3.41252,51.02887],[3.42593,51.03495],[3.44485,51.01648]]]]}},{"type":"Feature","properties":{"refnis":38002},"geometry":{"type":"MultiPolygon","coordinates":[[[[2.61261,50.98757],[2.6145,50.99615],[2.64209,51.00621],[2.6484,51.00081],[2.66862,51.00331],[2.68981,51.02267],[2.6976,51.03259],[2.70968,51.03349],[2.72117,51.03956],[2.73272,51.03697],[2.73822,51.04396],[2.74831,51.04313],[2.74311,51.03718],[2.76241,51.03387],[2.77043,51.0171],[2.75042,51.00974],[2.72849,51.00717],[2.73008,50.99533],[2.70639,50.98982],[2.71101,50.97981],[2.69775,50.97278],[2.72108,50.95044],[2.71284,50.93733],[2.71487,50.93429],[2.6988,50.92713],[2.67835,50.92113],[2.66202,50.90683],[2.65447,50.90768],[2.65465,50.92234],[2.64992,50.93725],[2.60762,50.91285],[2.59445,50.91438],[2.59039,50.91925],[2.61929,50.93695],[2.61715,50.94048],[2.63025,50.94328],[2.62123,50.96473],[2.60671,50.98202],[2.61261,50.98757]]]]}},{"type":"Feature","properties":{"refnis":38008},"geometry":{"type":"MultiPolygon","coordinates":[[[[2.60184,51.11371],[2.62499,51.0847],[2.63285,51.08044],[2.63438,51.07251],[2.61937,51.06939],[2.63343,51.06671],[2.57298,51.05097],[2.56589,51.04614],[2.56285,51.06493],[2.54136,51.09385],[2.60184,51.11371]]]]}},{"type":"Feature","properties":{"refnis":38014},"geometry":{"type":"MultiPolygon","coordinates":[[[[2.69945,51.14962],[2.71852,51.12937],[2.74115,51.12888],[2.75672,51.12299],[2.75556,51.1155],[2.74811,51.11191],[2.73611,51.11399],[2.73625,51.10908],[2.75125,51.10102],[2.75145,51.09653],[2.7426,51.09777],[2.72353,51.09471],[2.72922,51.08522],[2.69625,51.08184],[2.69558,51.08828],[2.68202,51.09026],[2.66682,51.08424],[2.62842,51.0862],[2.62499,51.0847],[2.60184,51.11371],[2.65047,51.13472],[2.69945,51.14962]]]]}},{"type":"Feature","properties":{"refnis":38016},"geometry":{"type":"MultiPolygon","coordinates":[[[[2.74612,51.16497],[2.75335,51.13976],[2.77425,51.13902],[2.7883,51.14668],[2.80164,51.14043],[2.80056,51.13015],[2.80838,51.11957],[2.82158,51.11519],[2.82081,51.10243],[2.79496,51.09814],[2.76629,51.08672],[2.75145,51.09653],[2.75125,51.10102],[2.73625,51.10908],[2.73611,51.11399],[2.74811,51.11191],[2.75556,51.1155],[2.75672,51.12299],[2.74115,51.12888],[2.71852,51.12937],[2.69945,51.14962],[2.72206,51.15835],[2.74612,51.16497]]]]}},{"type":"Feature","properties":{"refnis":38025},"geometry":{"type":"MultiPolygon","coordinates":[[[[2.56589,51.04614],[2.57298,51.05097],[2.63343,51.06671],[2.61937,51.06939],[2.63438,51.07251],[2.63285,51.08044],[2.62499,51.0847],[2.62842,51.0862],[2.66682,51.08424],[2.68202,51.09026],[2.69558,51.08828],[2.69625,51.08184],[2.72922,51.08522],[2.72353,51.09471],[2.7426,51.09777],[2.75145,51.09653],[2.76629,51.08672],[2.77118,51.0709],[2.77666,51.0661],[2.76808,51.05329],[2.74831,51.04313],[2.73822,51.04396],[2.73272,51.03697],[2.72117,51.03956],[2.70968,51.03349],[2.6976,51.03259],[2.68981,51.02267],[2.66862,51.00331],[2.6484,51.00081],[2.64209,51.00621],[2.6145,50.99615],[2.61261,50.98757],[2.59533,50.99207],[2.57404,51.00324],[2.57594,51.01387],[2.56589,51.04614]]]]}},{"type":"Feature","properties":{"refnis":41002},"geometry":{"type":"MultiPolygon","coordinates":[[[[4.0722,50.98961],[4.07394,50.9808],[4.08464,50.96792],[4.10501,50.97404],[4.12156,50.96701],[4.12526,50.97273],[4.14704,50.9693],[4.14285,50.96541],[4.15661,50.95384],[4.16259,50.94292],[4.15342,50.93891],[4.16246,50.93231],[4.14475,50.92531],[4.139,50.91697],[4.1359,50.92094],[4.12088,50.92334],[4.09599,50.93246],[4.0891,50.92646],[4.0921,50.91607],[4.10111,50.90998],[4.07424,50.8994],[4.06517,50.91005],[4.056,50.91015],[4.04152,50.90451],[4.01386,50.90724],[4.00004,50.91439],[3.9894,50.91145],[3.98604,50.91636],[3.98245,50.91942],[3.98703,50.93312],[4.00057,50.93938],[3.99547,50.94124],[4.01125,50.94958],[4.00651,50.95593],[4.01507,50.96116],[4.00938,50.96499],[4.01843,50.9798],[4.01538,50.98717],[4.0312,50.98795],[4.03869,50.99261],[4.05372,50.99484],[4.06427,50.98681],[4.0722,50.98961]]]]}},{"type":"Feature","properties":{"refnis":41011},"geometry":{"type":"MultiPolygon","coordinates":[[[[4.07424,50.8994],[4.08939,50.88891],[4.08018,50.87133],[4.06637,50.8657],[4.06287,50.87181],[4.04702,50.86458],[4.03873,50.86535],[4.02921,50.87709],[4.03994,50.89262],[4.03183,50.89644],[4.04152,50.90451],[4.056,50.91015],[4.06517,50.91005],[4.07424,50.8994]]]]}},{"type":"Feature","properties":{"refnis":41018},"geometry":{"type":"MultiPolygon","coordinates":[[[[3.81547,50.75072],[3.81082,50.75817],[3.81991,50.76165],[3.80363,50.77904],[3.80803,50.78313],[3.8198,50.78113],[3.81418,50.78742],[3.82633,50.77775],[3.84483,50.77472],[3.87023,50.78682],[3.86494,50.79266],[3.88083,50.80627],[3.87788,50.812],[3.85949,50.81871],[3.86555,50.83112],[3.89226,50.83313],[3.8956,50.83698],[3.90489,50.83023],[3.90913,50.82163],[3.92116,50.82808],[3.9341,50.82237],[3.94252,50.81267],[3.94848,50.81795],[3.95373,50.80879],[3.96684,50.80754],[3.98546,50.79499],[4.00204,50.77915],[3.9856,50.76619],[3.96857,50.76685],[3.97208,50.77558],[3.96011,50.77972],[3.94161,50.77264],[3.93101,50.75841],[3.93332,50.74628],[3.94533,50.74976],[3.94788,50.73998],[3.95416,50.73744],[3.94364,50.72912],[3.93427,50.73078],[3.91972,50.72752],[3.91319,50.73291],[3.90601,50.72905],[3.89568,50.73302],[3.89909,50.73715],[3.8798,50.75145],[3.87053,50.74801],[3.86138,50.75088],[3.83847,50.74143],[3.81884,50.74468],[3.81547,50.75072]]]]}},{"type":"Feature","properties":{"refnis":41024},"geometry":{"type":"MultiPolygon","coordinates":[[[[4.04152,50.90451],[4.03183,50.89644],[4.03994,50.89262],[4.02921,50.87709],[4.03873,50.86535],[4.02288,50.85854],[4.01075,50.86158],[3.99221,50.86102],[3.99263,50.86637],[3.9805,50.86467],[3.97322,50.86786],[3.95978,50.86676],[3.95832,50.86004],[3.94829,50.86271],[3.93762,50.87507],[3.93777,50.88662],[3.95411,50.88948],[3.97065,50.90459],[3.98049,50.90227],[3.98037,50.91542],[3.98604,50.91636],[3.9894,50.91145],[4.00004,50.91439],[4.01386,50.90724],[4.04152,50.90451]]]]}},{"type":"Feature","properties":{"refnis":41027},"geometry":{"type":"MultiPolygon","coordinates":[[[[3.89277,50.91813],[3.90522,50.91485],[3.9111,50.90564],[3.92566,50.89929],[3.92167,50.89113],[3.92445,50.88303],[3.9166,50.87719],[3.93762,50.87507],[3.94829,50.86271],[3.94705,50.85407],[3.93842,50.84946],[3.92567,50.84901],[3.92738,50.83904],[3.91823,50.83097],[3.92116,50.82808],[3.90913,50.82163],[3.90489,50.83023],[3.8956,50.83698],[3.89226,50.83313],[3.86555,50.83112],[3.84953,50.83777],[3.86529,50.84453],[3.85143,50.84973],[3.85494,50.8588],[3.86353,50.86319],[3.85392,50.86559],[3.85701,50.87097],[3.86719,50.87238],[3.85905,50.88256],[3.83961,50.88857],[3.83771,50.89468],[3.84793,50.90253],[3.86927,50.90544],[3.86491,50.90853],[3.87879,50.91618],[3.89277,50.91813]]]]}},{"type":"Feature","properties":{"refnis":41034},"geometry":{"type":"MultiPolygon","coordinates":[[[[3.91256,50.98354],[3.91852,50.9797],[3.94068,50.97772],[3.94817,50.97313],[3.95055,50.98263],[3.98523,50.98027],[4.00632,50.98513],[4.01538,50.98717],[4.01843,50.9798],[4.00938,50.96499],[4.01507,50.96116],[4.00651,50.95593],[3.97294,50.95256],[3.95488,50.95464],[3.93778,50.94987],[3.91928,50.95336],[3.89379,50.94753],[3.87984,50.95424],[3.86811,50.95427],[3.86828,50.96409],[3.87928,50.97106],[3.8921,50.97337],[3.91256,50.98354]]]]}},{"type":"Feature","properties":{"refnis":41048},"geometry":{"type":"MultiPolygon","coordinates":[[[[3.94829,50.86271],[3.95832,50.86004],[3.95978,50.86676],[3.97322,50.86786],[3.9805,50.86467],[3.99263,50.86637],[3.99221,50.86102],[4.01075,50.86158],[4.02288,50.85854],[4.03873,50.86535],[4.04702,50.86458],[4.06287,50.87181],[4.06637,50.8657],[4.05902,50.85481],[4.05161,50.84189],[4.04066,50.83769],[4.0483,50.83252],[4.06682,50.83491],[4.07466,50.81351],[4.06782,50.80032],[4.05312,50.78411],[4.04047,50.78273],[4.03678,50.77732],[4.02694,50.78201],[4.01463,50.77124],[4.00204,50.77915],[3.98546,50.79499],[3.96684,50.80754],[3.95373,50.80879],[3.94848,50.81795],[3.94252,50.81267],[3.9341,50.82237],[3.92116,50.82808],[3.91823,50.83097],[3.92738,50.83904],[3.92567,50.84901],[3.93842,50.84946],[3.94705,50.85407],[3.94829,50.86271]]]]}},{"type":"Feature","properties":{"refnis":41063},"geometry":{"type":"MultiPolygon","coordinates":[[[[3.86811,50.95427],[3.87984,50.95424],[3.89379,50.94753],[3.91928,50.95336],[3.93778,50.94987],[3.93093,50.94891],[3.93124,50.94088],[3.91959,50.93775],[3.93057,50.92677],[3.90211,50.91864],[3.89277,50.91813],[3.87879,50.91618],[3.86491,50.90853],[3.86927,50.90544],[3.84793,50.90253],[3.82896,50.91287],[3.82343,50.91671],[3.83206,50.92551],[3.82742,50.93227],[3.8504,50.93965],[3.84763,50.95276],[3.86811,50.95427]]]]}},{"type":"Feature","properties":{"refnis":41081},"geometry":{"type":"MultiPolygon","coordinates":[[[[3.82896,50.91287],[3.84793,50.90253],[3.83771,50.89468],[3.83961,50.88857],[3.85905,50.88256],[3.86719,50.87238],[3.85701,50.87097],[3.85392,50.86559],[3.86353,50.86319],[3.85494,50.8588],[3.85143,50.84973],[3.86529,50.84453],[3.84953,50.83777],[3.84045,50.83778],[3.82726,50.82427],[3.81706,50.82599],[3.79505,50.81026],[3.78921,50.81274],[3.78481,50.83322],[3.77507,50.84232],[3.76346,50.8451],[3.76665,50.85459],[3.76272,50.8685],[3.75164,50.87578],[3.75886,50.89157],[3.74884,50.89903],[3.74704,50.90791],[3.75567,50.91381],[3.76612,50.91848],[3.78115,50.90864],[3.78465,50.90216],[3.79627,50.90113],[3.80652,50.89474],[3.81743,50.8994],[3.81675,50.90483],[3.82896,50.91287]]]]}},{"type":"Feature","properties":{"refnis":41082},"geometry":{"type":"MultiPolygon","coordinates":[[[[3.93778,50.94987],[3.95488,50.95464],[3.97294,50.95256],[4.00651,50.95593],[4.01125,50.94958],[3.99547,50.94124],[4.00057,50.93938],[3.98703,50.93312],[3.98245,50.91942],[3.98604,50.91636],[3.98037,50.91542],[3.98049,50.90227],[3.97065,50.90459],[3.95411,50.88948],[3.93777,50.88662],[3.93762,50.87507],[3.9166,50.87719],[3.92445,50.88303],[3.92167,50.89113],[3.92566,50.89929],[3.9111,50.90564],[3.90522,50.91485],[3.89277,50.91813],[3.90211,50.91864],[3.93057,50.92677],[3.91959,50.93775],[3.93124,50.94088],[3.93093,50.94891],[3.93778,50.94987]]]]}},{"type":"Feature","properties":{"refnis":42003},"geometry":{"type":"MultiPolygon","coordinates":[[[[3.92815,51.07129],[3.97151,51.07393],[3.97996,51.06016],[3.9805,51.05149],[3.99803,51.05196],[4.00937,51.05623],[4.01323,51.05039],[4.00802,51.03897],[4.03171,51.04085],[4.04076,51.03263],[4.03882,51.01759],[4.01272,51.00558],[3.99904,51.00411],[3.98168,51.00673],[3.9773,51.01356],[3.97955,51.02379],[3.96227,51.0202],[3.95591,51.00869],[3.94976,51.00616],[3.93094,51.01313],[3.94217,51.02512],[3.9381,51.03426],[3.92815,51.07129]]]]}},{"type":"Feature","properties":{"refnis":42004},"geometry":{"type":"MultiPolygon","coordinates":[[[[4.18953,51.03459],[4.19007,51.03973],[4.19574,51.04012],[4.21349,51.03174],[4.2329,51.04327],[4.24097,51.03682],[4.23611,51.01797],[4.22118,51.01416],[4.23424,51.00682],[4.22903,50.99852],[4.21501,50.98883],[4.19069,50.98281],[4.16383,50.98897],[4.16896,50.99402],[4.1677,51.00298],[4.15845,51.01016],[4.15436,51.02138],[4.19406,51.03129],[4.18953,51.03459]]]]}},{"type":"Feature","properties":{"refnis":42006},"geometry":{"type":"MultiPolygon","coordinates":[[[[4.09253,51.06639],[4.10636,51.07245],[4.13065,51.06279],[4.13046,51.05931],[4.1571,51.05546],[4.16514,51.0397],[4.17423,51.03325],[4.18953,51.03459],[4.19406,51.03129],[4.15436,51.02138],[4.13355,51.00878],[4.1236,51.0109],[4.10543,51.00614],[4.09247,51.00939],[4.08385,51.01639],[4.07252,51.01472],[4.07783,50.99782],[4.0722,50.98961],[4.06427,50.98681],[4.05372,50.99484],[4.03869,50.99261],[4.0312,50.98795],[4.01538,50.98717],[4.00632,50.98513],[3.99666,50.99605],[3.99904,51.00411],[4.01272,51.00558],[4.03882,51.01759],[4.04076,51.03263],[4.04766,51.04259],[4.06478,51.04976],[4.07848,51.04958],[4.07242,51.0539],[4.07761,51.05979],[4.09253,51.06639]]]]}},{"type":"Feature","properties":{"refnis":42008},"geometry":{"type":"MultiPolygon","coordinates":[[[[4.05855,51.10183],[4.06746,51.10793],[4.07597,51.10111],[4.08206,51.10256],[4.08359,51.09095],[4.09393,51.09753],[4.12183,51.10525],[4.12631,51.10035],[4.14169,51.10522],[4.16091,51.1111],[4.175,51.10787],[4.17578,51.10117],[4.17264,51.09],[4.18813,51.08261],[4.18628,51.06524],[4.19721,51.05773],[4.18811,51.04767],[4.19007,51.03973],[4.18953,51.03459],[4.17423,51.03325],[4.16514,51.0397],[4.1571,51.05546],[4.13046,51.05931],[4.13065,51.06279],[4.10636,51.07245],[4.09253,51.06639],[4.07511,51.08863],[4.06515,51.08566],[4.05855,51.10183]]]]}},{"type":"Feature","properties":{"refnis":42010},"geometry":{"type":"MultiPolygon","coordinates":[[[[3.92326,51.076],[3.92815,51.07129],[3.9381,51.03426],[3.93388,51.02897],[3.91772,51.02254],[3.895,51.02175],[3.88129,51.02835],[3.8643,51.0204],[3.82822,51.01728],[3.82451,51.01935],[3.82718,51.03311],[3.83716,51.04165],[3.82308,51.04494],[3.84366,51.05774],[3.85811,51.05021],[3.86642,51.0596],[3.88166,51.06405],[3.90221,51.06419],[3.90313,51.0686],[3.92326,51.076]]]]}},{"type":"Feature","properties":{"refnis":42011},"geometry":{"type":"MultiPolygon","coordinates":[[[[4.15436,51.02138],[4.15845,51.01016],[4.1677,51.00298],[4.16896,50.99402],[4.16383,50.98897],[4.15609,50.98597],[4.15714,50.97805],[4.14704,50.9693],[4.12526,50.97273],[4.12156,50.96701],[4.10501,50.97404],[4.08464,50.96792],[4.07394,50.9808],[4.0722,50.98961],[4.07783,50.99782],[4.07252,51.01472],[4.08385,51.01639],[4.09247,51.00939],[4.10543,51.00614],[4.1236,51.0109],[4.13355,51.00878],[4.15436,51.02138]]]]}},{"type":"Feature","properties":{"refnis":42023},"geometry":{"type":"MultiPolygon","coordinates":[[[[4.01218,51.13415],[4.02282,51.1386],[4.04868,51.13589],[4.06233,51.14314],[4.07954,51.13031],[4.10258,51.13148],[4.10842,51.14005],[4.12015,51.14182],[4.13163,51.12968],[4.1349,51.11736],[4.13017,51.1078],[4.14169,51.10522],[4.12631,51.10035],[4.12183,51.10525],[4.09393,51.09753],[4.08359,51.09095],[4.08206,51.10256],[4.07597,51.10111],[4.06746,51.10793],[4.05855,51.10183],[4.04507,51.09481],[4.03405,51.09489],[4.01949,51.09969],[4.02614,51.11199],[4.01218,51.13415]]]]}},{"type":"Feature","properties":{"refnis":42025},"geometry":{"type":"MultiPolygon","coordinates":[[[[3.82451,51.01935],[3.82822,51.01728],[3.8643,51.0204],[3.88129,51.02835],[3.895,51.02175],[3.91772,51.02254],[3.92325,51.0166],[3.91592,51.00835],[3.91832,51.00179],[3.91139,50.9958],[3.91635,50.99206],[3.91256,50.98354],[3.8921,50.97337],[3.87928,50.97106],[3.86828,50.96409],[3.86811,50.95427],[3.84763,50.95276],[3.85024,50.96407],[3.84258,50.96538],[3.82724,50.9749],[3.8246,50.98056],[3.83623,50.98493],[3.82972,50.99369],[3.83348,51.00407],[3.82361,51.00335],[3.82451,51.01935]]]]}},{"type":"Feature","properties":{"refnis":42026},"geometry":{"type":"MultiPolygon","coordinates":[[[[3.9381,51.03426],[3.94217,51.02512],[3.93094,51.01313],[3.94976,51.00616],[3.95591,51.00869],[3.96227,51.0202],[3.97955,51.02379],[3.9773,51.01356],[3.98168,51.00673],[3.99904,51.00411],[3.99666,50.99605],[4.00632,50.98513],[3.98523,50.98027],[3.95055,50.98263],[3.94817,50.97313],[3.94068,50.97772],[3.91852,50.9797],[3.91256,50.98354],[3.91635,50.99206],[3.91139,50.9958],[3.91832,51.00179],[3.91592,51.00835],[3.92325,51.0166],[3.91772,51.02254],[3.93388,51.02897],[3.9381,51.03426]]]]}},{"type":"Feature","properties":{"refnis":42028},"geometry":{"type":"MultiPolygon","coordinates":[[[[4.03405,51.09489],[4.04507,51.09481],[4.05855,51.10183],[4.06515,51.08566],[4.07511,51.08863],[4.09253,51.06639],[4.07761,51.05979],[4.07242,51.0539],[4.07848,51.04958],[4.06478,51.04976],[4.04766,51.04259],[4.04076,51.03263],[4.03171,51.04085],[4.00802,51.03897],[4.01323,51.05039],[4.00937,51.05623],[3.99803,51.05196],[3.9805,51.05149],[3.97996,51.06016],[3.97151,51.07393],[3.98886,51.0753],[4.01365,51.08292],[4.03405,51.09489]]]]}},{"type":"Feature","properties":{"refnis":43002},"geometry":{"type":"MultiPolygon","coordinates":[[[[3.7909,51.21426],[3.78052,51.2096],[3.77517,51.19915],[3.76482,51.19138],[3.74093,51.19254],[3.731,51.19862],[3.72995,51.17873],[3.72404,51.17544],[3.69225,51.18565],[3.68942,51.18091],[3.69304,51.16775],[3.66508,51.1681],[3.66035,51.18704],[3.66434,51.1932],[3.65367,51.22666],[3.6559,51.23163],[3.6346,51.23099],[3.62854,51.24813],[3.61262,51.24902],[3.65158,51.25577],[3.66258,51.25459],[3.68187,51.25862],[3.68699,51.28083],[3.69359,51.27612],[3.71892,51.27153],[3.72698,51.2731],[3.75572,51.26934],[3.76248,51.26175],[3.77379,51.26398],[3.79547,51.25605],[3.78945,51.24579],[3.78845,51.22637],[3.7909,51.21426]]]]}},{"type":"Feature","properties":{"refnis":43005},"geometry":{"type":"MultiPolygon","coordinates":[[[[3.5084,51.21545],[3.51527,51.21852],[3.57544,51.21827],[3.58925,51.21806],[3.59957,51.21385],[3.60587,51.20371],[3.59545,51.20362],[3.60473,51.19574],[3.60894,51.18586],[3.60818,51.17285],[3.59369,51.17281],[3.57519,51.1669],[3.57035,51.16977],[3.54506,51.16228],[3.52711,51.18607],[3.52473,51.19558],[3.51699,51.20152],[3.5084,51.21545]]]]}},{"type":"Feature","properties":{"refnis":43007},"geometry":{"type":"MultiPolygon","coordinates":[[[[3.61262,51.24902],[3.62854,51.24813],[3.6346,51.23099],[3.6559,51.23163],[3.65367,51.22666],[3.66434,51.1932],[3.66035,51.18704],[3.66508,51.1681],[3.64579,51.1699],[3.63743,51.17277],[3.60818,51.17285],[3.60894,51.18586],[3.60473,51.19574],[3.59545,51.20362],[3.60587,51.20371],[3.59957,51.21385],[3.58925,51.21806],[3.57544,51.21827],[3.60211,51.24592],[3.61262,51.24902]]]]}},{"type":"Feature","properties":{"refnis":43010},"geometry":{"type":"MultiPolygon","coordinates":[[[[3.47596,51.24262],[3.48419,51.24059],[3.48179,51.22835],[3.5084,51.21545],[3.51699,51.20152],[3.52473,51.19558],[3.52711,51.18607],[3.54506,51.16228],[3.53028,51.16007],[3.51569,51.1469],[3.48939,51.15172],[3.46568,51.15167],[3.45083,51.15414],[3.44921,51.14982],[3.41098,51.15986],[3.40665,51.15976],[3.38761,51.18119],[3.38667,51.18736],[3.3745,51.19054],[3.36527,51.18684],[3.36024,51.1919],[3.36479,51.1966],[3.37767,51.19693],[3.38553,51.20332],[3.3768,51.2213],[3.36839,51.22806],[3.39928,51.23729],[3.39471,51.25251],[3.3834,51.26687],[3.38125,51.27444],[3.38623,51.27393],[3.40641,51.25761],[3.41685,51.26001],[3.4246,51.25421],[3.42748,51.24466],[3.44828,51.24149],[3.47596,51.24262]]]]}},{"type":"Feature","properties":{"refnis":43014},"geometry":{"type":"MultiPolygon","coordinates":[[[[3.68699,51.28083],[3.68187,51.25862],[3.66258,51.25459],[3.65158,51.25577],[3.61262,51.24902],[3.60211,51.24592],[3.57544,51.21827],[3.51527,51.21852],[3.5084,51.21545],[3.48179,51.22835],[3.48419,51.24059],[3.47596,51.24262],[3.52804,51.24635],[3.51542,51.28715],[3.52913,51.28874],[3.53811,51.28367],[3.54343,51.2912],[3.55505,51.28964],[3.56264,51.29586],[3.58181,51.28691],[3.58793,51.29296],[3.58112,51.29832],[3.59083,51.30442],[3.64082,51.28809],[3.6581,51.29019],[3.68699,51.28083]]]]}},{"type":"Feature","properties":{"refnis":43018},"geometry":{"type":"MultiPolygon","coordinates":[[[[3.85628,51.2109],[3.83229,51.19163],[3.83572,51.18264],[3.82795,51.18632],[3.80346,51.18251],[3.79885,51.18871],[3.79932,51.19117],[3.79283,51.18637],[3.77208,51.18813],[3.76482,51.19138],[3.77517,51.19915],[3.78052,51.2096],[3.7909,51.21426],[3.82079,51.20924],[3.83637,51.2138],[3.85628,51.2109]]]]}},{"type":"Feature","properties":{"refnis":44013},"geometry":{"type":"MultiPolygon","coordinates":[[[[3.84366,51.05774],[3.82308,51.04494],[3.83716,51.04165],[3.82718,51.03311],[3.82451,51.01935],[3.82361,51.00335],[3.83348,51.00407],[3.82972,50.99369],[3.79789,51.00883],[3.78796,51.02122],[3.7889,51.03089],[3.79323,51.0399],[3.7863,51.04792],[3.75604,51.05186],[3.76578,51.06259],[3.78002,51.06304],[3.81084,51.07432],[3.81796,51.07812],[3.8418,51.08246],[3.84028,51.07021],[3.84449,51.06353],[3.83454,51.05962],[3.84366,51.05774]]]]}},{"type":"Feature","properties":{"refnis":44019},"geometry":{"type":"MultiPolygon","coordinates":[[[[3.76482,51.19138],[3.77208,51.18813],[3.79283,51.18637],[3.79932,51.19117],[3.79885,51.18871],[3.79006,51.18036],[3.79065,51.17195],[3.76352,51.16474],[3.75796,51.14431],[3.77701,51.14748],[3.7677,51.13318],[3.7525,51.12069],[3.72033,51.10488],[3.71016,51.10388],[3.69219,51.09555],[3.65905,51.08716],[3.6527,51.08979],[3.6475,51.10122],[3.64613,51.12074],[3.64762,51.14266],[3.64108,51.15588],[3.63272,51.15902],[3.64603,51.16296],[3.64579,51.1699],[3.66508,51.1681],[3.69304,51.16775],[3.68942,51.18091],[3.69225,51.18565],[3.72404,51.17544],[3.72995,51.17873],[3.731,51.19862],[3.74093,51.19254],[3.76482,51.19138]]]]}},{"type":"Feature","properties":{"refnis":44020},"geometry":{"type":"MultiPolygon","coordinates":[[[[3.68365,50.95613],[3.69639,50.95043],[3.70354,50.95212],[3.71198,50.94509],[3.70644,50.93961],[3.71357,50.93636],[3.72492,50.94146],[3.73215,50.93529],[3.74939,50.93452],[3.74696,50.9302],[3.72814,50.92338],[3.73318,50.91425],[3.75138,50.91714],[3.75567,50.91381],[3.74704,50.90791],[3.72796,50.90238],[3.72548,50.91201],[3.70677,50.90904],[3.70185,50.91171],[3.68901,50.90499],[3.68556,50.90784],[3.67308,50.9145],[3.66126,50.90934],[3.64515,50.90909],[3.6418,50.91618],[3.62396,50.92012],[3.63236,50.92485],[3.62654,50.92851],[3.63214,50.93905],[3.65112,50.93633],[3.64769,50.94802],[3.65334,50.95507],[3.67687,50.95391],[3.68365,50.95613]]]]}},{"type":"Feature","properties":{"refnis":44021},"geometry":{"type":"MultiPolygon","coordinates":[[[[3.83572,51.18264],[3.82902,51.1688],[3.84458,51.15636],[3.84934,51.14761],[3.83828,51.14767],[3.81991,51.14157],[3.82131,51.12512],[3.80884,51.11427],[3.78919,51.1083],[3.78962,51.09783],[3.81084,51.07432],[3.78002,51.06304],[3.76578,51.06259],[3.75604,51.05186],[3.7863,51.04792],[3.79323,51.0399],[3.7889,51.03089],[3.76705,51.02518],[3.76289,51.01852],[3.74735,51.02726],[3.73797,51.01162],[3.75086,51.00798],[3.74408,51.0018],[3.72461,50.99985],[3.72434,50.99299],[3.71107,50.97956],[3.69388,50.99523],[3.68118,50.99826],[3.66289,51.01431],[3.65295,51.00661],[3.64968,51.01253],[3.65509,51.01856],[3.64501,51.02533],[3.63984,51.02216],[3.63422,51.02968],[3.61501,51.03482],[3.60621,51.02843],[3.59874,51.0222],[3.57978,51.03028],[3.59018,51.04419],[3.60183,51.04817],[3.60987,51.05545],[3.61176,51.06361],[3.60134,51.06561],[3.61315,51.07656],[3.62311,51.07416],[3.63411,51.08355],[3.64105,51.07873],[3.65413,51.08243],[3.65887,51.07819],[3.66721,51.08314],[3.65905,51.08716],[3.69219,51.09555],[3.71016,51.10388],[3.72033,51.10488],[3.7525,51.12069],[3.7677,51.13318],[3.77701,51.14748],[3.75796,51.14431],[3.76352,51.16474],[3.79065,51.17195],[3.79006,51.18036],[3.79885,51.18871],[3.80346,51.18251],[3.82795,51.18632],[3.83572,51.18264]]]]}},{"type":"Feature","properties":{"refnis":44052},"geometry":{"type":"MultiPolygon","coordinates":[[[[3.82724,50.9749],[3.84258,50.96538],[3.85024,50.96407],[3.84763,50.95276],[3.8504,50.93965],[3.82742,50.93227],[3.83206,50.92551],[3.82343,50.91671],[3.82896,50.91287],[3.81675,50.90483],[3.81743,50.8994],[3.80652,50.89474],[3.79627,50.90113],[3.78465,50.90216],[3.78115,50.90864],[3.76612,50.91848],[3.75567,50.91381],[3.75138,50.91714],[3.73318,50.91425],[3.72814,50.92338],[3.74696,50.9302],[3.74939,50.93452],[3.75317,50.94106],[3.76456,50.94645],[3.75625,50.95493],[3.78356,50.97269],[3.79857,50.97766],[3.8079,50.97136],[3.82724,50.9749]]]]}},{"type":"Feature","properties":{"refnis":44064},"geometry":{"type":"MultiPolygon","coordinates":[[[[3.65295,51.00661],[3.63611,50.99885],[3.62932,50.99171],[3.61039,50.98172],[3.60747,50.98311],[3.60845,50.98662],[3.59452,50.99324],[3.60154,51.00553],[3.59144,51.00942],[3.60859,51.018],[3.60621,51.02843],[3.61501,51.03482],[3.63422,51.02968],[3.63984,51.02216],[3.64501,51.02533],[3.65509,51.01856],[3.64968,51.01253],[3.65295,51.00661]]]]}},{"type":"Feature","properties":{"refnis":44081},"geometry":{"type":"MultiPolygon","coordinates":[[[[3.52657,50.94774],[3.51956,50.94629],[3.49457,50.92527],[3.48459,50.91366],[3.46678,50.90214],[3.45323,50.90765],[3.44515,50.90065],[3.43151,50.89681],[3.41602,50.90481],[3.4196,50.91094],[3.4339,50.91829],[3.42403,50.92579],[3.43008,50.93284],[3.45341,50.92912],[3.45451,50.93778],[3.44312,50.93694],[3.43823,50.94159],[3.46097,50.94214],[3.45427,50.94938],[3.45984,50.95986],[3.48363,50.95947],[3.47401,50.96719],[3.47543,50.97739],[3.48209,50.98121],[3.50383,50.98353],[3.50414,50.96524],[3.5168,50.953],[3.52206,50.95553],[3.52657,50.94774]]]]}},{"type":"Feature","properties":{"refnis":44083},"geometry":{"type":"MultiPolygon","coordinates":[[[[3.52559,51.09005],[3.5658,51.09608],[3.58366,51.10107],[3.59764,51.0878],[3.59221,51.08243],[3.61315,51.07656],[3.60134,51.06561],[3.61176,51.06361],[3.60987,51.05545],[3.60183,51.04817],[3.59018,51.04419],[3.57978,51.03028],[3.59874,51.0222],[3.60621,51.02843],[3.60859,51.018],[3.59144,51.00942],[3.60154,51.00553],[3.59452,50.99324],[3.60845,50.98662],[3.60747,50.98311],[3.59085,50.98073],[3.59772,50.97111],[3.56315,50.96483],[3.54181,50.95293],[3.52657,50.94774],[3.52206,50.95553],[3.5168,50.953],[3.50414,50.96524],[3.50383,50.98353],[3.48209,50.98121],[3.47543,50.97739],[3.47401,50.96719],[3.48363,50.95947],[3.45984,50.95986],[3.45427,50.94938],[3.44419,50.95199],[3.43177,50.94714],[3.42171,50.94883],[3.4134,50.95829],[3.43932,50.96431],[3.4264,50.98145],[3.43349,50.98892],[3.45058,50.99468],[3.44478,50.99883],[3.45231,51.00387],[3.44485,51.01648],[3.45843,51.02307],[3.4954,51.02526],[3.50125,51.0277],[3.49936,51.03646],[3.50828,51.043],[3.50637,51.05987],[3.51386,51.06226],[3.50258,51.07595],[3.51998,51.08976],[3.52559,51.09005]]]]}},{"type":"Feature","properties":{"refnis":44084},"geometry":{"type":"MultiPolygon","coordinates":[[[[3.51569,51.1469],[3.51266,51.133],[3.52519,51.12625],[3.51072,51.11379],[3.51326,51.10411],[3.52332,51.10228],[3.52559,51.09005],[3.51998,51.08976],[3.50258,51.07595],[3.51386,51.06226],[3.50637,51.05987],[3.50828,51.043],[3.49936,51.03646],[3.50125,51.0277],[3.4954,51.02526],[3.45843,51.02307],[3.44485,51.01648],[3.42593,51.03495],[3.42273,51.03854],[3.43669,51.03886],[3.44588,51.04749],[3.43493,51.05425],[3.41997,51.05531],[3.42116,51.06186],[3.39367,51.06797],[3.37276,51.08451],[3.3595,51.08696],[3.33136,51.09888],[3.35493,51.11221],[3.37261,51.11567],[3.38975,51.13085],[3.40294,51.14713],[3.40102,51.15127],[3.41098,51.15986],[3.44921,51.14982],[3.45083,51.15414],[3.46568,51.15167],[3.48939,51.15172],[3.51569,51.1469]]]]}},{"type":"Feature","properties":{"refnis":44085},"geometry":{"type":"MultiPolygon","coordinates":[[[[3.54506,51.16228],[3.57035,51.16977],[3.57519,51.1669],[3.59369,51.17281],[3.60818,51.17285],[3.63743,51.17277],[3.64579,51.1699],[3.64603,51.16296],[3.63272,51.15902],[3.64108,51.15588],[3.64762,51.14266],[3.64613,51.12074],[3.6475,51.10122],[3.6527,51.08979],[3.65905,51.08716],[3.66721,51.08314],[3.65887,51.07819],[3.65413,51.08243],[3.64105,51.07873],[3.63411,51.08355],[3.62311,51.07416],[3.61315,51.07656],[3.59221,51.08243],[3.59764,51.0878],[3.58366,51.10107],[3.5658,51.09608],[3.52559,51.09005],[3.52332,51.10228],[3.51326,51.10411],[3.51072,51.11379],[3.52519,51.12625],[3.51266,51.133],[3.51569,51.1469],[3.53028,51.16007],[3.54506,51.16228]]]]}},{"type":"Feature","properties":{"refnis":44086},"geometry":{"type":"MultiPolygon","coordinates":[[[[3.71107,50.97956],[3.69193,50.96579],[3.68365,50.95613],[3.67687,50.95391],[3.65334,50.95507],[3.64769,50.94802],[3.65112,50.93633],[3.63214,50.93905],[3.62654,50.92851],[3.59776,50.9401],[3.58814,50.93177],[3.57348,50.93364],[3.54692,50.94053],[3.53855,50.94583],[3.54181,50.95293],[3.56315,50.96483],[3.59772,50.97111],[3.59085,50.98073],[3.60747,50.98311],[3.61039,50.98172],[3.62932,50.99171],[3.63611,50.99885],[3.65295,51.00661],[3.66289,51.01431],[3.68118,50.99826],[3.69388,50.99523],[3.71107,50.97956]]]]}},{"type":"Feature","properties":{"refnis":44087},"geometry":{"type":"MultiPolygon","coordinates":[[[[3.91871,51.20774],[3.92216,51.19895],[3.91246,51.19508],[3.90213,51.1647],[3.91006,51.15634],[3.90294,51.15555],[3.89707,51.12936],[3.90285,51.1164],[3.90197,51.09237],[3.908,51.0821],[3.92326,51.076],[3.90313,51.0686],[3.90221,51.06419],[3.88166,51.06405],[3.86642,51.0596],[3.85811,51.05021],[3.84366,51.05774],[3.83454,51.05962],[3.84449,51.06353],[3.84028,51.07021],[3.8418,51.08246],[3.81796,51.07812],[3.81084,51.07432],[3.78962,51.09783],[3.78919,51.1083],[3.80884,51.11427],[3.82131,51.12512],[3.81991,51.14157],[3.83828,51.14767],[3.84934,51.14761],[3.84458,51.15636],[3.82902,51.1688],[3.83572,51.18264],[3.83229,51.19163],[3.85628,51.2109],[3.8885,51.22302],[3.89024,51.214],[3.87763,51.20801],[3.8863,51.20018],[3.91871,51.20774]]]]}},{"type":"Feature","properties":{"refnis":44088},"geometry":{"type":"MultiPolygon","coordinates":[[[[3.7889,51.03089],[3.78796,51.02122],[3.79789,51.00883],[3.82972,50.99369],[3.83623,50.98493],[3.8246,50.98056],[3.82724,50.9749],[3.8079,50.97136],[3.79857,50.97766],[3.78356,50.97269],[3.75625,50.95493],[3.76456,50.94645],[3.75317,50.94106],[3.74939,50.93452],[3.73215,50.93529],[3.72492,50.94146],[3.71357,50.93636],[3.70644,50.93961],[3.71198,50.94509],[3.70354,50.95212],[3.69639,50.95043],[3.68365,50.95613],[3.69193,50.96579],[3.71107,50.97956],[3.72434,50.99299],[3.72461,50.99985],[3.74408,51.0018],[3.75086,51.00798],[3.73797,51.01162],[3.74735,51.02726],[3.76289,51.01852],[3.76705,51.02518],[3.7889,51.03089]]]]}},{"type":"Feature","properties":{"refnis":45035},"geometry":{"type":"MultiPolygon","coordinates":[[[[3.66778,50.88928],[3.6805,50.88879],[3.68863,50.88092],[3.69746,50.86229],[3.68505,50.8555],[3.68654,50.84921],[3.67757,50.83501],[3.68176,50.82516],[3.67247,50.82152],[3.66001,50.82938],[3.64751,50.82694],[3.63443,50.82874],[3.62848,50.81905],[3.61124,50.8255],[3.59899,50.818],[3.59687,50.80548],[3.5909,50.80661],[3.58167,50.79933],[3.57232,50.79827],[3.56894,50.79099],[3.56179,50.7905],[3.55633,50.80012],[3.54109,50.81129],[3.55713,50.82025],[3.57544,50.82091],[3.58932,50.83352],[3.56585,50.84008],[3.57779,50.84888],[3.57419,50.85884],[3.54859,50.8801],[3.56091,50.88398],[3.56961,50.8783],[3.59795,50.88985],[3.59506,50.89557],[3.63024,50.90035],[3.64569,50.8952],[3.64268,50.88871],[3.65913,50.88631],[3.66778,50.88928]]]]}},{"type":"Feature","properties":{"refnis":45041},"geometry":{"type":"MultiPolygon","coordinates":[[[[3.54124,50.73339],[3.54779,50.7472],[3.53857,50.7574],[3.54067,50.7629],[3.56542,50.76255],[3.57406,50.75924],[3.58715,50.76486],[3.59747,50.76727],[3.63099,50.76757],[3.64138,50.77176],[3.64717,50.76897],[3.65486,50.77618],[3.6532,50.78417],[3.66863,50.7704],[3.6776,50.7707],[3.66949,50.76396],[3.67355,50.76047],[3.65986,50.75436],[3.65896,50.74687],[3.64227,50.73783],[3.64039,50.72231],[3.62361,50.72252],[3.61027,50.73227],[3.5682,50.72813],[3.55933,50.7341],[3.54124,50.73339]]]]}},{"type":"Feature","properties":{"refnis":45059},"geometry":{"type":"MultiPolygon","coordinates":[[[[3.77567,50.7479],[3.76865,50.7579],[3.75322,50.77163],[3.75852,50.78041],[3.73819,50.77031],[3.71552,50.76796],[3.70904,50.7747],[3.71021,50.78185],[3.71034,50.79495],[3.70432,50.79682],[3.70511,50.805],[3.69925,50.81149],[3.70651,50.81623],[3.71347,50.83675],[3.72068,50.83471],[3.71854,50.8387],[3.75703,50.8473],[3.76346,50.8451],[3.77507,50.84232],[3.78481,50.83322],[3.78921,50.81274],[3.79505,50.81026],[3.78347,50.80178],[3.79976,50.79312],[3.81898,50.79571],[3.81418,50.78742],[3.8198,50.78113],[3.80803,50.78313],[3.80363,50.77904],[3.81991,50.76165],[3.81082,50.75817],[3.81547,50.75072],[3.77567,50.7479]]]]}},{"type":"Feature","properties":{"refnis":45060},"geometry":{"type":"MultiPolygon","coordinates":[[[[3.54067,50.7629],[3.53358,50.76482],[3.50909,50.75877],[3.47831,50.75912],[3.45905,50.76463],[3.49935,50.79268],[3.51699,50.79645],[3.52335,50.80534],[3.54109,50.81129],[3.55633,50.80012],[3.56179,50.7905],[3.56894,50.79099],[3.57232,50.79827],[3.58167,50.79933],[3.58425,50.78978],[3.57811,50.78171],[3.58715,50.76486],[3.57406,50.75924],[3.56542,50.76255],[3.54067,50.7629]]]]}},{"type":"Feature","properties":{"refnis":45061},"geometry":{"type":"MultiPolygon","coordinates":[[[[3.50948,50.81359],[3.49869,50.82443],[3.51456,50.83221],[3.50174,50.83656],[3.50346,50.84107],[3.49356,50.8456],[3.4892,50.85403],[3.48009,50.85738],[3.46877,50.85357],[3.46492,50.86028],[3.45293,50.86605],[3.4572,50.87619],[3.47091,50.87826],[3.4867,50.87964],[3.50152,50.86981],[3.5084,50.87368],[3.53239,50.87748],[3.53262,50.8867],[3.54859,50.8801],[3.57419,50.85884],[3.57779,50.84888],[3.56585,50.84008],[3.58932,50.83352],[3.57544,50.82091],[3.55713,50.82025],[3.54109,50.81129],[3.52335,50.80534],[3.50948,50.81359]]]]}},{"type":"Feature","properties":{"refnis":45062},"geometry":{"type":"MultiPolygon","coordinates":[[[[3.67247,50.82152],[3.68176,50.82516],[3.67757,50.83501],[3.68654,50.84921],[3.68505,50.8555],[3.69746,50.86229],[3.71557,50.84732],[3.71347,50.83675],[3.70651,50.81623],[3.69925,50.81149],[3.68832,50.8091],[3.69358,50.80523],[3.68769,50.7984],[3.67937,50.80527],[3.68497,50.80919],[3.67247,50.82152]]]]}},{"type":"Feature","properties":{"refnis":45063},"geometry":{"type":"MultiPolygon","coordinates":[[[[3.84953,50.83777],[3.86555,50.83112],[3.85949,50.81871],[3.87788,50.812],[3.88083,50.80627],[3.86494,50.79266],[3.87023,50.78682],[3.84483,50.77472],[3.82633,50.77775],[3.81418,50.78742],[3.81898,50.79571],[3.79976,50.79312],[3.78347,50.80178],[3.79505,50.81026],[3.81706,50.82599],[3.82726,50.82427],[3.84045,50.83778],[3.84953,50.83777]]]]}},{"type":"Feature","properties":{"refnis":45064},"geometry":{"type":"MultiPolygon","coordinates":[[[[3.6776,50.7707],[3.66863,50.7704],[3.6532,50.78417],[3.65486,50.77618],[3.64717,50.76897],[3.64138,50.77176],[3.63099,50.76757],[3.59747,50.76727],[3.58715,50.76486],[3.57811,50.78171],[3.58425,50.78978],[3.58167,50.79933],[3.5909,50.80661],[3.59687,50.80548],[3.59899,50.818],[3.61124,50.8255],[3.62848,50.81905],[3.63443,50.82874],[3.64751,50.82694],[3.66001,50.82938],[3.67247,50.82152],[3.68497,50.80919],[3.67937,50.80527],[3.68769,50.7984],[3.69358,50.80523],[3.68832,50.8091],[3.69925,50.81149],[3.70511,50.805],[3.70432,50.79682],[3.71034,50.79495],[3.71021,50.78185],[3.69708,50.77344],[3.68854,50.77358],[3.6776,50.7707]]]]}},{"type":"Feature","properties":{"refnis":45065},"geometry":{"type":"MultiPolygon","coordinates":[[[[3.68556,50.90784],[3.68901,50.90499],[3.70185,50.91171],[3.70677,50.90904],[3.72548,50.91201],[3.72796,50.90238],[3.74704,50.90791],[3.74884,50.89903],[3.75886,50.89157],[3.75164,50.87578],[3.76272,50.8685],[3.76665,50.85459],[3.76346,50.8451],[3.75703,50.8473],[3.71854,50.8387],[3.72068,50.83471],[3.71347,50.83675],[3.71557,50.84732],[3.69746,50.86229],[3.68863,50.88092],[3.6805,50.88879],[3.66778,50.88928],[3.68029,50.89348],[3.68556,50.90784]]]]}},{"type":"Feature","properties":{"refnis":45068},"geometry":{"type":"MultiPolygon","coordinates":[[[[3.54181,50.95293],[3.53855,50.94583],[3.54692,50.94053],[3.57348,50.93364],[3.58814,50.93177],[3.59776,50.9401],[3.62654,50.92851],[3.63236,50.92485],[3.62396,50.92012],[3.6418,50.91618],[3.64515,50.90909],[3.66126,50.90934],[3.67308,50.9145],[3.68556,50.90784],[3.68029,50.89348],[3.66778,50.88928],[3.65913,50.88631],[3.64268,50.88871],[3.64569,50.8952],[3.63024,50.90035],[3.59506,50.89557],[3.59795,50.88985],[3.56961,50.8783],[3.56091,50.88398],[3.54859,50.8801],[3.53262,50.8867],[3.53239,50.87748],[3.5084,50.87368],[3.50152,50.86981],[3.4867,50.87964],[3.47091,50.87826],[3.47056,50.88938],[3.47648,50.89569],[3.46678,50.90214],[3.48459,50.91366],[3.49457,50.92527],[3.51956,50.94629],[3.52657,50.94774],[3.54181,50.95293]]]]}},{"type":"Feature","properties":{"refnis":46020},"geometry":{"type":"MultiPolygon","coordinates":[[[[4.16596,51.29282],[4.16192,51.26498],[4.15684,51.25107],[4.16643,51.22988],[4.16185,51.22929],[4.1525,51.21368],[4.16066,51.20271],[4.13825,51.19126],[4.11552,51.19107],[4.11192,51.17977],[4.08838,51.18074],[4.08578,51.17549],[4.05909,51.18395],[4.06969,51.1928],[4.0761,51.20525],[4.08854,51.20478],[4.09351,51.21193],[4.08286,51.22126],[4.07763,51.21966],[4.07267,51.22831],[4.08495,51.232],[4.07073,51.24994],[4.16596,51.29282]]]]}},{"type":"Feature","properties":{"refnis":46021},"geometry":{"type":"MultiPolygon","coordinates":[[[[3.99222,51.169],[4.03038,51.18656],[4.03629,51.19163],[4.05909,51.18395],[4.08578,51.17549],[4.08838,51.18074],[4.11192,51.17977],[4.11552,51.19107],[4.13825,51.19126],[4.16066,51.20271],[4.16847,51.20736],[4.18308,51.2078],[4.2018,51.20461],[4.21163,51.19058],[4.20515,51.17477],[4.22183,51.17544],[4.21264,51.16624],[4.19083,51.15996],[4.19021,51.14528],[4.13163,51.12968],[4.12015,51.14182],[4.10842,51.14005],[4.10258,51.13148],[4.07954,51.13031],[4.06233,51.14314],[4.04868,51.13589],[4.02282,51.1386],[4.01218,51.13415],[3.98533,51.14773],[4.00094,51.15865],[3.99222,51.169]]]]}},{"type":"Feature","properties":{"refnis":46024},"geometry":{"type":"MultiPolygon","coordinates":[[[[4.07073,51.24994],[4.08495,51.232],[4.07267,51.22831],[4.07763,51.21966],[4.08286,51.22126],[4.09351,51.21193],[4.08854,51.20478],[4.0761,51.20525],[4.06969,51.1928],[4.05909,51.18395],[4.03629,51.19163],[4.03038,51.18656],[3.99222,51.169],[3.97958,51.18676],[3.98213,51.18763],[3.97112,51.20795],[3.99421,51.21605],[3.97774,51.22503],[3.98621,51.23416],[4.01106,51.24403],[4.02449,51.2415],[4.03654,51.24568],[4.04055,51.24132],[4.05791,51.24342],[4.07073,51.24994]]]]}},{"type":"Feature","properties":{"refnis":46025},"geometry":{"type":"MultiPolygon","coordinates":[[[[4.28592,51.12375],[4.25269,51.11568],[4.23831,51.11603],[4.21324,51.12174],[4.19588,51.1095],[4.17578,51.10117],[4.175,51.10787],[4.16091,51.1111],[4.14169,51.10522],[4.13017,51.1078],[4.1349,51.11736],[4.13163,51.12968],[4.19021,51.14528],[4.19083,51.15996],[4.21264,51.16624],[4.22183,51.17544],[4.2357,51.16461],[4.24829,51.1405],[4.26025,51.13847],[4.26757,51.14419],[4.28592,51.12375]]]]}},{"type":"Feature","properties":{"refnis":46029},"geometry":{"type":"MultiPolygon","coordinates":[[[[3.97774,51.22503],[3.99421,51.21605],[3.97112,51.20795],[3.98213,51.18763],[3.97958,51.18676],[3.99222,51.169],[4.00094,51.15865],[3.98533,51.14773],[4.01218,51.13415],[4.02614,51.11199],[4.01949,51.09969],[4.03405,51.09489],[4.01365,51.08292],[3.98886,51.0753],[3.97151,51.07393],[3.92815,51.07129],[3.92326,51.076],[3.908,51.0821],[3.90197,51.09237],[3.90285,51.1164],[3.89707,51.12936],[3.90294,51.15555],[3.91006,51.15634],[3.90213,51.1647],[3.91246,51.19508],[3.92216,51.19895],[3.91871,51.20774],[3.916,51.21464],[3.92942,51.22026],[3.93598,51.21189],[3.95856,51.21581],[3.96429,51.22395],[3.97774,51.22503]]]]}},{"type":"Feature","properties":{"refnis":46030},"geometry":{"type":"MultiPolygon","coordinates":[[[[4.24205,51.35397],[4.26195,51.34136],[4.27091,51.3316],[4.27567,51.30986],[4.28143,51.30175],[4.31735,51.28826],[4.31702,51.27756],[4.30189,51.26402],[4.30652,51.25492],[4.33087,51.25011],[4.35203,51.24012],[4.33812,51.22983],[4.3573,51.20193],[4.34055,51.19693],[4.33212,51.18971],[4.32817,51.17314],[4.32978,51.1617],[4.32786,51.14093],[4.32256,51.13121],[4.30683,51.1248],[4.28592,51.12375],[4.26757,51.14419],[4.26025,51.13847],[4.24829,51.1405],[4.2357,51.16461],[4.22183,51.17544],[4.20515,51.17477],[4.21163,51.19058],[4.2018,51.20461],[4.18308,51.2078],[4.16847,51.20736],[4.16066,51.20271],[4.1525,51.21368],[4.16185,51.22929],[4.16643,51.22988],[4.15684,51.25107],[4.16192,51.26498],[4.16596,51.29282],[4.24205,51.35397]]]]}},{"type":"Feature","properties":{"refnis":51004},"geometry":{"type":"MultiPolygon","coordinates":[[[[3.70227,50.5803],[3.70706,50.57959],[3.71359,50.5891],[3.70194,50.59072],[3.68984,50.59856],[3.6981,50.61075],[3.69657,50.62143],[3.6798,50.62491],[3.67845,50.634],[3.66788,50.64142],[3.65511,50.64557],[3.67181,50.65535],[3.67898,50.6635],[3.67334,50.67061],[3.68717,50.67395],[3.70115,50.66858],[3.71704,50.67277],[3.72752,50.67035],[3.73128,50.68277],[3.72466,50.68681],[3.74878,50.6839],[3.751,50.69627],[3.75813,50.69575],[3.76273,50.68878],[3.77121,50.69469],[3.78671,50.6886],[3.79953,50.67771],[3.81483,50.67482],[3.83254,50.68385],[3.83795,50.67797],[3.85807,50.66935],[3.87314,50.67596],[3.88153,50.67595],[3.87648,50.66964],[3.89281,50.65229],[3.91302,50.64402],[3.89496,50.62287],[3.8943,50.61993],[3.87712,50.62291],[3.86069,50.63368],[3.85299,50.62732],[3.83951,50.62652],[3.83155,50.6209],[3.82061,50.60437],[3.81148,50.60737],[3.80235,50.60473],[3.7904,50.61349],[3.77794,50.60558],[3.75595,50.60011],[3.76098,50.59519],[3.74975,50.58328],[3.73531,50.57761],[3.72873,50.58085],[3.71974,50.57494],[3.72963,50.56481],[3.71411,50.56248],[3.69528,50.57135],[3.70227,50.5803]]]]}},{"type":"Feature","properties":{"refnis":51008},"geometry":{"type":"MultiPolygon","coordinates":[[[[3.62355,50.51181],[3.62609,50.51914],[3.60852,50.52102],[3.61973,50.52897],[3.61292,50.54065],[3.61677,50.56133],[3.62556,50.56114],[3.63244,50.55318],[3.65237,50.54774],[3.66243,50.55279],[3.65754,50.55576],[3.67157,50.57416],[3.68074,50.58158],[3.70227,50.5803],[3.69528,50.57135],[3.71411,50.56248],[3.71527,50.5567],[3.73003,50.557],[3.75268,50.5504],[3.76054,50.5422],[3.75525,50.53113],[3.74082,50.5214],[3.7457,50.50256],[3.73627,50.49609],[3.71881,50.4924],[3.71287,50.48092],[3.69191,50.48752],[3.68278,50.49997],[3.69159,50.50308],[3.6752,50.51302],[3.63506,50.51439],[3.62355,50.51181]]]]}},{"type":"Feature","properties":{"refnis":51009},"geometry":{"type":"MultiPolygon","coordinates":[[[[3.61522,50.49041],[3.62439,50.49217],[3.62926,50.50069],[3.61942,50.5047],[3.62355,50.51181],[3.63506,50.51439],[3.6752,50.51302],[3.69159,50.50308],[3.68278,50.49997],[3.69191,50.48752],[3.71287,50.48092],[3.71881,50.4924],[3.73627,50.49609],[3.74812,50.48628],[3.75333,50.47074],[3.74309,50.45441],[3.75208,50.44589],[3.73839,50.44237],[3.71011,50.4477],[3.69434,50.45569],[3.67421,50.46244],[3.65612,50.46267],[3.64341,50.46334],[3.63495,50.47146],[3.63251,50.47995],[3.61522,50.49041]]]]}},{"type":"Feature","properties":{"refnis":51012},"geometry":{"type":"MultiPolygon","coordinates":[[[[3.82061,50.60437],[3.83155,50.6209],[3.83951,50.62652],[3.85299,50.62732],[3.86069,50.63368],[3.87712,50.62291],[3.8943,50.61993],[3.89496,50.62287],[3.90424,50.6156],[3.91174,50.60267],[3.89625,50.58799],[3.90999,50.58198],[3.89545,50.57825],[3.87891,50.5694],[3.86306,50.58213],[3.83576,50.58203],[3.83619,50.59004],[3.81886,50.60102],[3.82061,50.60437]]]]}},{"type":"Feature","properties":{"refnis":51014},"geometry":{"type":"MultiPolygon","coordinates":[[[[3.75525,50.53113],[3.76054,50.5422],[3.75268,50.5504],[3.73003,50.557],[3.71527,50.5567],[3.71411,50.56248],[3.72963,50.56481],[3.71974,50.57494],[3.72873,50.58085],[3.73531,50.57761],[3.74975,50.58328],[3.76098,50.59519],[3.75595,50.60011],[3.77794,50.60558],[3.7904,50.61349],[3.80235,50.60473],[3.81148,50.60737],[3.82061,50.60437],[3.81886,50.60102],[3.83619,50.59004],[3.83576,50.58203],[3.82848,50.56811],[3.83788,50.56124],[3.82666,50.55044],[3.82032,50.55186],[3.80745,50.53982],[3.78283,50.53805],[3.77454,50.534],[3.77258,50.52655],[3.75525,50.53113]]]]}},{"type":"Feature","properties":{"refnis":51017},"geometry":{"type":"MultiPolygon","coordinates":[[[[3.64039,50.72231],[3.64227,50.73783],[3.65896,50.74687],[3.65986,50.75436],[3.67355,50.76047],[3.66949,50.76396],[3.6776,50.7707],[3.68854,50.77358],[3.6854,50.76328],[3.69041,50.76204],[3.69517,50.74478],[3.70952,50.73551],[3.72684,50.73487],[3.74486,50.72938],[3.76241,50.71982],[3.76666,50.70535],[3.75813,50.69575],[3.751,50.69627],[3.74878,50.6839],[3.72466,50.68681],[3.70586,50.69604],[3.68132,50.69179],[3.66912,50.69528],[3.68025,50.70334],[3.65728,50.70519],[3.64056,50.71218],[3.64039,50.72231]]]]}},{"type":"Feature","properties":{"refnis":51019},"geometry":{"type":"MultiPolygon","coordinates":[[[[3.68854,50.77358],[3.69708,50.77344],[3.71021,50.78185],[3.70904,50.7747],[3.71552,50.76796],[3.73819,50.77031],[3.75852,50.78041],[3.75322,50.77163],[3.76865,50.7579],[3.77567,50.7479],[3.7727,50.73138],[3.75676,50.73632],[3.74486,50.72938],[3.72684,50.73487],[3.70952,50.73551],[3.69517,50.74478],[3.69041,50.76204],[3.6854,50.76328],[3.68854,50.77358]]]]}},{"type":"Feature","properties":{"refnis":51065},"geometry":{"type":"MultiPolygon","coordinates":[[[[3.52927,50.66053],[3.53331,50.66556],[3.52223,50.67248],[3.50834,50.69135],[3.48755,50.70358],[3.49417,50.71015],[3.51027,50.71031],[3.54256,50.72274],[3.53676,50.72552],[3.54124,50.73339],[3.55933,50.7341],[3.5682,50.72813],[3.61027,50.73227],[3.62361,50.72252],[3.64039,50.72231],[3.64056,50.71218],[3.65728,50.70519],[3.68025,50.70334],[3.66912,50.69528],[3.68132,50.69179],[3.70586,50.69604],[3.72466,50.68681],[3.73128,50.68277],[3.72752,50.67035],[3.71704,50.67277],[3.70115,50.66858],[3.68717,50.67395],[3.67334,50.67061],[3.67898,50.6635],[3.67181,50.65535],[3.65511,50.64557],[3.64776,50.64553],[3.65504,50.63199],[3.64061,50.63289],[3.63026,50.64147],[3.61025,50.63309],[3.59656,50.63591],[3.58666,50.63391],[3.59114,50.62854],[3.58052,50.62579],[3.57374,50.62951],[3.56009,50.6274],[3.54968,50.62998],[3.56534,50.63754],[3.55029,50.6484],[3.5457,50.64617],[3.52927,50.66053]]]]}},{"type":"Feature","properties":{"refnis":51067},"geometry":{"type":"MultiPolygon","coordinates":[[[[4.06664,50.65416],[4.05831,50.65996],[4.06447,50.664],[4.0485,50.67011],[4.03812,50.68519],[4.02922,50.68136],[4.00725,50.65375],[3.99442,50.64215],[3.98081,50.63603],[3.97757,50.63051],[3.96876,50.63312],[3.97811,50.64707],[3.97651,50.65488],[3.96232,50.65827],[3.96915,50.66497],[3.96093,50.68313],[3.96508,50.6897],[3.99011,50.68767],[4.00995,50.69942],[4.01712,50.69392],[4.03207,50.69393],[4.04751,50.70161],[4.05874,50.69449],[4.07208,50.71176],[4.08545,50.71194],[4.10047,50.70595],[4.11101,50.70965],[4.11353,50.70529],[4.0922,50.70109],[4.09841,50.69511],[4.09738,50.67671],[4.09179,50.66897],[4.07448,50.66078],[4.06664,50.65416]]]]}},{"type":"Feature","properties":{"refnis":51068},"geometry":{"type":"MultiPolygon","coordinates":[[[[3.96193,50.59018],[3.951,50.5944],[3.95379,50.60662],[3.94337,50.60403],[3.93649,50.60751],[3.94754,50.61252],[3.93513,50.61482],[3.9296,50.60837],[3.90921,50.61714],[3.90424,50.6156],[3.89496,50.62287],[3.91302,50.64402],[3.89281,50.65229],[3.87648,50.66964],[3.88153,50.67595],[3.90965,50.69248],[3.92557,50.69542],[3.93133,50.68946],[3.95878,50.68958],[3.96508,50.6897],[3.96093,50.68313],[3.96915,50.66497],[3.96232,50.65827],[3.97651,50.65488],[3.97811,50.64707],[3.96876,50.63312],[3.97757,50.63051],[3.98081,50.63603],[3.99442,50.64215],[4.00725,50.65375],[4.02922,50.68136],[4.03812,50.68519],[4.0485,50.67011],[4.06447,50.664],[4.05831,50.65996],[4.06664,50.65416],[4.05399,50.64991],[4.03745,50.63802],[4.02658,50.63374],[4.01502,50.63289],[4.00401,50.62498],[4.00025,50.62803],[3.97826,50.62194],[3.98315,50.61178],[3.97311,50.59555],[3.96193,50.59018]]]]}},{"type":"Feature","properties":{"refnis":51069},"geometry":{"type":"MultiPolygon","coordinates":[[[[3.75813,50.69575],[3.76666,50.70535],[3.76241,50.71982],[3.74486,50.72938],[3.75676,50.73632],[3.7727,50.73138],[3.77567,50.7479],[3.81547,50.75072],[3.81884,50.74468],[3.83847,50.74143],[3.86138,50.75088],[3.87053,50.74801],[3.8798,50.75145],[3.89909,50.73715],[3.89568,50.73302],[3.89693,50.72921],[3.88924,50.71237],[3.9016,50.70794],[3.91348,50.69875],[3.90965,50.69248],[3.88153,50.67595],[3.87314,50.67596],[3.85807,50.66935],[3.83795,50.67797],[3.83254,50.68385],[3.81483,50.67482],[3.79953,50.67771],[3.78671,50.6886],[3.77121,50.69469],[3.76273,50.68878],[3.75813,50.69575]]]]}},{"type":"Feature","properties":{"refnis":52010},"geometry":{"type":"MultiPolygon","coordinates":[[[[4.29379,50.42483],[4.28459,50.42802],[4.26315,50.42538],[4.27139,50.44281],[4.28312,50.45134],[4.26969,50.45936],[4.26769,50.47156],[4.2647,50.48676],[4.28168,50.49633],[4.28697,50.50704],[4.29922,50.49586],[4.30929,50.49164],[4.29849,50.48283],[4.29521,50.44686],[4.3268,50.45413],[4.32261,50.44493],[4.3032,50.43829],[4.29379,50.42483]]]]}},{"type":"Feature","properties":{"refnis":52011},"geometry":{"type":"MultiPolygon","coordinates":[[[[4.45894,50.36199],[4.44332,50.35385],[4.43375,50.35275],[4.43237,50.36038],[4.41616,50.35908],[4.41731,50.3624],[4.39148,50.37105],[4.38665,50.38682],[4.363,50.396],[4.36607,50.40413],[4.35633,50.40447],[4.34809,50.42957],[4.3532,50.42741],[4.36312,50.43684],[4.37676,50.44136],[4.37815,50.44723],[4.39468,50.44942],[4.39626,50.45661],[4.40476,50.46156],[4.40035,50.47035],[4.41475,50.46872],[4.42801,50.47888],[4.4353,50.47933],[4.45622,50.49181],[4.45749,50.48185],[4.48511,50.47631],[4.47899,50.47356],[4.49356,50.46147],[4.50013,50.46044],[4.50091,50.45108],[4.49588,50.44673],[4.50217,50.43823],[4.50762,50.42869],[4.4888,50.41574],[4.50072,50.39984],[4.4827,50.3931],[4.49402,50.38095],[4.48593,50.37805],[4.46387,50.37861],[4.4576,50.36828],[4.45894,50.36199]]]]}},{"type":"Feature","properties":{"refnis":52012},"geometry":{"type":"MultiPolygon","coordinates":[[[[4.48593,50.37805],[4.49402,50.38095],[4.4827,50.3931],[4.50072,50.39984],[4.4888,50.41574],[4.50762,50.42869],[4.50217,50.43823],[4.51756,50.44327],[4.52736,50.43709],[4.52032,50.4316],[4.52556,50.42317],[4.53414,50.42186],[4.53074,50.4146],[4.53835,50.40614],[4.55334,50.4044],[4.56279,50.39103],[4.56307,50.37745],[4.55799,50.37141],[4.52968,50.36883],[4.51626,50.37074],[4.50315,50.36806],[4.48593,50.37805]]]]}},{"type":"Feature","properties":{"refnis":52015},"geometry":{"type":"MultiPolygon","coordinates":[[[[4.32261,50.44493],[4.3268,50.45413],[4.29521,50.44686],[4.29849,50.48283],[4.30929,50.49164],[4.29922,50.49586],[4.28697,50.50704],[4.31026,50.52383],[4.31967,50.51885],[4.32433,50.51059],[4.33614,50.50504],[4.35983,50.48963],[4.36335,50.48368],[4.37681,50.48202],[4.38551,50.48721],[4.38856,50.47937],[4.39675,50.47801],[4.40035,50.47035],[4.40476,50.46156],[4.39626,50.45661],[4.39468,50.44942],[4.37815,50.44723],[4.37676,50.44136],[4.36312,50.43684],[4.3532,50.42741],[4.34809,50.42957],[4.34138,50.43903],[4.32747,50.44727],[4.32261,50.44493]]]]}},{"type":"Feature","properties":{"refnis":52018},"geometry":{"type":"MultiPolygon","coordinates":[[[[4.53414,50.42186],[4.52556,50.42317],[4.52032,50.4316],[4.52736,50.43709],[4.51756,50.44327],[4.5277,50.45065],[4.53967,50.45066],[4.54911,50.44621],[4.55728,50.44964],[4.57265,50.44214],[4.57826,50.43837],[4.58044,50.43512],[4.55847,50.42813],[4.56599,50.42435],[4.56651,50.41459],[4.56138,50.41432],[4.53687,50.42345],[4.53414,50.42186]]]]}},{"type":"Feature","properties":{"refnis":52021},"geometry":{"type":"MultiPolygon","coordinates":[[[[4.50217,50.43823],[4.49588,50.44673],[4.50091,50.45108],[4.50013,50.46044],[4.49356,50.46147],[4.47899,50.47356],[4.48511,50.47631],[4.4782,50.4831],[4.48583,50.49509],[4.49606,50.49043],[4.50468,50.49181],[4.5131,50.4994],[4.4938,50.5178],[4.50263,50.52846],[4.51271,50.5254],[4.57747,50.54236],[4.57968,50.5283],[4.56552,50.51965],[4.56311,50.50842],[4.55732,50.50553],[4.56379,50.49718],[4.56198,50.4893],[4.57893,50.49955],[4.59213,50.48422],[4.60071,50.47667],[4.58456,50.45449],[4.57316,50.4535],[4.58407,50.44577],[4.57265,50.44214],[4.55728,50.44964],[4.54911,50.44621],[4.53967,50.45066],[4.5277,50.45065],[4.51756,50.44327],[4.50217,50.43823]]]]}},{"type":"Feature","properties":{"refnis":52022},"geometry":{"type":"MultiPolygon","coordinates":[[[[4.30412,50.36946],[4.29286,50.38884],[4.29066,50.40149],[4.29379,50.42483],[4.3032,50.43829],[4.32261,50.44493],[4.32747,50.44727],[4.34138,50.43903],[4.34809,50.42957],[4.35633,50.40447],[4.35267,50.39671],[4.33732,50.38589],[4.33644,50.37393],[4.33403,50.36627],[4.32629,50.37443],[4.30412,50.36946]]]]}},{"type":"Feature","properties":{"refnis":52025},"geometry":{"type":"MultiPolygon","coordinates":[[[[4.5181,50.31517],[4.5052,50.32167],[4.50446,50.32902],[4.47495,50.32751],[4.47665,50.3369],[4.46501,50.34931],[4.45894,50.36199],[4.4576,50.36828],[4.46387,50.37861],[4.48593,50.37805],[4.50315,50.36806],[4.51626,50.37074],[4.52968,50.36883],[4.55799,50.37141],[4.56648,50.36661],[4.58204,50.37315],[4.5937,50.3743],[4.58415,50.3639],[4.58256,50.35495],[4.58874,50.34978],[4.58236,50.34164],[4.59363,50.33969],[4.59389,50.32675],[4.58846,50.3213],[4.56778,50.32297],[4.52805,50.31514],[4.5181,50.31517]]]]}},{"type":"Feature","properties":{"refnis":52048},"geometry":{"type":"MultiPolygon","coordinates":[[[[4.33644,50.37393],[4.33732,50.38589],[4.35267,50.39671],[4.35633,50.40447],[4.36607,50.40413],[4.363,50.396],[4.38665,50.38682],[4.39148,50.37105],[4.41731,50.3624],[4.41616,50.35908],[4.40383,50.35983],[4.39428,50.35526],[4.36951,50.35764],[4.34768,50.37534],[4.33644,50.37393]]]]}},{"type":"Feature","properties":{"refnis":52055},"geometry":{"type":"MultiPolygon","coordinates":[[[[4.40035,50.47035],[4.39675,50.47801],[4.38856,50.47937],[4.38551,50.48721],[4.37681,50.48202],[4.36335,50.48368],[4.35983,50.48963],[4.33614,50.50504],[4.32433,50.51059],[4.31967,50.51885],[4.31026,50.52383],[4.32282,50.52976],[4.30749,50.53797],[4.30934,50.54775],[4.32545,50.54919],[4.33646,50.54357],[4.34176,50.5526],[4.35725,50.5562],[4.35897,50.56294],[4.37699,50.55935],[4.38771,50.54253],[4.38292,50.53811],[4.39486,50.52487],[4.40495,50.52481],[4.40648,50.53091],[4.4168,50.53207],[4.42293,50.52551],[4.44991,50.51303],[4.45196,50.50607],[4.44438,50.50439],[4.45622,50.49181],[4.4353,50.47933],[4.42801,50.47888],[4.41475,50.46872],[4.40035,50.47035]]]]}},{"type":"Feature","properties":{"refnis":52074},"geometry":{"type":"MultiPolygon","coordinates":[[[[4.55799,50.37141],[4.56307,50.37745],[4.56279,50.39103],[4.55334,50.4044],[4.53835,50.40614],[4.53074,50.4146],[4.53414,50.42186],[4.53687,50.42345],[4.56138,50.41432],[4.56651,50.41459],[4.56599,50.42435],[4.55847,50.42813],[4.58044,50.43512],[4.57826,50.43837],[4.60517,50.42642],[4.61343,50.43033],[4.6079,50.40864],[4.60366,50.40284],[4.5838,50.39805],[4.60547,50.38683],[4.60574,50.38276],[4.59168,50.37957],[4.5937,50.3743],[4.58204,50.37315],[4.56648,50.36661],[4.55799,50.37141]]]]}},{"type":"Feature","properties":{"refnis":52075},"geometry":{"type":"MultiPolygon","coordinates":[[[[4.45622,50.49181],[4.44438,50.50439],[4.45196,50.50607],[4.44991,50.51303],[4.42293,50.52551],[4.4168,50.53207],[4.40648,50.53091],[4.40495,50.52481],[4.39486,50.52487],[4.38292,50.53811],[4.38771,50.54253],[4.37699,50.55935],[4.38229,50.56404],[4.39999,50.56219],[4.41712,50.56457],[4.42186,50.5584],[4.44366,50.56012],[4.44961,50.5543],[4.46952,50.55891],[4.47732,50.55086],[4.46596,50.54639],[4.46736,50.52776],[4.47542,50.53643],[4.48407,50.53362],[4.50351,50.53964],[4.50263,50.52846],[4.4938,50.5178],[4.5131,50.4994],[4.50468,50.49181],[4.49606,50.49043],[4.48583,50.49509],[4.4782,50.4831],[4.48511,50.47631],[4.45749,50.48185],[4.45622,50.49181]]]]}},{"type":"Feature","properties":{"refnis":53014},"geometry":{"type":"MultiPolygon","coordinates":[[[[3.75871,50.41978],[3.77732,50.4258],[3.77469,50.44031],[3.7653,50.44429],[3.7712,50.45192],[3.80343,50.45224],[3.79393,50.44421],[3.80792,50.44468],[3.81297,50.43815],[3.8318,50.44344],[3.83793,50.44411],[3.84275,50.43425],[3.83469,50.42981],[3.83024,50.41692],[3.8189,50.41464],[3.81398,50.40044],[3.81959,50.3986],[3.81289,50.39491],[3.80962,50.40089],[3.79534,50.40258],[3.791,50.40848],[3.77516,50.40759],[3.75871,50.41978]]]]}},{"type":"Feature","properties":{"refnis":53020},"geometry":{"type":"MultiPolygon","coordinates":[[[[3.83811,50.35426],[3.83954,50.35608],[3.81034,50.3596],[3.79454,50.37081],[3.78176,50.37426],[3.77016,50.37279],[3.74398,50.37785],[3.73983,50.38663],[3.72644,50.39657],[3.72785,50.41326],[3.73694,50.41749],[3.75871,50.41978],[3.77516,50.40759],[3.791,50.40848],[3.79534,50.40258],[3.80962,50.40089],[3.81289,50.39491],[3.81959,50.3986],[3.83019,50.39475],[3.83502,50.38492],[3.84193,50.38309],[3.83886,50.37591],[3.85238,50.36689],[3.84358,50.35332],[3.83811,50.35426]]]]}},{"type":"Feature","properties":{"refnis":53028},"geometry":{"type":"MultiPolygon","coordinates":[[[[3.84358,50.35332],[3.85238,50.36689],[3.83886,50.37591],[3.84193,50.38309],[3.84675,50.38555],[3.85584,50.37921],[3.8625,50.3952],[3.87183,50.40397],[3.86933,50.41138],[3.87535,50.42078],[3.88357,50.42054],[3.88874,50.41536],[3.89927,50.4243],[3.9306,50.41302],[3.92919,50.41041],[3.94922,50.40497],[3.93741,50.39274],[3.92295,50.39588],[3.91736,50.4018],[3.91429,50.3957],[3.8965,50.39307],[3.90355,50.38737],[3.88254,50.36267],[3.8608,50.35051],[3.86227,50.34383],[3.84358,50.35332]]]]}},{"type":"Feature","properties":{"refnis":53039},"geometry":{"type":"MultiPolygon","coordinates":[[[[3.65612,50.46267],[3.67421,50.46244],[3.69434,50.45569],[3.71011,50.4477],[3.73839,50.44237],[3.75208,50.44589],[3.7653,50.44429],[3.77469,50.44031],[3.77732,50.4258],[3.75871,50.41978],[3.73694,50.41749],[3.72785,50.41326],[3.71397,50.41996],[3.69939,50.42227],[3.68955,50.42026],[3.6723,50.42221],[3.66899,50.42293],[3.66851,50.43916],[3.65945,50.44511],[3.66423,50.45241],[3.65612,50.46267]]]]}},{"type":"Feature","properties":{"refnis":53044},"geometry":{"type":"MultiPolygon","coordinates":[[[[3.87933,50.50376],[3.86891,50.50568],[3.86225,50.50191],[3.84539,50.5083],[3.82562,50.51175],[3.82453,50.51949],[3.8018,50.53031],[3.80745,50.53982],[3.82032,50.55186],[3.82666,50.55044],[3.83507,50.54739],[3.84621,50.55511],[3.85896,50.54532],[3.8927,50.53864],[3.91407,50.54365],[3.92726,50.55183],[3.94162,50.54224],[3.95294,50.54003],[3.95822,50.54973],[3.97543,50.54729],[3.98044,50.54975],[3.99055,50.53736],[3.98833,50.52913],[3.99539,50.52521],[3.9861,50.51734],[3.97527,50.51382],[3.96725,50.50822],[3.95725,50.50859],[3.95518,50.49586],[3.95015,50.48929],[3.9404,50.49186],[3.93334,50.50088],[3.90115,50.49907],[3.87933,50.50376]]]]}},{"type":"Feature","properties":{"refnis":53046},"geometry":{"type":"MultiPolygon","coordinates":[[[[3.97543,50.54729],[3.95822,50.54973],[3.95294,50.54003],[3.94162,50.54224],[3.92726,50.55183],[3.91407,50.54365],[3.8927,50.53864],[3.85896,50.54532],[3.84621,50.55511],[3.83507,50.54739],[3.82666,50.55044],[3.83788,50.56124],[3.82848,50.56811],[3.83576,50.58203],[3.86306,50.58213],[3.87891,50.5694],[3.89545,50.57825],[3.90999,50.58198],[3.89625,50.58799],[3.91174,50.60267],[3.90424,50.6156],[3.90921,50.61714],[3.9296,50.60837],[3.93513,50.61482],[3.94754,50.61252],[3.93649,50.60751],[3.94337,50.60403],[3.95379,50.60662],[3.951,50.5944],[3.96193,50.59018],[3.95225,50.58706],[3.9683,50.58398],[3.97799,50.56998],[3.97072,50.56854],[3.97939,50.55515],[3.97543,50.54729]]]]}},{"type":"Feature","properties":{"refnis":53053},"geometry":{"type":"MultiPolygon","coordinates":[[[[4.04092,50.40097],[4.01449,50.39061],[4.00402,50.39252],[4.00374,50.38568],[3.99435,50.38599],[3.98699,50.3795],[3.97234,50.38073],[3.9653,50.3925],[3.97085,50.39755],[3.95931,50.40703],[3.94922,50.40497],[3.92919,50.41041],[3.9306,50.41302],[3.89927,50.4243],[3.88874,50.41536],[3.88357,50.42054],[3.88051,50.43738],[3.87627,50.43893],[3.87056,50.45619],[3.87524,50.46267],[3.87494,50.47717],[3.85482,50.47501],[3.86651,50.49693],[3.87933,50.50376],[3.90115,50.49907],[3.93334,50.50088],[3.9404,50.49186],[3.95015,50.48929],[3.95518,50.49586],[3.95725,50.50859],[3.96725,50.50822],[3.97527,50.51382],[3.99371,50.50423],[4.01864,50.50359],[4.02496,50.50832],[4.03921,50.5005],[4.04799,50.4861],[4.06132,50.47469],[4.05702,50.47103],[4.0784,50.4674],[4.07558,50.46522],[4.06994,50.45848],[4.08505,50.44617],[4.07554,50.44054],[4.05758,50.43967],[4.05857,50.43049],[4.06104,50.42451],[4.05037,50.41071],[4.03961,50.40496],[4.04092,50.40097]]]]}},{"type":"Feature","properties":{"refnis":53065},"geometry":{"type":"MultiPolygon","coordinates":[[[[3.86933,50.41138],[3.8608,50.41941],[3.84992,50.41586],[3.85307,50.42441],[3.84275,50.43425],[3.83793,50.44411],[3.8318,50.44344],[3.82876,50.45375],[3.83686,50.45756],[3.87056,50.45619],[3.87627,50.43893],[3.88051,50.43738],[3.88357,50.42054],[3.87535,50.42078],[3.86933,50.41138]]]]}},{"type":"Feature","properties":{"refnis":53068},"geometry":{"type":"MultiPolygon","coordinates":[[[[3.6723,50.42221],[3.68955,50.42026],[3.69939,50.42227],[3.71397,50.41996],[3.72785,50.41326],[3.72644,50.39657],[3.73983,50.38663],[3.74398,50.37785],[3.73731,50.37272],[3.72787,50.37499],[3.71563,50.36989],[3.70527,50.37795],[3.6729,50.37485],[3.66863,50.38415],[3.6741,50.38962],[3.67495,50.40333],[3.6723,50.42221]]]]}},{"type":"Feature","properties":{"refnis":53070},"geometry":{"type":"MultiPolygon","coordinates":[[[[3.75208,50.44589],[3.74309,50.45441],[3.75333,50.47074],[3.74812,50.48628],[3.73627,50.49609],[3.7457,50.50256],[3.74082,50.5214],[3.75525,50.53113],[3.77258,50.52655],[3.77454,50.534],[3.78283,50.53805],[3.80745,50.53982],[3.8018,50.53031],[3.82453,50.51949],[3.82562,50.51175],[3.84539,50.5083],[3.86225,50.50191],[3.86891,50.50568],[3.87933,50.50376],[3.86651,50.49693],[3.85482,50.47501],[3.87494,50.47717],[3.87524,50.46267],[3.87056,50.45619],[3.83686,50.45756],[3.82876,50.45375],[3.8318,50.44344],[3.81297,50.43815],[3.80792,50.44468],[3.79393,50.44421],[3.80343,50.45224],[3.7712,50.45192],[3.7653,50.44429],[3.75208,50.44589]]]]}},{"type":"Feature","properties":{"refnis":53082},"geometry":{"type":"MultiPolygon","coordinates":[[[[3.84193,50.38309],[3.83502,50.38492],[3.83019,50.39475],[3.81959,50.3986],[3.81398,50.40044],[3.8189,50.41464],[3.83024,50.41692],[3.83469,50.42981],[3.84275,50.43425],[3.85307,50.42441],[3.84992,50.41586],[3.8608,50.41941],[3.86933,50.41138],[3.87183,50.40397],[3.8625,50.3952],[3.85584,50.37921],[3.84675,50.38555],[3.84193,50.38309]]]]}},{"type":"Feature","properties":{"refnis":53083},"geometry":{"type":"MultiPolygon","coordinates":[[[[3.66863,50.38415],[3.6729,50.37485],[3.70527,50.37795],[3.71563,50.36989],[3.72787,50.37499],[3.73731,50.37272],[3.74398,50.37785],[3.77016,50.37279],[3.78176,50.37426],[3.79454,50.37081],[3.81034,50.3596],[3.83954,50.35608],[3.83811,50.35426],[3.82434,50.35345],[3.82191,50.34574],[3.81157,50.3451],[3.814,50.35318],[3.80534,50.35528],[3.79894,50.35092],[3.78354,50.35359],[3.76319,50.34802],[3.75014,50.351],[3.73364,50.34265],[3.73244,50.32157],[3.72115,50.31132],[3.71212,50.31961],[3.71554,50.30656],[3.70993,50.30317],[3.6939,50.31455],[3.68863,50.32278],[3.67329,50.33511],[3.6774,50.34028],[3.66541,50.34702],[3.66723,50.36092],[3.6589,50.36688],[3.65823,50.37353],[3.66863,50.38415]]]]}},{"type":"Feature","properties":{"refnis":53084},"geometry":{"type":"MultiPolygon","coordinates":[[[[3.86227,50.34383],[3.8608,50.35051],[3.88254,50.36267],[3.90355,50.38737],[3.8965,50.39307],[3.91429,50.3957],[3.91736,50.4018],[3.92295,50.39588],[3.93741,50.39274],[3.94922,50.40497],[3.95931,50.40703],[3.97085,50.39755],[3.9653,50.3925],[3.97234,50.38073],[3.98699,50.3795],[3.99435,50.38599],[4.00374,50.38568],[4.00402,50.39252],[4.01449,50.39061],[4.04092,50.40097],[4.0491,50.37944],[4.05504,50.36999],[4.04607,50.36525],[4.05131,50.36168],[4.04122,50.35795],[4.02794,50.3584],[4.01828,50.35726],[4.01128,50.35001],[3.99364,50.34875],[3.98474,50.34208],[3.96841,50.35006],[3.90992,50.32879],[3.89049,50.32982],[3.88719,50.34096],[3.87148,50.33839],[3.86227,50.34383]]]]}},{"type":"Feature","properties":{"refnis":55004},"geometry":{"type":"MultiPolygon","coordinates":[[[[4.02658,50.63374],[4.03745,50.63802],[4.05399,50.64991],[4.06664,50.65416],[4.07448,50.66078],[4.09179,50.66897],[4.10033,50.6627],[4.09629,50.65179],[4.10113,50.63825],[4.10842,50.633],[4.11666,50.63492],[4.13279,50.62936],[4.14529,50.63374],[4.14711,50.63926],[4.15892,50.64589],[4.17735,50.66338],[4.19911,50.65232],[4.20444,50.64694],[4.19698,50.63482],[4.19925,50.62456],[4.23111,50.62454],[4.25365,50.61592],[4.24557,50.61226],[4.25167,50.60122],[4.24664,50.59677],[4.24698,50.59635],[4.24095,50.60156],[4.22983,50.60036],[4.23498,50.59057],[4.22596,50.58295],[4.20758,50.5857],[4.20238,50.59422],[4.19328,50.59665],[4.18651,50.5903],[4.17517,50.58993],[4.17095,50.59529],[4.15878,50.58324],[4.1381,50.57621],[4.12341,50.56475],[4.10495,50.56959],[4.09248,50.58978],[4.06804,50.60335],[4.06331,50.61197],[4.07285,50.61969],[4.04864,50.63196],[4.02658,50.63374]]]]}},{"type":"Feature","properties":{"refnis":55035},"geometry":{"type":"MultiPolygon","coordinates":[[[[4.03921,50.5005],[4.05091,50.50676],[4.07078,50.50668],[4.07113,50.52545],[4.08329,50.53183],[4.11683,50.53182],[4.13069,50.54499],[4.14088,50.5468],[4.16017,50.54096],[4.17664,50.52859],[4.18618,50.52495],[4.17789,50.51382],[4.16697,50.51744],[4.15262,50.51728],[4.13718,50.5076],[4.13297,50.49711],[4.11043,50.49246],[4.10957,50.47424],[4.09302,50.46369],[4.08803,50.46701],[4.07558,50.46522],[4.0784,50.4674],[4.05702,50.47103],[4.06132,50.47469],[4.04799,50.4861],[4.03921,50.5005]]]]}},{"type":"Feature","properties":{"refnis":55040},"geometry":{"type":"MultiPolygon","coordinates":[[[[3.97527,50.51382],[3.9861,50.51734],[3.99539,50.52521],[3.98833,50.52913],[3.99055,50.53736],[3.98044,50.54975],[3.97543,50.54729],[3.97939,50.55515],[3.97072,50.56854],[3.97799,50.56998],[3.9683,50.58398],[3.95225,50.58706],[3.96193,50.59018],[3.97311,50.59555],[3.98315,50.61178],[3.97826,50.62194],[4.00025,50.62803],[4.00401,50.62498],[4.01502,50.63289],[4.02658,50.63374],[4.04864,50.63196],[4.07285,50.61969],[4.06331,50.61197],[4.06804,50.60335],[4.09248,50.58978],[4.10495,50.56959],[4.12341,50.56475],[4.13069,50.54499],[4.11683,50.53182],[4.08329,50.53183],[4.07113,50.52545],[4.07078,50.50668],[4.05091,50.50676],[4.03921,50.5005],[4.02496,50.50832],[4.01864,50.50359],[3.99371,50.50423],[3.97527,50.51382]]]]}},{"type":"Feature","properties":{"refnis":55050},"geometry":{"type":"MultiPolygon","coordinates":[[[[4.13069,50.54499],[4.12341,50.56475],[4.1381,50.57621],[4.15878,50.58324],[4.17095,50.59529],[4.17517,50.58993],[4.18651,50.5903],[4.19328,50.59665],[4.20238,50.59422],[4.20758,50.5857],[4.22596,50.58295],[4.22222,50.57624],[4.22853,50.57302],[4.21661,50.56199],[4.22229,50.55877],[4.22529,50.54748],[4.21522,50.54046],[4.19326,50.54051],[4.18618,50.52495],[4.17664,50.52859],[4.16017,50.54096],[4.14088,50.5468],[4.13069,50.54499]]]]}},{"type":"Feature","properties":{"refnis":55085},"geometry":{"type":"MultiPolygon","coordinates":[[[[4.18618,50.52495],[4.19326,50.54051],[4.21522,50.54046],[4.22529,50.54748],[4.22229,50.55877],[4.21661,50.56199],[4.22853,50.57302],[4.22222,50.57624],[4.22596,50.58295],[4.23498,50.59057],[4.22983,50.60036],[4.24095,50.60156],[4.24698,50.59635],[4.26071,50.59287],[4.27403,50.59458],[4.29894,50.57702],[4.30234,50.56763],[4.32868,50.5697],[4.33646,50.56682],[4.33081,50.5603],[4.3349,50.55513],[4.32545,50.54919],[4.30934,50.54775],[4.30749,50.53797],[4.32282,50.52976],[4.31026,50.52383],[4.28697,50.50704],[4.28168,50.49633],[4.27507,50.50088],[4.2662,50.49905],[4.25369,50.5072],[4.2558,50.5115],[4.24516,50.51646],[4.2459,50.52178],[4.22126,50.51582],[4.21171,50.51095],[4.18618,50.52495]]],[[[4.26011,50.50198],[4.26036,50.50088],[4.25932,50.50143],[4.26011,50.50198]]]]}},{"type":"Feature","properties":{"refnis":55086},"geometry":{"type":"MultiPolygon","coordinates":[[[[4.21797,50.46541],[4.22997,50.47694],[4.22309,50.47751],[4.20416,50.49093],[4.21053,50.4967],[4.20529,50.50503],[4.21171,50.51095],[4.22126,50.51582],[4.2459,50.52178],[4.24516,50.51646],[4.2558,50.5115],[4.25369,50.5072],[4.2662,50.49905],[4.27507,50.50088],[4.28168,50.49633],[4.2647,50.48676],[4.26769,50.47156],[4.25676,50.46923],[4.2516,50.47447],[4.24101,50.47408],[4.22878,50.46585],[4.21797,50.46541]],[[4.26011,50.50198],[4.26036,50.50088],[4.25932,50.50143],[4.26011,50.50198]]]]}},{"type":"Feature","properties":{"refnis":56001},"geometry":{"type":"MultiPolygon","coordinates":[[[[4.2526,50.42374],[4.26315,50.42538],[4.28459,50.42802],[4.29379,50.42483],[4.29066,50.40149],[4.29286,50.38884],[4.25125,50.37991],[4.24275,50.3809],[4.23215,50.38845],[4.23907,50.40281],[4.22782,50.40835],[4.24585,50.41152],[4.2526,50.42374]]]]}},{"type":"Feature","properties":{"refnis":56005},"geometry":{"type":"MultiPolygon","coordinates":[[[[4.20418,50.27414],[4.21999,50.28121],[4.2258,50.28286],[4.25392,50.28198],[4.26746,50.29201],[4.27193,50.29492],[4.29055,50.29109],[4.30488,50.28491],[4.29915,50.28035],[4.31274,50.2798],[4.30818,50.27065],[4.30876,50.2673],[4.29605,50.26304],[4.28675,50.25583],[4.2987,50.24355],[4.30838,50.24183],[4.345,50.22737],[4.33844,50.21198],[4.3288,50.20622],[4.31206,50.20815],[4.29067,50.20413],[4.28851,50.18988],[4.29716,50.18886],[4.29101,50.17829],[4.30145,50.17787],[4.30352,50.16934],[4.28699,50.16691],[4.28467,50.15894],[4.26718,50.1681],[4.23308,50.17934],[4.23556,50.18718],[4.21442,50.18584],[4.21422,50.19488],[4.20807,50.19974],[4.212,50.20875],[4.18409,50.21416],[4.16547,50.21473],[4.17284,50.21711],[4.18141,50.23215],[4.19357,50.24043],[4.20286,50.24032],[4.22004,50.25164],[4.22125,50.25861],[4.20418,50.27414]]]]}},{"type":"Feature","properties":{"refnis":56016},"geometry":{"type":"MultiPolygon","coordinates":[[[[4.30595,49.96822],[4.31211,49.99575],[4.28977,49.99427],[4.28395,50.01135],[4.2728,50.01636],[4.25873,50.01556],[4.25823,50.0221],[4.24992,50.02461],[4.2377,50.01723],[4.23092,50.03299],[4.24061,50.04145],[4.22934,50.0466],[4.22203,50.06273],[4.23091,50.07348],[4.22523,50.08558],[4.20156,50.09991],[4.20647,50.10613],[4.19676,50.10642],[4.20411,50.11552],[4.2023,50.12371],[4.22656,50.12359],[4.26153,50.12827],[4.28209,50.12032],[4.30947,50.11866],[4.3179,50.12173],[4.34036,50.12036],[4.34287,50.08567],[4.36013,50.08283],[4.37732,50.08944],[4.37914,50.10675],[4.38639,50.10704],[4.3942,50.08114],[4.39012,50.06715],[4.39573,50.05819],[4.38972,50.05154],[4.40094,50.05101],[4.40957,50.04525],[4.4099,50.02801],[4.41539,50.0106],[4.41321,50.00082],[4.42393,49.98254],[4.43512,49.97253],[4.44586,49.95391],[4.43271,49.94178],[4.406,49.94853],[4.3905,49.94782],[4.38101,49.95438],[4.3714,49.95117],[4.35101,49.95225],[4.33431,49.96377],[4.30595,49.96822]]]]}},{"type":"Feature","properties":{"refnis":56022},"geometry":{"type":"MultiPolygon","coordinates":[[[[4.04277,50.34008],[4.05064,50.34627],[4.07104,50.34969],[4.09188,50.3321],[4.09937,50.33614],[4.10508,50.33185],[4.13256,50.33055],[4.15171,50.32052],[4.16048,50.32282],[4.18577,50.30977],[4.19683,50.31135],[4.19949,50.30054],[4.20979,50.28694],[4.21999,50.28121],[4.20418,50.27414],[4.17742,50.27504],[4.17636,50.28444],[4.16262,50.28895],[4.15337,50.28484],[4.1501,50.27414],[4.16342,50.27187],[4.16872,50.26654],[4.16358,50.25741],[4.13706,50.25682],[4.13631,50.2746],[4.12406,50.27284],[4.12568,50.28839],[4.11706,50.30409],[4.10971,50.30185],[4.09718,50.31351],[4.07891,50.30966],[4.07819,50.32078],[4.06481,50.33072],[4.05506,50.33253],[4.054,50.33933],[4.04277,50.34008]]]]}},{"type":"Feature","properties":{"refnis":56029},"geometry":{"type":"MultiPolygon","coordinates":[[[[4.38639,50.10704],[4.37914,50.10675],[4.37732,50.08944],[4.36013,50.08283],[4.34287,50.08567],[4.34036,50.12036],[4.3179,50.12173],[4.30947,50.11866],[4.28209,50.12032],[4.29067,50.12067],[4.30428,50.13449],[4.29863,50.14113],[4.29972,50.15013],[4.28685,50.15379],[4.28467,50.15894],[4.28699,50.16691],[4.30352,50.16934],[4.30145,50.17787],[4.29101,50.17829],[4.29716,50.18886],[4.28851,50.18988],[4.29067,50.20413],[4.31206,50.20815],[4.3288,50.20622],[4.33844,50.21198],[4.345,50.22737],[4.36697,50.24342],[4.38703,50.23934],[4.39395,50.23332],[4.40096,50.23306],[4.39571,50.22561],[4.39752,50.21793],[4.38936,50.20049],[4.39744,50.18588],[4.39252,50.18087],[4.36158,50.17095],[4.36544,50.15687],[4.37595,50.1569],[4.38826,50.14523],[4.38433,50.136],[4.40044,50.12295],[4.3884,50.11342],[4.38639,50.10704]]]]}},{"type":"Feature","properties":{"refnis":56044},"geometry":{"type":"MultiPolygon","coordinates":[[[[4.22675,50.32006],[4.21587,50.32153],[4.21697,50.3268],[4.19035,50.32953],[4.18519,50.35028],[4.19643,50.35241],[4.19456,50.36005],[4.21352,50.36386],[4.23427,50.35707],[4.23217,50.36303],[4.22068,50.3675],[4.22695,50.37487],[4.2252,50.3814],[4.23862,50.3773],[4.24275,50.3809],[4.25125,50.37991],[4.29286,50.38884],[4.30412,50.36946],[4.29361,50.36797],[4.29046,50.37662],[4.2789,50.34748],[4.27235,50.34168],[4.24811,50.33673],[4.246,50.34093],[4.23126,50.33268],[4.22675,50.32006]]]]}},{"type":"Feature","properties":{"refnis":56049},"geometry":{"type":"MultiPolygon","coordinates":[[[[4.21999,50.28121],[4.20979,50.28694],[4.19949,50.30054],[4.19683,50.31135],[4.18577,50.30977],[4.16048,50.32282],[4.15171,50.32052],[4.13256,50.33055],[4.14651,50.34394],[4.15288,50.34507],[4.14979,50.36068],[4.15931,50.36675],[4.18007,50.36253],[4.18519,50.35028],[4.19035,50.32953],[4.21697,50.3268],[4.21587,50.32153],[4.22675,50.32006],[4.24043,50.31376],[4.238,50.30123],[4.24717,50.28918],[4.25517,50.29748],[4.26746,50.29201],[4.25392,50.28198],[4.2258,50.28286],[4.21999,50.28121]]]]}},{"type":"Feature","properties":{"refnis":56051},"geometry":{"type":"MultiPolygon","coordinates":[[[[4.30595,49.96822],[4.31211,49.99575],[4.28977,49.99427],[4.28395,50.01135],[4.2728,50.01636],[4.25873,50.01556],[4.25823,50.0221],[4.24992,50.02461],[4.2377,50.01723],[4.23092,50.03299],[4.24061,50.04145],[4.22934,50.0466],[4.22203,50.06273],[4.19877,50.05657],[4.19003,50.05045],[4.17395,50.04547],[4.16228,50.04935],[4.14869,50.03229],[4.13613,50.0209],[4.13629,50.01329],[4.14535,50.00387],[4.16186,50.00055],[4.16314,49.995],[4.15377,49.98461],[4.14098,49.97897],[4.15242,49.97455],[4.16797,49.97751],[4.17819,49.97197],[4.19673,49.9677],[4.19487,49.95642],[4.23423,49.95764],[4.24117,49.96144],[4.26807,49.96529],[4.28979,49.96361],[4.30595,49.96822]]]]}},{"type":"Feature","properties":{"refnis":56078},"geometry":{"type":"MultiPolygon","coordinates":[[[[4.26746,50.29201],[4.25517,50.29748],[4.24717,50.28918],[4.238,50.30123],[4.24043,50.31376],[4.22675,50.32006],[4.23126,50.33268],[4.246,50.34093],[4.24811,50.33673],[4.27235,50.34168],[4.2789,50.34748],[4.29046,50.37662],[4.29361,50.36797],[4.30412,50.36946],[4.32629,50.37443],[4.33403,50.36627],[4.33644,50.37393],[4.34768,50.37534],[4.36951,50.35764],[4.39428,50.35526],[4.38234,50.34409],[4.37824,50.34988],[4.36491,50.33201],[4.3605,50.32155],[4.34638,50.31126],[4.35322,50.30723],[4.35685,50.29728],[4.36411,50.29918],[4.36936,50.29185],[4.35805,50.27498],[4.34144,50.27874],[4.31986,50.26913],[4.30876,50.2673],[4.30818,50.27065],[4.31274,50.2798],[4.29915,50.28035],[4.30488,50.28491],[4.29055,50.29109],[4.27193,50.29492],[4.26746,50.29201]]]]}},{"type":"Feature","properties":{"refnis":56086},"geometry":{"type":"MultiPolygon","coordinates":[[[[4.36936,50.29185],[4.36411,50.29918],[4.35685,50.29728],[4.35322,50.30723],[4.34638,50.31126],[4.3605,50.32155],[4.36491,50.33201],[4.37824,50.34988],[4.38234,50.34409],[4.39428,50.35526],[4.40383,50.35983],[4.41616,50.35908],[4.43237,50.36038],[4.43375,50.35275],[4.44332,50.35385],[4.45894,50.36199],[4.46501,50.34931],[4.47665,50.3369],[4.47495,50.32751],[4.45696,50.30482],[4.43177,50.31035],[4.41952,50.30555],[4.40206,50.31115],[4.40467,50.30467],[4.38686,50.29003],[4.36936,50.29185]]]]}},{"type":"Feature","properties":{"refnis":56088},"geometry":{"type":"MultiPolygon","coordinates":[[[[4.16547,50.21473],[4.18409,50.21416],[4.212,50.20875],[4.20807,50.19974],[4.21422,50.19488],[4.21442,50.18584],[4.23556,50.18718],[4.23308,50.17934],[4.26718,50.1681],[4.28467,50.15894],[4.28685,50.15379],[4.29972,50.15013],[4.29863,50.14113],[4.30428,50.13449],[4.29067,50.12067],[4.28209,50.12032],[4.26153,50.12827],[4.22656,50.12359],[4.2023,50.12371],[4.19684,50.13519],[4.17577,50.13301],[4.1572,50.1353],[4.15444,50.12786],[4.13214,50.13205],[4.12705,50.13558],[4.13561,50.14262],[4.13772,50.15193],[4.15529,50.16297],[4.15578,50.17208],[4.14805,50.17337],[4.15615,50.18339],[4.16046,50.20232],[4.15031,50.21361],[4.16547,50.21473]]]]}},{"type":"Feature","properties":{"refnis":57003},"geometry":{"type":"MultiPolygon","coordinates":[[[[3.46969,50.53202],[3.46043,50.5309],[3.45432,50.5397],[3.44409,50.53221],[3.4366,50.53835],[3.4378,50.54683],[3.42596,50.54866],[3.41144,50.56435],[3.40815,50.5636],[3.42367,50.57089],[3.42166,50.57846],[3.43055,50.58639],[3.44148,50.58073],[3.46158,50.58761],[3.47403,50.57786],[3.48444,50.57502],[3.48231,50.57012],[3.48989,50.55898],[3.52007,50.56035],[3.51234,50.55627],[3.52868,50.54688],[3.50093,50.531],[3.49128,50.52765],[3.47442,50.53367],[3.46969,50.53202]]]]}},{"type":"Feature","properties":{"refnis":57018},"geometry":{"type":"MultiPolygon","coordinates":[[[[3.39908,50.67773],[3.38538,50.67545],[3.38668,50.69461],[3.39938,50.70079],[3.36548,50.72141],[3.36914,50.72605],[3.39939,50.73212],[3.40325,50.74177],[3.40537,50.7462],[3.4205,50.74583],[3.43496,50.74989],[3.43075,50.75565],[3.45336,50.75812],[3.47862,50.74012],[3.48873,50.73874],[3.4793,50.72783],[3.46481,50.72132],[3.46842,50.71577],[3.48318,50.71151],[3.48755,50.70358],[3.50834,50.69135],[3.52223,50.67248],[3.53331,50.66556],[3.52927,50.66053],[3.50252,50.65198],[3.49333,50.65653],[3.48539,50.65372],[3.46034,50.66163],[3.46241,50.66627],[3.43512,50.67648],[3.43559,50.68208],[3.4189,50.68878],[3.39908,50.67773]]]]}},{"type":"Feature","properties":{"refnis":57027},"geometry":{"type":"MultiPolygon","coordinates":[[[[3.24881,50.71366],[3.29093,50.72101],[3.3003,50.71531],[3.32394,50.7224],[3.32925,50.71235],[3.32645,50.7053],[3.30312,50.6898],[3.31778,50.68662],[3.32499,50.67381],[3.3398,50.67113],[3.33632,50.65863],[3.31938,50.65772],[3.31075,50.66359],[3.30547,50.661],[3.29542,50.66856],[3.2703,50.65811],[3.2563,50.65792],[3.24649,50.65271],[3.24012,50.65852],[3.24121,50.66884],[3.26528,50.67708],[3.25373,50.69114],[3.26151,50.69141],[3.26062,50.70213],[3.24881,50.71366]]]]}},{"type":"Feature","properties":{"refnis":57062},"geometry":{"type":"MultiPolygon","coordinates":[[[[3.33632,50.65863],[3.3398,50.67113],[3.32499,50.67381],[3.31778,50.68662],[3.30312,50.6898],[3.32645,50.7053],[3.32925,50.71235],[3.32394,50.7224],[3.34184,50.71752],[3.3606,50.70957],[3.36548,50.72141],[3.39938,50.70079],[3.38668,50.69461],[3.38538,50.67545],[3.39908,50.67773],[3.39352,50.65698],[3.36164,50.64764],[3.34746,50.64748],[3.33632,50.65863]]]]}},{"type":"Feature","properties":{"refnis":57064},"geometry":{"type":"MultiPolygon","coordinates":[[[[3.50093,50.531],[3.52868,50.54688],[3.51234,50.55627],[3.52007,50.56035],[3.53661,50.57622],[3.54918,50.57862],[3.54845,50.57257],[3.55805,50.56893],[3.57085,50.57746],[3.59188,50.56396],[3.58653,50.561],[3.60478,50.55652],[3.61677,50.56133],[3.61292,50.54065],[3.61973,50.52897],[3.60852,50.52102],[3.62609,50.51914],[3.62355,50.51181],[3.61942,50.5047],[3.62926,50.50069],[3.62439,50.49217],[3.61522,50.49041],[3.60754,50.49723],[3.59381,50.49138],[3.58098,50.49125],[3.56911,50.50094],[3.5393,50.49468],[3.52349,50.49552],[3.50073,50.4867],[3.4963,50.49887],[3.50378,50.50694],[3.51619,50.51287],[3.52001,50.52362],[3.50093,50.531]]]]}},{"type":"Feature","properties":{"refnis":57072},"geometry":{"type":"MultiPolygon","coordinates":[[[[3.28116,50.55612],[3.28884,50.55481],[3.29529,50.56174],[3.30847,50.56419],[3.31206,50.57069],[3.32603,50.57196],[3.32593,50.56427],[3.34707,50.56229],[3.36487,50.56334],[3.36111,50.5554],[3.34981,50.53102],[3.34232,50.5212],[3.32446,50.5268],[3.32128,50.5239],[3.32907,50.51454],[3.32063,50.51873],[3.30458,50.52038],[3.28847,50.52585],[3.27891,50.53837],[3.28116,50.55612]]]]}},{"type":"Feature","properties":{"refnis":57081},"geometry":{"type":"MultiPolygon","coordinates":[[[[3.24649,50.65271],[3.2563,50.65792],[3.2703,50.65811],[3.29542,50.66856],[3.30547,50.661],[3.31075,50.66359],[3.31938,50.65772],[3.33632,50.65863],[3.34746,50.64748],[3.36164,50.64764],[3.39352,50.65698],[3.39908,50.67773],[3.4189,50.68878],[3.43559,50.68208],[3.43512,50.67648],[3.46241,50.66627],[3.46034,50.66163],[3.48539,50.65372],[3.49333,50.65653],[3.50252,50.65198],[3.52927,50.66053],[3.5457,50.64617],[3.55029,50.6484],[3.56534,50.63754],[3.54968,50.62998],[3.56009,50.6274],[3.56501,50.62252],[3.5757,50.62476],[3.57411,50.60929],[3.56484,50.60614],[3.55662,50.59108],[3.55085,50.58877],[3.54918,50.57862],[3.53661,50.57622],[3.52007,50.56035],[3.48989,50.55898],[3.48231,50.57012],[3.48444,50.57502],[3.47403,50.57786],[3.46158,50.58761],[3.44148,50.58073],[3.43055,50.58639],[3.42166,50.57846],[3.42367,50.57089],[3.40815,50.5636],[3.4045,50.56744],[3.38696,50.56355],[3.37058,50.55247],[3.36111,50.5554],[3.36487,50.56334],[3.34707,50.56229],[3.32593,50.56427],[3.32603,50.57196],[3.31206,50.57069],[3.30847,50.56419],[3.29529,50.56174],[3.28884,50.55481],[3.28116,50.55612],[3.2852,50.56167],[3.27778,50.56429],[3.28174,50.57761],[3.27568,50.58188],[3.27956,50.59592],[3.27457,50.59689],[3.26999,50.61198],[3.25528,50.62274],[3.25919,50.62973],[3.24412,50.64068],[3.24649,50.65271]]]]}},{"type":"Feature","properties":{"refnis":57093},"geometry":{"type":"MultiPolygon","coordinates":[[[[3.32907,50.51454],[3.32128,50.5239],[3.32446,50.5268],[3.34232,50.5212],[3.34981,50.53102],[3.36111,50.5554],[3.37058,50.55247],[3.38696,50.56355],[3.4045,50.56744],[3.40815,50.5636],[3.41144,50.56435],[3.42596,50.54866],[3.4378,50.54683],[3.4366,50.53835],[3.44409,50.53221],[3.45432,50.5397],[3.46043,50.5309],[3.46969,50.53202],[3.4538,50.51921],[3.44693,50.50599],[3.4384,50.51069],[3.42892,50.50471],[3.40861,50.49928],[3.39202,50.49852],[3.37705,50.49109],[3.36187,50.50399],[3.33734,50.50885],[3.32956,50.50803],[3.32907,50.51454]]]]}},{"type":"Feature","properties":{"refnis":57094},"geometry":{"type":"MultiPolygon","coordinates":[[[[3.54918,50.57862],[3.55085,50.58877],[3.55662,50.59108],[3.56484,50.60614],[3.57411,50.60929],[3.5757,50.62476],[3.56501,50.62252],[3.56009,50.6274],[3.57374,50.62951],[3.58052,50.62579],[3.59114,50.62854],[3.58666,50.63391],[3.59656,50.63591],[3.61025,50.63309],[3.63026,50.64147],[3.64061,50.63289],[3.65504,50.63199],[3.64776,50.64553],[3.65511,50.64557],[3.66788,50.64142],[3.67845,50.634],[3.6798,50.62491],[3.69657,50.62143],[3.6981,50.61075],[3.68984,50.59856],[3.70194,50.59072],[3.71359,50.5891],[3.70706,50.57959],[3.70227,50.5803],[3.68074,50.58158],[3.67157,50.57416],[3.65754,50.55576],[3.66243,50.55279],[3.65237,50.54774],[3.63244,50.55318],[3.62556,50.56114],[3.61677,50.56133],[3.60478,50.55652],[3.58653,50.561],[3.59188,50.56396],[3.57085,50.57746],[3.55805,50.56893],[3.54845,50.57257],[3.54918,50.57862]]]]}},{"type":"Feature","properties":{"refnis":57095},"geometry":{"type":"MultiPolygon","coordinates":[[[[3.48755,50.70358],[3.48318,50.71151],[3.46842,50.71577],[3.46481,50.72132],[3.4793,50.72783],[3.48873,50.73874],[3.47862,50.74012],[3.45336,50.75812],[3.45905,50.76463],[3.47831,50.75912],[3.50909,50.75877],[3.53358,50.76482],[3.54067,50.7629],[3.53857,50.7574],[3.54779,50.7472],[3.54124,50.73339],[3.53676,50.72552],[3.54256,50.72274],[3.51027,50.71031],[3.49417,50.71015],[3.48755,50.70358]]]]}},{"type":"Feature","properties":{"refnis":57096},"geometry":{"type":"MultiPolygon","coordinates":[[[[3.18119,50.75532],[3.19102,50.75556],[3.21264,50.76181],[3.22748,50.76504],[3.23995,50.75799],[3.26489,50.75062],[3.28897,50.75171],[3.30558,50.75469],[3.32893,50.73106],[3.32394,50.7224],[3.3003,50.71531],[3.29093,50.72101],[3.24881,50.71366],[3.22738,50.71302],[3.22015,50.70986],[3.20418,50.72054],[3.19148,50.72466],[3.19716,50.73706],[3.18783,50.74034],[3.18119,50.75532]]]]}},{"type":"Feature","properties":{"refnis":57097},"geometry":{"type":"MultiPolygon","coordinates":[[[[2.8631,50.70828],[2.86961,50.71305],[2.85285,50.72439],[2.84221,50.7357],[2.85268,50.74042],[2.84212,50.75144],[2.85484,50.75759],[2.86963,50.76003],[2.87902,50.75477],[2.87586,50.76111],[2.87823,50.76152],[2.8883,50.7533],[2.92255,50.75721],[2.9188,50.76396],[2.94508,50.7721],[2.96,50.7735],[2.96035,50.77944],[2.94704,50.79101],[2.93726,50.79362],[2.9633,50.80022],[2.98103,50.8039],[2.99904,50.81053],[3.01502,50.80274],[3.00858,50.79525],[3.01345,50.7835],[3.02716,50.77852],[3.01891,50.77368],[2.97338,50.75062],[2.95651,50.75362],[2.93859,50.74513],[2.94421,50.73126],[2.93163,50.72821],[2.92865,50.70892],[2.92382,50.7036],[2.91174,50.70402],[2.91091,50.6945],[2.89874,50.69394],[2.88534,50.70648],[2.86972,50.70326],[2.8631,50.70828]]]]}},{"type":"Feature","properties":{"refnis":58001},"geometry":{"type":"MultiPolygon","coordinates":[[[[4.07554,50.44054],[4.08505,50.44617],[4.06994,50.45848],[4.07558,50.46522],[4.08803,50.46701],[4.09302,50.46369],[4.10957,50.47424],[4.11043,50.49246],[4.13297,50.49711],[4.13718,50.5076],[4.15262,50.51728],[4.16697,50.51744],[4.17789,50.51382],[4.18618,50.52495],[4.21171,50.51095],[4.20529,50.50503],[4.21053,50.4967],[4.20416,50.49093],[4.22309,50.47751],[4.22997,50.47694],[4.21797,50.46541],[4.21594,50.45209],[4.20744,50.44228],[4.19697,50.43898],[4.18257,50.44064],[4.1753,50.44679],[4.16162,50.4406],[4.15026,50.44426],[4.12081,50.4333],[4.10688,50.43946],[4.07554,50.44054]]]]}},{"type":"Feature","properties":{"refnis":58002},"geometry":{"type":"MultiPolygon","coordinates":[[[[4.05857,50.43049],[4.05758,50.43967],[4.07554,50.44054],[4.10688,50.43946],[4.12081,50.4333],[4.15026,50.44426],[4.16162,50.4406],[4.1753,50.44679],[4.18257,50.44064],[4.19697,50.43898],[4.2025,50.43509],[4.21352,50.43903],[4.22117,50.42971],[4.23295,50.42215],[4.2526,50.42374],[4.24585,50.41152],[4.22782,50.40835],[4.23907,50.40281],[4.23215,50.38845],[4.24275,50.3809],[4.23862,50.3773],[4.2252,50.3814],[4.22695,50.37487],[4.22068,50.3675],[4.23217,50.36303],[4.23427,50.35707],[4.21352,50.36386],[4.19456,50.36005],[4.19643,50.35241],[4.18519,50.35028],[4.18007,50.36253],[4.18569,50.37754],[4.1634,50.38297],[4.1682,50.38652],[4.14307,50.39476],[4.13553,50.39344],[4.12555,50.4007],[4.13244,50.40817],[4.13363,50.41956],[4.10899,50.42636],[4.05857,50.43049]]]]}},{"type":"Feature","properties":{"refnis":58003},"geometry":{"type":"MultiPolygon","coordinates":[[[[4.02794,50.3584],[4.04122,50.35795],[4.05131,50.36168],[4.04607,50.36525],[4.05504,50.36999],[4.0491,50.37944],[4.04092,50.40097],[4.03961,50.40496],[4.05037,50.41071],[4.06104,50.42451],[4.05857,50.43049],[4.10899,50.42636],[4.13363,50.41956],[4.13244,50.40817],[4.12555,50.4007],[4.13553,50.39344],[4.14307,50.39476],[4.1682,50.38652],[4.1634,50.38297],[4.18569,50.37754],[4.18007,50.36253],[4.15931,50.36675],[4.14979,50.36068],[4.15288,50.34507],[4.14651,50.34394],[4.13256,50.33055],[4.10508,50.33185],[4.09937,50.33614],[4.09188,50.3321],[4.07104,50.34969],[4.05064,50.34627],[4.04277,50.34008],[4.03606,50.34366],[4.02794,50.3584]]]]}},{"type":"Feature","properties":{"refnis":58004},"geometry":{"type":"MultiPolygon","coordinates":[[[[4.19697,50.43898],[4.20744,50.44228],[4.21594,50.45209],[4.21797,50.46541],[4.22878,50.46585],[4.24101,50.47408],[4.2516,50.47447],[4.25676,50.46923],[4.26769,50.47156],[4.26969,50.45936],[4.28312,50.45134],[4.27139,50.44281],[4.26315,50.42538],[4.2526,50.42374],[4.23295,50.42215],[4.22117,50.42971],[4.21352,50.43903],[4.2025,50.43509],[4.19697,50.43898]]]]}},{"type":"Feature","properties":{"refnis":61003},"geometry":{"type":"MultiPolygon","coordinates":[[[[5.34618,50.56077],[5.33411,50.55497],[5.33503,50.54641],[5.34327,50.5357],[5.3393,50.52557],[5.32373,50.51694],[5.31635,50.51765],[5.30096,50.5325],[5.26243,50.53829],[5.26559,50.55189],[5.27522,50.55282],[5.28663,50.56376],[5.28683,50.57411],[5.29268,50.57707],[5.29573,50.57413],[5.32087,50.58373],[5.32615,50.59193],[5.34,50.58373],[5.35021,50.56638],[5.34618,50.56077]]]]}},{"type":"Feature","properties":{"refnis":61010},"geometry":{"type":"MultiPolygon","coordinates":[[[[5.08318,50.59968],[5.09805,50.5987],[5.1044,50.59357],[5.13095,50.60431],[5.13518,50.60821],[5.16304,50.59534],[5.16691,50.57904],[5.16153,50.57061],[5.13548,50.56582],[5.13314,50.56276],[5.12424,50.56289],[5.09718,50.57919],[5.08177,50.55832],[5.05675,50.56784],[5.0513,50.55543],[5.04857,50.56111],[5.03355,50.57058],[5.02867,50.5887],[5.0301,50.59244],[5.05207,50.58966],[5.06188,50.60252],[5.08318,50.59968]]]]}},{"type":"Feature","properties":{"refnis":61012},"geometry":{"type":"MultiPolygon","coordinates":[[[[5.34645,50.38651],[5.31904,50.37303],[5.29717,50.36495],[5.28105,50.37824],[5.27915,50.38929],[5.28741,50.39451],[5.26002,50.40342],[5.2539,50.40029],[5.23693,50.40302],[5.22118,50.41728],[5.23719,50.42703],[5.25268,50.43478],[5.27064,50.43692],[5.29064,50.41956],[5.33091,50.43367],[5.32787,50.44311],[5.33328,50.45487],[5.36125,50.46146],[5.37821,50.44772],[5.38426,50.44664],[5.40667,50.44361],[5.4149,50.44535],[5.42193,50.43061],[5.4065,50.42566],[5.40669,50.41224],[5.4248,50.41096],[5.42641,50.39911],[5.41542,50.39531],[5.39555,50.38366],[5.39294,50.37944],[5.38256,50.38681],[5.36836,50.37986],[5.35854,50.38726],[5.34645,50.38651]]]]}},{"type":"Feature","properties":{"refnis":61019},"geometry":{"type":"MultiPolygon","coordinates":[[[[5.67558,50.36844],[5.64742,50.36553],[5.63061,50.37204],[5.63729,50.37509],[5.61393,50.38249],[5.59364,50.39818],[5.57034,50.39699],[5.55381,50.38851],[5.53932,50.39112],[5.5291,50.39754],[5.53207,50.40409],[5.51978,50.4028],[5.52004,50.40778],[5.55056,50.41515],[5.56087,50.4138],[5.58352,50.42252],[5.58698,50.41852],[5.60596,50.42756],[5.61881,50.42226],[5.61646,50.42809],[5.5668,50.43955],[5.56271,50.44555],[5.58614,50.4476],[5.58132,50.45591],[5.60798,50.45219],[5.61111,50.46004],[5.62396,50.46017],[5.63593,50.44094],[5.65321,50.42646],[5.63746,50.4259],[5.64626,50.41378],[5.65602,50.41599],[5.66159,50.40649],[5.65046,50.40276],[5.66132,50.3955],[5.67547,50.40317],[5.6983,50.39961],[5.70259,50.40391],[5.70933,50.40043],[5.6991,50.38202],[5.70823,50.3753],[5.67863,50.37276],[5.67558,50.36844]]]]}},{"type":"Feature","properties":{"refnis":61024},"geometry":{"type":"MultiPolygon","coordinates":[[[[5.54199,50.46137],[5.55321,50.45926],[5.603,50.465],[5.61111,50.46004],[5.60798,50.45219],[5.58132,50.45591],[5.58614,50.4476],[5.56271,50.44555],[5.5668,50.43955],[5.61646,50.42809],[5.61881,50.42226],[5.60596,50.42756],[5.58698,50.41852],[5.58352,50.42252],[5.56087,50.4138],[5.55056,50.41515],[5.52004,50.40778],[5.50936,50.41452],[5.51258,50.42504],[5.50783,50.43351],[5.51762,50.43805],[5.53299,50.4393],[5.53511,50.45075],[5.52275,50.455],[5.51173,50.45083],[5.50472,50.46052],[5.5167,50.46313],[5.53254,50.45759],[5.54199,50.46137]]]]}},{"type":"Feature","properties":{"refnis":61028},"geometry":{"type":"MultiPolygon","coordinates":[[[[5.03438,50.53177],[5.0383,50.53714],[5.05424,50.54112],[5.04644,50.55076],[5.0513,50.55543],[5.05675,50.56784],[5.08177,50.55832],[5.09718,50.57919],[5.12424,50.56289],[5.13314,50.56276],[5.14269,50.55185],[5.13515,50.54616],[5.16427,50.54065],[5.17246,50.53543],[5.15475,50.5208],[5.13931,50.51526],[5.14218,50.51214],[5.11859,50.50378],[5.10144,50.50842],[5.09477,50.51517],[5.09236,50.5293],[5.03438,50.53177]]]]}},{"type":"Feature","properties":{"refnis":61031},"geometry":{"type":"MultiPolygon","coordinates":[[[[5.24277,50.49654],[5.22941,50.50781],[5.21647,50.50382],[5.19687,50.47902],[5.17952,50.47597],[5.16395,50.46761],[5.14931,50.48246],[5.15956,50.48719],[5.13425,50.48885],[5.12898,50.50266],[5.1446,50.50872],[5.19135,50.51864],[5.20124,50.52627],[5.21727,50.52768],[5.21963,50.53198],[5.24924,50.53902],[5.26243,50.53829],[5.30096,50.5325],[5.31635,50.51765],[5.32373,50.51694],[5.31,50.50964],[5.31293,50.50579],[5.2991,50.50182],[5.2882,50.50433],[5.28282,50.49867],[5.26369,50.50253],[5.24277,50.49654]]]]}},{"type":"Feature","properties":{"refnis":61039},"geometry":{"type":"MultiPolygon","coordinates":[[[[5.23719,50.42703],[5.2362,50.43671],[5.22483,50.44238],[5.20994,50.45955],[5.20388,50.47372],[5.19687,50.47902],[5.21647,50.50382],[5.22941,50.50781],[5.24277,50.49654],[5.23692,50.49206],[5.25327,50.49314],[5.26625,50.48145],[5.26612,50.47093],[5.28441,50.4587],[5.28071,50.44976],[5.27138,50.44305],[5.27064,50.43692],[5.25268,50.43478],[5.23719,50.42703]]]]}},{"type":"Feature","properties":{"refnis":61041},"geometry":{"type":"MultiPolygon","coordinates":[[[[5.27064,50.43692],[5.27138,50.44305],[5.28071,50.44976],[5.28441,50.4587],[5.26612,50.47093],[5.26625,50.48145],[5.25327,50.49314],[5.23692,50.49206],[5.24277,50.49654],[5.26369,50.50253],[5.28282,50.49867],[5.2882,50.50433],[5.2991,50.50182],[5.31293,50.50579],[5.31,50.50964],[5.32373,50.51694],[5.3393,50.52557],[5.33533,50.51605],[5.3454,50.51549],[5.35398,50.50522],[5.33427,50.4944],[5.34367,50.48844],[5.33884,50.4806],[5.30971,50.46949],[5.31232,50.45454],[5.31761,50.4514],[5.33328,50.45487],[5.32787,50.44311],[5.33091,50.43367],[5.29064,50.41956],[5.27064,50.43692]]]]}},{"type":"Feature","properties":{"refnis":61043},"geometry":{"type":"MultiPolygon","coordinates":[[[[5.47691,50.52148],[5.46223,50.51539],[5.46303,50.50734],[5.44924,50.50081],[5.44552,50.4943],[5.43157,50.49787],[5.41783,50.49768],[5.40801,50.489],[5.38797,50.5059],[5.35827,50.49939],[5.35749,50.49535],[5.34367,50.48844],[5.33427,50.4944],[5.35398,50.50522],[5.3454,50.51549],[5.33533,50.51605],[5.3393,50.52557],[5.34327,50.5357],[5.36123,50.53426],[5.3735,50.53983],[5.3822,50.53574],[5.40125,50.53998],[5.41849,50.54055],[5.42848,50.53746],[5.42915,50.53192],[5.44058,50.5417],[5.43905,50.53651],[5.44848,50.52188],[5.46343,50.52869],[5.47691,50.52148]]]]}},{"type":"Feature","properties":{"refnis":61048},"geometry":{"type":"MultiPolygon","coordinates":[[[[5.50472,50.46052],[5.51173,50.45083],[5.52275,50.455],[5.53511,50.45075],[5.53299,50.4393],[5.51762,50.43805],[5.50783,50.43351],[5.51258,50.42504],[5.50161,50.42362],[5.46947,50.40999],[5.44128,50.42072],[5.42962,50.43023],[5.42193,50.43061],[5.4149,50.44535],[5.40667,50.44361],[5.38426,50.44664],[5.39646,50.45069],[5.41347,50.44983],[5.41663,50.45672],[5.42728,50.46106],[5.42369,50.46613],[5.44238,50.47798],[5.4406,50.48128],[5.45968,50.48257],[5.46391,50.4681],[5.47377,50.46541],[5.48555,50.46788],[5.49262,50.46155],[5.50472,50.46052]]]]}},{"type":"Feature","properties":{"refnis":61063},"geometry":{"type":"MultiPolygon","coordinates":[[[[5.28139,50.63716],[5.30475,50.62517],[5.34946,50.63336],[5.33776,50.62123],[5.34199,50.61592],[5.33979,50.59989],[5.32615,50.59193],[5.32087,50.58373],[5.29573,50.57413],[5.29268,50.57707],[5.28868,50.58621],[5.29729,50.5902],[5.28976,50.59559],[5.2878,50.60402],[5.27746,50.5987],[5.25391,50.59473],[5.25952,50.61593],[5.27205,50.61824],[5.27747,50.62807],[5.2694,50.63174],[5.28139,50.63716]]]]}},{"type":"Feature","properties":{"refnis":61068},"geometry":{"type":"MultiPolygon","coordinates":[[[[5.25952,50.61593],[5.25391,50.59473],[5.27746,50.5987],[5.2878,50.60402],[5.28976,50.59559],[5.29729,50.5902],[5.28868,50.58621],[5.29268,50.57707],[5.28683,50.57411],[5.28663,50.56376],[5.27522,50.55282],[5.26559,50.55189],[5.24884,50.57421],[5.23973,50.58259],[5.20821,50.57508],[5.20982,50.5837],[5.20524,50.59214],[5.19289,50.58993],[5.1951,50.60405],[5.20083,50.60965],[5.19009,50.61989],[5.19664,50.62684],[5.20238,50.62976],[5.22166,50.62135],[5.23501,50.62485],[5.24606,50.62299],[5.25952,50.61593]]]]}},{"type":"Feature","properties":{"refnis":61072},"geometry":{"type":"MultiPolygon","coordinates":[[[[5.14218,50.51214],[5.13931,50.51526],[5.15475,50.5208],[5.17246,50.53543],[5.16427,50.54065],[5.13515,50.54616],[5.14269,50.55185],[5.13314,50.56276],[5.13548,50.56582],[5.16153,50.57061],[5.16691,50.57904],[5.18398,50.57591],[5.19531,50.5707],[5.20821,50.57508],[5.23973,50.58259],[5.24884,50.57421],[5.26559,50.55189],[5.26243,50.53829],[5.24924,50.53902],[5.21963,50.53198],[5.21727,50.52768],[5.20124,50.52627],[5.19135,50.51864],[5.1446,50.50872],[5.14218,50.51214]]]]}},{"type":"Feature","properties":{"refnis":61079},"geometry":{"type":"MultiPolygon","coordinates":[[[[5.54566,50.50557],[5.5517,50.49917],[5.54503,50.47307],[5.53567,50.46727],[5.54199,50.46137],[5.53254,50.45759],[5.5167,50.46313],[5.50472,50.46052],[5.49262,50.46155],[5.48555,50.46788],[5.47377,50.46541],[5.46391,50.4681],[5.45968,50.48257],[5.4406,50.48128],[5.43781,50.48995],[5.44552,50.4943],[5.44924,50.50081],[5.46303,50.50734],[5.46223,50.51539],[5.47691,50.52148],[5.50148,50.52252],[5.50498,50.51224],[5.51484,50.51673],[5.52912,50.50346],[5.54566,50.50557]]]]}},{"type":"Feature","properties":{"refnis":61080},"geometry":{"type":"MultiPolygon","coordinates":[[[[5.42913,50.56441],[5.42284,50.55576],[5.44058,50.5417],[5.42915,50.53192],[5.42848,50.53746],[5.41849,50.54055],[5.40125,50.53998],[5.3822,50.53574],[5.3735,50.53983],[5.36123,50.53426],[5.34327,50.5357],[5.33503,50.54641],[5.33411,50.55497],[5.34618,50.56077],[5.38234,50.5707],[5.37675,50.57941],[5.39437,50.5898],[5.40489,50.59303],[5.4132,50.58864],[5.41564,50.57953],[5.42913,50.56441]]]]}},{"type":"Feature","properties":{"refnis":61081},"geometry":{"type":"MultiPolygon","coordinates":[[[[5.4406,50.48128],[5.44238,50.47798],[5.42369,50.46613],[5.42728,50.46106],[5.41663,50.45672],[5.41347,50.44983],[5.39646,50.45069],[5.38426,50.44664],[5.37821,50.44772],[5.36125,50.46146],[5.33328,50.45487],[5.31761,50.4514],[5.31232,50.45454],[5.30971,50.46949],[5.33884,50.4806],[5.34367,50.48844],[5.35749,50.49535],[5.35827,50.49939],[5.38797,50.5059],[5.40801,50.489],[5.41783,50.49768],[5.43157,50.49787],[5.44552,50.4943],[5.43781,50.48995],[5.4406,50.48128]]]]}},{"type":"Feature","properties":{"refnis":62003},"geometry":{"type":"MultiPolygon","coordinates":[[[[5.52341,50.64938],[5.51165,50.64922],[5.50014,50.65915],[5.48764,50.66041],[5.48599,50.66676],[5.49127,50.67722],[5.47661,50.68232],[5.48077,50.69055],[5.4605,50.70143],[5.48476,50.71326],[5.49306,50.72285],[5.51669,50.71808],[5.51749,50.70276],[5.50504,50.69712],[5.5051,50.69189],[5.53654,50.67854],[5.53699,50.66462],[5.5519,50.65974],[5.54683,50.64908],[5.52681,50.6531],[5.52341,50.64938]]]]}},{"type":"Feature","properties":{"refnis":62006},"geometry":{"type":"MultiPolygon","coordinates":[[[[5.47885,50.7237],[5.48476,50.71326],[5.4605,50.70143],[5.48077,50.69055],[5.47661,50.68232],[5.49127,50.67722],[5.48599,50.66676],[5.48764,50.66041],[5.45808,50.65852],[5.44036,50.66078],[5.43642,50.66964],[5.42071,50.67875],[5.42728,50.68509],[5.42438,50.71225],[5.4317,50.71971],[5.43582,50.7221],[5.44778,50.72188],[5.46316,50.73058],[5.4601,50.73641],[5.47566,50.73355],[5.47885,50.7237]]]]}},{"type":"Feature","properties":{"refnis":62009},"geometry":{"type":"MultiPolygon","coordinates":[[[[5.79298,50.43523],[5.76959,50.4347],[5.75211,50.44323],[5.73688,50.44393],[5.73409,50.43758],[5.70746,50.43254],[5.70759,50.42045],[5.70259,50.40391],[5.6983,50.39961],[5.67547,50.40317],[5.66132,50.3955],[5.65046,50.40276],[5.66159,50.40649],[5.65602,50.41599],[5.64626,50.41378],[5.63746,50.4259],[5.65321,50.42646],[5.63593,50.44094],[5.62396,50.46017],[5.6263,50.47198],[5.63571,50.48023],[5.63107,50.48703],[5.63633,50.48182],[5.6524,50.48485],[5.64917,50.48041],[5.67037,50.47658],[5.68289,50.48653],[5.69205,50.48602],[5.70535,50.49703],[5.71315,50.49879],[5.72418,50.51624],[5.73705,50.51538],[5.7631,50.52149],[5.76592,50.51692],[5.75875,50.49052],[5.73876,50.49555],[5.79298,50.43523]]]]}},{"type":"Feature","properties":{"refnis":62011},"geometry":{"type":"MultiPolygon","coordinates":[[[[5.68719,50.8041],[5.68356,50.7937],[5.6668,50.76992],[5.65959,50.77259],[5.64974,50.75235],[5.62815,50.74291],[5.61052,50.75207],[5.60395,50.74547],[5.5982,50.75103],[5.59314,50.73403],[5.57761,50.7366],[5.5715,50.74938],[5.55285,50.74447],[5.54588,50.73364],[5.53732,50.7305],[5.52434,50.74234],[5.51928,50.74722],[5.52258,50.75865],[5.53264,50.75694],[5.55125,50.76032],[5.55296,50.76401],[5.56993,50.76415],[5.57341,50.77093],[5.5848,50.77102],[5.60265,50.77672],[5.61572,50.78423],[5.62681,50.7823],[5.64624,50.79303],[5.65319,50.80544],[5.68028,50.80639],[5.68719,50.8041]]]]}},{"type":"Feature","properties":{"refnis":62015},"geometry":{"type":"MultiPolygon","coordinates":[[[[5.65387,50.64852],[5.65679,50.65088],[5.68194,50.63792],[5.68315,50.63214],[5.6936,50.62411],[5.67492,50.62997],[5.66949,50.62246],[5.6732,50.61548],[5.66268,50.61589],[5.64604,50.61157],[5.64038,50.61498],[5.63594,50.62659],[5.64417,50.63043],[5.65712,50.63014],[5.66009,50.63728],[5.6513,50.64498],[5.65387,50.64852]]]]}},{"type":"Feature","properties":{"refnis":62022},"geometry":{"type":"MultiPolygon","coordinates":[[[[5.64038,50.61498],[5.64604,50.61157],[5.65591,50.59814],[5.66626,50.59366],[5.68023,50.59277],[5.66544,50.58111],[5.64083,50.56887],[5.66368,50.57286],[5.66593,50.56678],[5.65149,50.55926],[5.67145,50.5557],[5.67472,50.55074],[5.65412,50.55246],[5.61496,50.551],[5.60669,50.55728],[5.61647,50.55887],[5.61655,50.56835],[5.60014,50.58105],[5.58922,50.58847],[5.59108,50.59596],[5.60616,50.60355],[5.61492,50.59955],[5.6148,50.60626],[5.6279,50.60315],[5.6264,50.60855],[5.64038,50.61498]]]]}},{"type":"Feature","properties":{"refnis":62026},"geometry":{"type":"MultiPolygon","coordinates":[[[[5.59129,50.51094],[5.59622,50.50379],[5.58329,50.48682],[5.58844,50.48216],[5.60306,50.48261],[5.61752,50.47702],[5.62173,50.48666],[5.63107,50.48703],[5.63571,50.48023],[5.6263,50.47198],[5.62396,50.46017],[5.61111,50.46004],[5.603,50.465],[5.55321,50.45926],[5.54199,50.46137],[5.53567,50.46727],[5.54503,50.47307],[5.5517,50.49917],[5.54566,50.50557],[5.55997,50.51077],[5.56659,50.50711],[5.57601,50.51073],[5.59129,50.51094]]]]}},{"type":"Feature","properties":{"refnis":62027},"geometry":{"type":"MultiPolygon","coordinates":[[[[5.72219,50.74573],[5.72603,50.75169],[5.73729,50.75547],[5.747,50.75224],[5.7489,50.74524],[5.76941,50.75121],[5.786,50.74554],[5.80325,50.73488],[5.8003,50.73198],[5.81875,50.7144],[5.80657,50.71134],[5.79847,50.70246],[5.78633,50.69594],[5.77352,50.69551],[5.75318,50.7021],[5.75904,50.69379],[5.77105,50.68587],[5.76842,50.68215],[5.74996,50.68198],[5.74443,50.69738],[5.72932,50.70734],[5.7085,50.69856],[5.70153,50.70412],[5.71053,50.71273],[5.70941,50.72562],[5.71755,50.72333],[5.72466,50.73591],[5.72219,50.74573]]]]}},{"type":"Feature","properties":{"refnis":62032},"geometry":{"type":"MultiPolygon","coordinates":[[[[5.60014,50.58105],[5.61655,50.56835],[5.61647,50.55887],[5.60669,50.55728],[5.61496,50.551],[5.60107,50.5465],[5.59722,50.53393],[5.60996,50.52147],[5.59129,50.51094],[5.57601,50.51073],[5.56659,50.50711],[5.55997,50.51077],[5.54566,50.50557],[5.52912,50.50346],[5.51484,50.51673],[5.50498,50.51224],[5.50148,50.52252],[5.53205,50.5273],[5.55472,50.53393],[5.54699,50.54554],[5.55393,50.55312],[5.54262,50.55369],[5.54713,50.56133],[5.55269,50.56102],[5.56185,50.56184],[5.57742,50.57063],[5.57718,50.57607],[5.59863,50.57608],[5.60014,50.58105]]]]}},{"type":"Feature","properties":{"refnis":62038},"geometry":{"type":"MultiPolygon","coordinates":[[[[5.69271,50.6449],[5.71427,50.63065],[5.71244,50.61844],[5.6936,50.60882],[5.69643,50.60067],[5.70028,50.59546],[5.68654,50.59019],[5.68023,50.59277],[5.66626,50.59366],[5.65591,50.59814],[5.64604,50.61157],[5.66268,50.61589],[5.6732,50.61548],[5.66949,50.62246],[5.67492,50.62997],[5.6936,50.62411],[5.68315,50.63214],[5.68194,50.63792],[5.69271,50.6449]]]]}},{"type":"Feature","properties":{"refnis":62051},"geometry":{"type":"MultiPolygon","coordinates":[[[[5.6526,50.68136],[5.62832,50.65745],[5.60894,50.65533],[5.61375,50.66383],[5.58259,50.66752],[5.56887,50.6654],[5.56478,50.68222],[5.56566,50.68667],[5.55554,50.69382],[5.56297,50.69809],[5.58272,50.69839],[5.59341,50.70143],[5.60899,50.69814],[5.62426,50.70127],[5.65743,50.688],[5.6526,50.68136]]]]}},{"type":"Feature","properties":{"refnis":62060},"geometry":{"type":"MultiPolygon","coordinates":[[[[5.52434,50.74234],[5.53732,50.7305],[5.54588,50.73364],[5.55285,50.74447],[5.5715,50.74938],[5.57761,50.7366],[5.59314,50.73403],[5.59859,50.72322],[5.59891,50.70608],[5.59341,50.70143],[5.58272,50.69839],[5.56297,50.69809],[5.55554,50.69382],[5.56566,50.68667],[5.56478,50.68222],[5.54004,50.68463],[5.53654,50.67854],[5.5051,50.69189],[5.50504,50.69712],[5.51749,50.70276],[5.51669,50.71808],[5.49306,50.72285],[5.48476,50.71326],[5.47885,50.7237],[5.5187,50.74179],[5.52434,50.74234]]]]}},{"type":"Feature","properties":{"refnis":62063},"geometry":{"type":"MultiPolygon","coordinates":[[[[5.67394,50.67116],[5.67305,50.66557],[5.66243,50.65895],[5.64236,50.65194],[5.65387,50.64852],[5.6513,50.64498],[5.66009,50.63728],[5.65712,50.63014],[5.64417,50.63043],[5.63594,50.62659],[5.64038,50.61498],[5.6264,50.60855],[5.6279,50.60315],[5.6148,50.60626],[5.61492,50.59955],[5.60616,50.60355],[5.59108,50.59596],[5.58922,50.58847],[5.60014,50.58105],[5.59863,50.57608],[5.57718,50.57607],[5.57742,50.57063],[5.56185,50.56184],[5.55269,50.56102],[5.55162,50.57165],[5.54474,50.5768],[5.56555,50.59054],[5.55887,50.60722],[5.539,50.6081],[5.53023,50.61251],[5.53653,50.6194],[5.54934,50.62116],[5.53192,50.6448],[5.52341,50.64938],[5.52681,50.6531],[5.54683,50.64908],[5.5519,50.65974],[5.53699,50.66462],[5.53654,50.67854],[5.54004,50.68463],[5.56478,50.68222],[5.56887,50.6654],[5.58259,50.66752],[5.61375,50.66383],[5.60894,50.65533],[5.62832,50.65745],[5.6526,50.68136],[5.65898,50.68384],[5.66325,50.67663],[5.67394,50.67116]]]]}},{"type":"Feature","properties":{"refnis":62079},"geometry":{"type":"MultiPolygon","coordinates":[[[[5.65898,50.68384],[5.6526,50.68136],[5.65743,50.688],[5.62426,50.70127],[5.60899,50.69814],[5.59341,50.70143],[5.59891,50.70608],[5.59859,50.72322],[5.59314,50.73403],[5.5982,50.75103],[5.60395,50.74547],[5.61052,50.75207],[5.62815,50.74291],[5.64974,50.75235],[5.67661,50.74522],[5.67665,50.73303],[5.69174,50.73239],[5.69026,50.72055],[5.67811,50.70464],[5.67258,50.69139],[5.65898,50.68384]]]]}},{"type":"Feature","properties":{"refnis":62093},"geometry":{"type":"MultiPolygon","coordinates":[[[[5.53023,50.61251],[5.51978,50.61784],[5.52179,50.62813],[5.5079,50.62858],[5.51165,50.64922],[5.52341,50.64938],[5.53192,50.6448],[5.54934,50.62116],[5.53653,50.6194],[5.53023,50.61251]]]]}},{"type":"Feature","properties":{"refnis":62096},"geometry":{"type":"MultiPolygon","coordinates":[[[[5.55269,50.56102],[5.54713,50.56133],[5.49652,50.54726],[5.4981,50.5639],[5.48359,50.57148],[5.48125,50.57821],[5.46992,50.58212],[5.47924,50.58935],[5.48038,50.59813],[5.489,50.604],[5.47629,50.62114],[5.48556,50.62749],[5.49669,50.62176],[5.5079,50.62858],[5.52179,50.62813],[5.51978,50.61784],[5.53023,50.61251],[5.539,50.6081],[5.55887,50.60722],[5.56555,50.59054],[5.54474,50.5768],[5.55162,50.57165],[5.55269,50.56102]]]]}},{"type":"Feature","properties":{"refnis":62099},"geometry":{"type":"MultiPolygon","coordinates":[[[[5.73272,50.66247],[5.74746,50.66174],[5.75587,50.64811],[5.76661,50.64269],[5.75758,50.62271],[5.76828,50.61283],[5.75945,50.60765],[5.76377,50.60225],[5.74505,50.59932],[5.72669,50.60247],[5.71143,50.61011],[5.70409,50.60978],[5.69643,50.60067],[5.6936,50.60882],[5.71244,50.61844],[5.71427,50.63065],[5.69271,50.6449],[5.68926,50.65967],[5.7029,50.65495],[5.71341,50.66652],[5.73272,50.66247]]]]}},{"type":"Feature","properties":{"refnis":62100},"geometry":{"type":"MultiPolygon","coordinates":[[[[5.61496,50.551],[5.65412,50.55246],[5.67472,50.55074],[5.68903,50.55028],[5.70464,50.55584],[5.7184,50.55512],[5.75529,50.5468],[5.7524,50.53892],[5.7631,50.52149],[5.73705,50.51538],[5.72418,50.51624],[5.71315,50.49879],[5.70535,50.49703],[5.69205,50.48602],[5.68289,50.48653],[5.67037,50.47658],[5.64917,50.48041],[5.6524,50.48485],[5.63633,50.48182],[5.63107,50.48703],[5.62173,50.48666],[5.61752,50.47702],[5.60306,50.48261],[5.58844,50.48216],[5.58329,50.48682],[5.59622,50.50379],[5.59129,50.51094],[5.60996,50.52147],[5.59722,50.53393],[5.60107,50.5465],[5.61496,50.551]]]]}},{"type":"Feature","properties":{"refnis":62108},"geometry":{"type":"MultiPolygon","coordinates":[[[[5.68323,50.75482],[5.72219,50.74573],[5.72466,50.73591],[5.71755,50.72333],[5.70941,50.72562],[5.71053,50.71273],[5.70153,50.70412],[5.69638,50.68895],[5.68967,50.68689],[5.67394,50.67116],[5.66325,50.67663],[5.65898,50.68384],[5.67258,50.69139],[5.67811,50.70464],[5.69026,50.72055],[5.69174,50.73239],[5.67665,50.73303],[5.67661,50.74522],[5.64974,50.75235],[5.65959,50.77259],[5.6668,50.76992],[5.68356,50.7937],[5.68719,50.8041],[5.68788,50.81192],[5.69385,50.81152],[5.69354,50.80012],[5.69828,50.78517],[5.69737,50.77531],[5.68206,50.75754],[5.68323,50.75482]]]]}},{"type":"Feature","properties":{"refnis":62118},"geometry":{"type":"MultiPolygon","coordinates":[[[[5.48764,50.66041],[5.50014,50.65915],[5.51165,50.64922],[5.5079,50.62858],[5.49669,50.62176],[5.48556,50.62749],[5.47629,50.62114],[5.46225,50.62931],[5.43534,50.62803],[5.41515,50.61936],[5.38068,50.6139],[5.37113,50.62282],[5.34946,50.63336],[5.37367,50.6464],[5.3891,50.63925],[5.41026,50.64238],[5.42368,50.64932],[5.43561,50.65159],[5.44036,50.66078],[5.45808,50.65852],[5.48764,50.66041]]]]}},{"type":"Feature","properties":{"refnis":62119},"geometry":{"type":"MultiPolygon","coordinates":[[[[5.70153,50.70412],[5.7085,50.69856],[5.72932,50.70734],[5.74443,50.69738],[5.74996,50.68198],[5.76842,50.68215],[5.77105,50.68587],[5.77256,50.67378],[5.76307,50.66919],[5.7518,50.67205],[5.74171,50.67928],[5.7413,50.67023],[5.73158,50.66836],[5.73272,50.66247],[5.71341,50.66652],[5.7029,50.65495],[5.68926,50.65967],[5.69271,50.6449],[5.68194,50.63792],[5.65679,50.65088],[5.65387,50.64852],[5.64236,50.65194],[5.66243,50.65895],[5.67305,50.66557],[5.67394,50.67116],[5.68967,50.68689],[5.69638,50.68895],[5.70153,50.70412]]]]}},{"type":"Feature","properties":{"refnis":62120},"geometry":{"type":"MultiPolygon","coordinates":[[[[5.48359,50.57148],[5.46296,50.56667],[5.45999,50.55707],[5.43492,50.56471],[5.42913,50.56441],[5.41564,50.57953],[5.4132,50.58864],[5.40489,50.59303],[5.39437,50.5898],[5.38795,50.59206],[5.39064,50.59923],[5.38068,50.6139],[5.41515,50.61936],[5.43534,50.62803],[5.46225,50.62931],[5.47629,50.62114],[5.489,50.604],[5.48038,50.59813],[5.47924,50.58935],[5.46992,50.58212],[5.48125,50.57821],[5.48359,50.57148]]]]}},{"type":"Feature","properties":{"refnis":62121},"geometry":{"type":"MultiPolygon","coordinates":[[[[5.54713,50.56133],[5.54262,50.55369],[5.55393,50.55312],[5.54699,50.54554],[5.55472,50.53393],[5.53205,50.5273],[5.50148,50.52252],[5.47691,50.52148],[5.46343,50.52869],[5.44848,50.52188],[5.43905,50.53651],[5.44058,50.5417],[5.42284,50.55576],[5.42913,50.56441],[5.43492,50.56471],[5.45999,50.55707],[5.46296,50.56667],[5.48359,50.57148],[5.4981,50.5639],[5.49652,50.54726],[5.54713,50.56133]]]]}},{"type":"Feature","properties":{"refnis":62122},"geometry":{"type":"MultiPolygon","coordinates":[[[[5.68023,50.59277],[5.68654,50.59019],[5.70028,50.59546],[5.70921,50.59238],[5.71182,50.57868],[5.69305,50.5716],[5.71054,50.56509],[5.71745,50.5687],[5.73522,50.56446],[5.73384,50.57389],[5.7392,50.57919],[5.73076,50.58209],[5.73387,50.58756],[5.75673,50.57507],[5.76594,50.57318],[5.76129,50.56324],[5.76891,50.56682],[5.77165,50.55888],[5.75529,50.5468],[5.7184,50.55512],[5.70464,50.55584],[5.68903,50.55028],[5.67472,50.55074],[5.67145,50.5557],[5.65149,50.55926],[5.66593,50.56678],[5.66368,50.57286],[5.64083,50.56887],[5.66544,50.58111],[5.68023,50.59277]]]]}},{"type":"Feature","properties":{"refnis":63001},"geometry":{"type":"MultiPolygon","coordinates":[[[[6.18158,50.40483],[6.19562,50.40108],[6.20307,50.39407],[6.2194,50.39437],[6.2391,50.38402],[6.2569,50.37974],[6.27715,50.35472],[6.26693,50.33639],[6.27092,50.32312],[6.28528,50.30929],[6.2775,50.30572],[6.26525,50.30899],[6.25573,50.29175],[6.2303,50.31694],[6.22669,50.30937],[6.21694,50.30574],[6.20457,50.29478],[6.20499,50.28452],[6.18593,50.2912],[6.1885,50.29564],[6.17239,50.30099],[6.16949,50.3077],[6.15048,50.31091],[6.14369,50.29771],[6.12321,50.30009],[6.11823,50.31044],[6.09261,50.31826],[6.06972,50.35066],[6.08864,50.36203],[6.08626,50.36573],[6.11348,50.37993],[6.12418,50.37868],[6.12326,50.38465],[6.14521,50.39228],[6.15289,50.39253],[6.17157,50.40455],[6.18158,50.40483]]]]}},{"type":"Feature","properties":{"refnis":63003},"geometry":{"type":"MultiPolygon","coordinates":[[[[5.88342,50.70996],[5.89121,50.70694],[5.89988,50.69519],[5.92237,50.67853],[5.91873,50.67633],[5.90776,50.68028],[5.89372,50.6903],[5.88473,50.69026],[5.87853,50.69821],[5.86425,50.68856],[5.83624,50.68474],[5.81412,50.68995],[5.79847,50.70246],[5.80657,50.71134],[5.81875,50.7144],[5.85842,50.71751],[5.88342,50.70996]]]]}},{"type":"Feature","properties":{"refnis":63004},"geometry":{"type":"MultiPolygon","coordinates":[[[[6.13752,50.54804],[6.13877,50.54047],[6.12658,50.52948],[6.10147,50.5205],[6.09027,50.52297],[6.07318,50.51966],[6.07281,50.52596],[6.05018,50.54579],[6.03136,50.55147],[6.0282,50.56121],[6.00266,50.57269],[6.0025,50.57934],[5.9938,50.58597],[5.97409,50.58898],[5.97444,50.59387],[5.97322,50.60229],[5.98322,50.60414],[5.97003,50.61423],[5.9588,50.61774],[5.93806,50.62875],[5.93417,50.64119],[5.93714,50.64995],[5.97954,50.64683],[6.00034,50.64985],[6.00817,50.64467],[6.00096,50.63959],[6.00988,50.63296],[6.00169,50.6267],[6.01753,50.61274],[6.02695,50.61706],[6.04223,50.61523],[6.05846,50.5977],[6.06735,50.60097],[6.08861,50.59595],[6.10068,50.59724],[6.11673,50.5845],[6.11927,50.56991],[6.13515,50.55807],[6.13752,50.54804]]]]}},{"type":"Feature","properties":{"refnis":63012},"geometry":{"type":"MultiPolygon","coordinates":[[[[6.30795,50.31075],[6.30528,50.31151],[6.28528,50.30929],[6.27092,50.32312],[6.26693,50.33639],[6.27715,50.35472],[6.2569,50.37974],[6.2391,50.38402],[6.2194,50.39437],[6.22954,50.40018],[6.23252,50.41544],[6.24459,50.42658],[6.23817,50.427],[6.24106,50.43484],[6.26883,50.46228],[6.28046,50.45834],[6.29991,50.46825],[6.30119,50.48404],[6.28545,50.49818],[6.29754,50.49743],[6.30897,50.50148],[6.33498,50.48906],[6.35129,50.48829],[6.34163,50.48348],[6.33746,50.47468],[6.34384,50.46877],[6.34041,50.46226],[6.36295,50.45379],[6.37182,50.45551],[6.37741,50.44135],[6.37596,50.43148],[6.3667,50.41932],[6.36996,50.4089],[6.35696,50.39074],[6.34294,50.38025],[6.36088,50.37128],[6.36977,50.36106],[6.39781,50.34612],[6.40051,50.33816],[6.4081,50.33541],[6.40553,50.32334],[6.38247,50.32216],[6.37022,50.31251],[6.36149,50.3148],[6.36061,50.30753],[6.34838,50.315],[6.3362,50.31706],[6.32727,50.32469],[6.31786,50.31897],[6.30641,50.32016],[6.30795,50.31075]]]]}},{"type":"Feature","properties":{"refnis":63013},"geometry":{"type":"MultiPolygon","coordinates":[[[[6.28545,50.49818],[6.30119,50.48404],[6.29991,50.46825],[6.28046,50.45834],[6.26883,50.46228],[6.24106,50.43484],[6.23817,50.427],[6.24459,50.42658],[6.23252,50.41544],[6.22954,50.40018],[6.2194,50.39437],[6.20307,50.39407],[6.19562,50.40108],[6.18158,50.40483],[6.17875,50.4173],[6.14908,50.42478],[6.14813,50.43445],[6.15423,50.43763],[6.15328,50.4622],[6.14822,50.47159],[6.14492,50.49278],[6.13095,50.49787],[6.13988,50.50805],[6.15309,50.51399],[6.19239,50.52054],[6.20609,50.52095],[6.20674,50.52182],[6.20711,50.52198],[6.22662,50.49435],[6.2517,50.50353],[6.26243,50.49899],[6.26966,50.50454],[6.28166,50.50312],[6.28545,50.49818]]]]}},{"type":"Feature","properties":{"refnis":63020},"geometry":{"type":"MultiPolygon","coordinates":[[[[5.90073,50.62645],[5.91148,50.618],[5.91266,50.60663],[5.89963,50.60265],[5.88412,50.60371],[5.87717,50.5998],[5.84876,50.59749],[5.83824,50.60535],[5.84812,50.61903],[5.84322,50.62234],[5.86046,50.6264],[5.88469,50.63409],[5.90073,50.62645]]]]}},{"type":"Feature","properties":{"refnis":63023},"geometry":{"type":"MultiPolygon","coordinates":[[[[6.23446,50.56481],[6.23926,50.58463],[6.22526,50.59046],[6.22225,50.58452],[6.20762,50.57615],[6.2031,50.56929],[6.18934,50.56603],[6.16571,50.57039],[6.16491,50.55739],[6.14497,50.54823],[6.13752,50.54804],[6.13515,50.55807],[6.11927,50.56991],[6.11673,50.5845],[6.10068,50.59724],[6.08861,50.59595],[6.06735,50.60097],[6.05846,50.5977],[6.04223,50.61523],[6.02695,50.61706],[6.01753,50.61274],[6.00169,50.6267],[6.00988,50.63296],[6.00096,50.63959],[6.00817,50.64467],[6.00034,50.64985],[6.01049,50.65457],[6.01491,50.65125],[6.03355,50.66177],[6.04443,50.66093],[6.05933,50.67172],[6.07,50.67257],[6.06697,50.66764],[6.07769,50.65699],[6.07293,50.65209],[6.07509,50.64141],[6.12468,50.63806],[6.1277,50.63163],[6.1253,50.61594],[6.14522,50.60048],[6.15822,50.62741],[6.17707,50.61962],[6.18777,50.62174],[6.20223,50.60979],[6.22646,50.60398],[6.22389,50.61648],[6.23559,50.62593],[6.26105,50.62844],[6.26929,50.62524],[6.26929,50.62524],[6.26918,50.61973],[6.25963,50.60971],[6.24887,50.60484],[6.24961,50.59825],[6.24002,50.58565],[6.23446,50.56481]],[[6.24619,50.59737],[6.24821,50.59682],[6.24849,50.59789],[6.24619,50.59737]]]]}},{"type":"Feature","properties":{"refnis":63035},"geometry":{"type":"MultiPolygon","coordinates":[[[[5.77105,50.68587],[5.75904,50.69379],[5.75318,50.7021],[5.77352,50.69551],[5.78633,50.69594],[5.79847,50.70246],[5.81412,50.68995],[5.83624,50.68474],[5.84648,50.67537],[5.82503,50.66832],[5.83963,50.64435],[5.85627,50.63463],[5.86046,50.6264],[5.84322,50.62234],[5.84083,50.62598],[5.82226,50.62314],[5.81302,50.61704],[5.82695,50.60562],[5.8203,50.60043],[5.80326,50.59698],[5.78996,50.60332],[5.76776,50.59501],[5.76377,50.60225],[5.75945,50.60765],[5.76828,50.61283],[5.75758,50.62271],[5.76661,50.64269],[5.75587,50.64811],[5.74746,50.66174],[5.73272,50.66247],[5.73158,50.66836],[5.7413,50.67023],[5.74171,50.67928],[5.7518,50.67205],[5.76307,50.66919],[5.77256,50.67378],[5.77105,50.68587]]]]}},{"type":"Feature","properties":{"refnis":63038},"geometry":{"type":"MultiPolygon","coordinates":[[[[6.06302,50.51904],[6.02195,50.50377],[6.00532,50.49631],[5.99333,50.48749],[5.97144,50.48637],[5.96625,50.48005],[5.94089,50.47207],[5.9317,50.46655],[5.92187,50.48692],[5.91228,50.48327],[5.90315,50.49533],[5.8903,50.50133],[5.89533,50.50511],[5.88579,50.51211],[5.8792,50.51022],[5.87537,50.51119],[5.88194,50.51624],[5.88215,50.53019],[5.87784,50.53527],[5.88638,50.54077],[5.91131,50.54136],[5.91155,50.54779],[5.9211,50.55484],[5.90937,50.5676],[5.91023,50.57693],[5.89975,50.58088],[5.90766,50.58619],[5.9254,50.58179],[5.94011,50.57649],[5.95558,50.58128],[5.95914,50.5871],[5.97444,50.59387],[5.97409,50.58898],[5.9938,50.58597],[6.0025,50.57934],[6.00266,50.57269],[6.0282,50.56121],[6.03136,50.55147],[6.05018,50.54579],[6.07281,50.52596],[6.07318,50.51966],[6.06302,50.51904]]]]}},{"type":"Feature","properties":{"refnis":63040},"geometry":{"type":"MultiPolygon","coordinates":[[[[6.06078,50.72371],[6.05574,50.71629],[6.06144,50.71203],[6.05364,50.70576],[6.03751,50.70357],[6.03056,50.70219],[6.02018,50.6915],[5.98802,50.69536],[5.98171,50.70257],[5.9963,50.70795],[6.021,50.75429],[6.04044,50.7455],[6.03419,50.73345],[6.03675,50.72],[6.0414,50.71853],[6.04446,50.72843],[6.06078,50.72371]]]]}},{"type":"Feature","properties":{"refnis":63045},"geometry":{"type":"MultiPolygon","coordinates":[[[[5.85042,50.32681],[5.86272,50.32505],[5.86925,50.31945],[5.86327,50.30419],[5.85486,50.30001],[5.85905,50.29554],[5.8462,50.28843],[5.84503,50.28063],[5.86514,50.28253],[5.88125,50.28014],[5.87374,50.2766],[5.8705,50.2684],[5.86175,50.26844],[5.84027,50.26149],[5.82748,50.26659],[5.78179,50.26268],[5.76862,50.26765],[5.75106,50.26605],[5.74769,50.26133],[5.72108,50.2622],[5.71746,50.26668],[5.73143,50.27524],[5.73536,50.28865],[5.7476,50.29539],[5.74786,50.30239],[5.72711,50.30374],[5.71323,50.3098],[5.70282,50.32933],[5.71453,50.33445],[5.71035,50.34171],[5.72031,50.35807],[5.72664,50.36184],[5.73824,50.36053],[5.76032,50.36471],[5.77177,50.35058],[5.79231,50.34038],[5.82155,50.34429],[5.8346,50.34806],[5.83378,50.33918],[5.84405,50.32156],[5.85042,50.32681]]]]}},{"type":"Feature","properties":{"refnis":63046},"geometry":{"type":"MultiPolygon","coordinates":[[[[5.93714,50.64995],[5.93417,50.64119],[5.93806,50.62875],[5.9588,50.61774],[5.97003,50.61423],[5.98322,50.60414],[5.97322,50.60229],[5.97444,50.59387],[5.95914,50.5871],[5.95558,50.58128],[5.94011,50.57649],[5.9254,50.58179],[5.91266,50.60663],[5.91148,50.618],[5.90073,50.62645],[5.90579,50.63248],[5.90014,50.63715],[5.91717,50.64334],[5.92038,50.64907],[5.93159,50.65312],[5.93714,50.64995]]]]}},{"type":"Feature","properties":{"refnis":63048},"geometry":{"type":"MultiPolygon","coordinates":[[[[6.03751,50.70357],[6.04722,50.69247],[6.05972,50.68976],[6.06953,50.68287],[6.07,50.67257],[6.05933,50.67172],[6.04443,50.66093],[6.03355,50.66177],[6.01491,50.65125],[6.01049,50.65457],[6.00034,50.64985],[5.98091,50.66045],[5.96762,50.67532],[5.95462,50.68423],[5.96721,50.69505],[5.98171,50.70257],[5.98802,50.69536],[6.02018,50.6915],[6.03056,50.70219],[6.03751,50.70357]]]]}},{"type":"Feature","properties":{"refnis":63049},"geometry":{"type":"MultiPolygon","coordinates":[[[[6.11348,50.37993],[6.08626,50.36573],[6.08864,50.36203],[6.06972,50.35066],[6.03511,50.35284],[6.02197,50.35065],[6.02838,50.37107],[6.00272,50.3804],[5.99779,50.38787],[5.99089,50.38471],[5.9752,50.39146],[5.98345,50.39347],[5.98133,50.4031],[5.99051,50.4133],[5.96965,50.44059],[5.99241,50.44647],[6.00943,50.44443],[6.01973,50.44829],[6.02333,50.45709],[6.01294,50.4679],[6.01521,50.48217],[6.00532,50.49631],[6.02195,50.50377],[6.06302,50.51904],[6.06675,50.51272],[6.08727,50.49538],[6.09661,50.47652],[6.09614,50.46968],[6.08811,50.46379],[6.08991,50.45038],[6.07543,50.44911],[6.06743,50.44347],[6.09314,50.43688],[6.06916,50.42554],[6.08075,50.42017],[6.06895,50.39504],[6.07665,50.39121],[6.07046,50.38381],[6.08462,50.37428],[6.0976,50.37859],[6.11348,50.37993]]]]}},{"type":"Feature","properties":{"refnis":63057},"geometry":{"type":"MultiPolygon","coordinates":[[[[5.76377,50.60225],[5.76776,50.59501],[5.77195,50.58272],[5.76594,50.57318],[5.75673,50.57507],[5.73387,50.58756],[5.73076,50.58209],[5.7392,50.57919],[5.73384,50.57389],[5.73522,50.56446],[5.71745,50.5687],[5.71054,50.56509],[5.69305,50.5716],[5.71182,50.57868],[5.70921,50.59238],[5.70028,50.59546],[5.69643,50.60067],[5.70409,50.60978],[5.71143,50.61011],[5.72669,50.60247],[5.74505,50.59932],[5.76377,50.60225]]]]}},{"type":"Feature","properties":{"refnis":63058},"geometry":{"type":"MultiPolygon","coordinates":[[[[5.8203,50.60043],[5.82707,50.58068],[5.83501,50.57962],[5.82864,50.56662],[5.84088,50.55933],[5.85525,50.56098],[5.83701,50.55494],[5.82186,50.55453],[5.81214,50.55092],[5.80461,50.55419],[5.80104,50.54893],[5.79007,50.5539],[5.76013,50.53961],[5.7524,50.53892],[5.75529,50.5468],[5.77165,50.55888],[5.76891,50.56682],[5.76129,50.56324],[5.76594,50.57318],[5.77195,50.58272],[5.76776,50.59501],[5.78996,50.60332],[5.80326,50.59698],[5.8203,50.60043]]]]}},{"type":"Feature","properties":{"refnis":63061},"geometry":{"type":"MultiPolygon","coordinates":[[[[6.26929,50.62524],[6.26929,50.62524],[6.27382,50.62992],[6.26667,50.64094],[6.24552,50.64048],[6.24333,50.64113],[6.22939,50.64885],[6.22549,50.64259],[6.22292,50.64077],[6.21989,50.64021],[6.20295,50.63932],[6.18904,50.63969],[6.18627,50.64052],[6.18474,50.6417],[6.18348,50.64534],[6.16672,50.64358],[6.18333,50.63215],[6.17572,50.62739],[6.1818,50.6238],[6.19421,50.6339],[6.21706,50.63225],[6.23559,50.62593],[6.22389,50.61648],[6.22646,50.60398],[6.20223,50.60979],[6.18777,50.62174],[6.17707,50.61962],[6.15822,50.62741],[6.14522,50.60048],[6.1253,50.61594],[6.1277,50.63163],[6.12468,50.63806],[6.07509,50.64141],[6.07293,50.65209],[6.07769,50.65699],[6.06697,50.66764],[6.07,50.67257],[6.06953,50.68287],[6.05972,50.68976],[6.04722,50.69247],[6.03751,50.70357],[6.05364,50.70576],[6.06144,50.71203],[6.05574,50.71629],[6.06078,50.72371],[6.07331,50.72094],[6.09484,50.72026],[6.0981,50.72322],[6.11469,50.72228],[6.12483,50.71112],[6.12344,50.70697],[6.14365,50.68877],[6.14411,50.68158],[6.15676,50.67479],[6.16583,50.66214],[6.18802,50.66467],[6.19242,50.66427],[6.19475,50.66305],[6.19671,50.65882],[6.19623,50.65762],[6.18363,50.64599],[6.18883,50.63989],[6.2216,50.64072],[6.22869,50.64901],[6.23466,50.64822],[6.24324,50.64156],[6.26679,50.64159],[6.27411,50.62987],[6.26929,50.62524]],[[6.18656,50.65175],[6.19555,50.65719],[6.19407,50.66315],[6.16603,50.66186],[6.18656,50.65175]]]]}},{"type":"Feature","properties":{"refnis":63067},"geometry":{"type":"MultiPolygon","coordinates":[[[[6.17302,50.23192],[6.14505,50.23647],[6.14661,50.232],[6.13386,50.23181],[6.13076,50.24045],[6.07745,50.24423],[6.05579,50.26104],[6.01245,50.2646],[6.01184,50.27533],[6.01729,50.30019],[6.01314,50.31058],[6.00581,50.31524],[5.98337,50.32038],[5.98017,50.32983],[5.99734,50.32975],[5.99573,50.3355],[6.00432,50.34117],[6.02023,50.34321],[6.02197,50.35065],[6.03511,50.35284],[6.06972,50.35066],[6.09261,50.31826],[6.11823,50.31044],[6.12321,50.30009],[6.14369,50.29771],[6.15048,50.31091],[6.16949,50.3077],[6.17239,50.30099],[6.1885,50.29564],[6.18593,50.2912],[6.20499,50.28452],[6.20457,50.29478],[6.21694,50.30574],[6.22669,50.30937],[6.2303,50.31694],[6.25573,50.29175],[6.26525,50.30899],[6.2775,50.30572],[6.28528,50.30929],[6.30528,50.31151],[6.30795,50.31075],[6.29612,50.30897],[6.29477,50.29859],[6.28597,50.29411],[6.28516,50.28415],[6.29222,50.27878],[6.27696,50.26597],[6.25905,50.26779],[6.24567,50.26196],[6.23614,50.26243],[6.21578,50.25693],[6.19513,50.23687],[6.17675,50.23584],[6.17302,50.23192]]]]}},{"type":"Feature","properties":{"refnis":63072},"geometry":{"type":"MultiPolygon","coordinates":[[[[5.9317,50.46655],[5.92577,50.46401],[5.90084,50.4554],[5.8725,50.44932],[5.85979,50.44378],[5.81853,50.43356],[5.81527,50.44639],[5.82251,50.46415],[5.81763,50.46823],[5.82059,50.47877],[5.82933,50.48371],[5.83099,50.49051],[5.84061,50.49113],[5.86675,50.4985],[5.86426,50.5092],[5.87537,50.51119],[5.8792,50.51022],[5.88579,50.51211],[5.89533,50.50511],[5.8903,50.50133],[5.90315,50.49533],[5.91228,50.48327],[5.92187,50.48692],[5.9317,50.46655]]]]}},{"type":"Feature","properties":{"refnis":63073},"geometry":{"type":"MultiPolygon","coordinates":[[[[5.99573,50.3355],[5.99968,50.34763],[5.99493,50.3581],[5.97147,50.36368],[5.96697,50.37209],[5.95548,50.37392],[5.92926,50.37111],[5.91596,50.37352],[5.90432,50.38326],[5.89762,50.37682],[5.87589,50.37711],[5.87664,50.38408],[5.86262,50.38375],[5.85109,50.39106],[5.86209,50.39877],[5.87426,50.39624],[5.89733,50.40622],[5.91872,50.42122],[5.92819,50.43332],[5.91612,50.44145],[5.92513,50.44678],[5.92043,50.45375],[5.93084,50.45746],[5.92577,50.46401],[5.9317,50.46655],[5.94089,50.47207],[5.96625,50.48005],[5.97144,50.48637],[5.99333,50.48749],[6.00532,50.49631],[6.01521,50.48217],[6.01294,50.4679],[6.02333,50.45709],[6.01973,50.44829],[6.00943,50.44443],[5.99241,50.44647],[5.96965,50.44059],[5.99051,50.4133],[5.98133,50.4031],[5.98345,50.39347],[5.9752,50.39146],[5.99089,50.38471],[5.99779,50.38787],[6.00272,50.3804],[6.02838,50.37107],[6.02197,50.35065],[6.02023,50.34321],[6.00432,50.34117],[5.99573,50.3355]]]]}},{"type":"Feature","properties":{"refnis":63075},"geometry":{"type":"MultiPolygon","coordinates":[[[[5.85109,50.39106],[5.81487,50.37604],[5.79435,50.3744],[5.76032,50.36471],[5.73824,50.36053],[5.72664,50.36184],[5.72031,50.35807],[5.70667,50.3611],[5.69633,50.35715],[5.67016,50.35725],[5.67558,50.36844],[5.67863,50.37276],[5.70823,50.3753],[5.6991,50.38202],[5.70933,50.40043],[5.70259,50.40391],[5.70759,50.42045],[5.70746,50.43254],[5.73409,50.43758],[5.73688,50.44393],[5.75211,50.44323],[5.76959,50.4347],[5.79298,50.43523],[5.81853,50.43356],[5.85979,50.44378],[5.8725,50.44932],[5.90084,50.4554],[5.92577,50.46401],[5.93084,50.45746],[5.92043,50.45375],[5.92513,50.44678],[5.91612,50.44145],[5.92819,50.43332],[5.91872,50.42122],[5.89733,50.40622],[5.87426,50.39624],[5.86209,50.39877],[5.85109,50.39106]]]]}},{"type":"Feature","properties":{"refnis":63076},"geometry":{"type":"MultiPolygon","coordinates":[[[[5.87537,50.51119],[5.86426,50.5092],[5.86675,50.4985],[5.84061,50.49113],[5.83099,50.49051],[5.82933,50.48371],[5.82059,50.47877],[5.81763,50.46823],[5.82251,50.46415],[5.81527,50.44639],[5.81853,50.43356],[5.79298,50.43523],[5.73876,50.49555],[5.75875,50.49052],[5.76592,50.51692],[5.7631,50.52149],[5.7524,50.53892],[5.76013,50.53961],[5.79007,50.5539],[5.80104,50.54893],[5.80461,50.55419],[5.81214,50.55092],[5.82186,50.55453],[5.83701,50.55494],[5.85525,50.56098],[5.86427,50.56216],[5.84662,50.54925],[5.89492,50.55779],[5.90233,50.56721],[5.90937,50.5676],[5.9211,50.55484],[5.91155,50.54779],[5.91131,50.54136],[5.88638,50.54077],[5.87784,50.53527],[5.88215,50.53019],[5.88194,50.51624],[5.87537,50.51119]]]]}},{"type":"Feature","properties":{"refnis":63079},"geometry":{"type":"MultiPolygon","coordinates":[[[[5.90937,50.5676],[5.90233,50.56721],[5.89492,50.55779],[5.84662,50.54925],[5.86427,50.56216],[5.85525,50.56098],[5.84088,50.55933],[5.82864,50.56662],[5.83501,50.57962],[5.82707,50.58068],[5.8203,50.60043],[5.82695,50.60562],[5.81302,50.61704],[5.82226,50.62314],[5.84083,50.62598],[5.84322,50.62234],[5.84812,50.61903],[5.83824,50.60535],[5.84876,50.59749],[5.87717,50.5998],[5.88412,50.60371],[5.89963,50.60265],[5.91266,50.60663],[5.9254,50.58179],[5.90766,50.58619],[5.89975,50.58088],[5.91023,50.57693],[5.90937,50.5676]]]]}},{"type":"Feature","properties":{"refnis":63080},"geometry":{"type":"MultiPolygon","coordinates":[[[[6.20711,50.52198],[6.20674,50.52182],[6.19801,50.52784],[6.18729,50.52714],[6.19239,50.52054],[6.15309,50.51399],[6.13988,50.50805],[6.13095,50.49787],[6.14492,50.49278],[6.14822,50.47159],[6.15328,50.4622],[6.15423,50.43763],[6.14813,50.43445],[6.14908,50.42478],[6.17875,50.4173],[6.18158,50.40483],[6.17157,50.40455],[6.15289,50.39253],[6.14521,50.39228],[6.12326,50.38465],[6.12418,50.37868],[6.11348,50.37993],[6.0976,50.37859],[6.08462,50.37428],[6.07046,50.38381],[6.07665,50.39121],[6.06895,50.39504],[6.08075,50.42017],[6.06916,50.42554],[6.09314,50.43688],[6.06743,50.44347],[6.07543,50.44911],[6.08991,50.45038],[6.08811,50.46379],[6.09614,50.46968],[6.09661,50.47652],[6.08727,50.49538],[6.06675,50.51272],[6.06302,50.51904],[6.07318,50.51966],[6.09027,50.52297],[6.10147,50.5205],[6.12658,50.52948],[6.13877,50.54047],[6.13752,50.54804],[6.14497,50.54823],[6.16491,50.55739],[6.16571,50.57039],[6.18934,50.56603],[6.17466,50.55793],[6.1781,50.54152],[6.19567,50.5361],[6.19778,50.54],[6.20961,50.55375],[6.21387,50.55628],[6.21575,50.5566],[6.22538,50.55563],[6.22695,50.56213],[6.23446,50.56481],[6.2248,50.55495],[6.21045,50.55405],[6.19825,50.53909],[6.19706,50.53041],[6.20711,50.52198]]]]}},{"type":"Feature","properties":{"refnis":63084},"geometry":{"type":"MultiPolygon","coordinates":[[[[5.96721,50.69505],[5.95462,50.68423],[5.96762,50.67532],[5.98091,50.66045],[6.00034,50.64985],[5.97954,50.64683],[5.93714,50.64995],[5.93159,50.65312],[5.92038,50.64907],[5.91717,50.64334],[5.90014,50.63715],[5.90579,50.63248],[5.90073,50.62645],[5.88469,50.63409],[5.90332,50.6453],[5.89894,50.64927],[5.89663,50.66612],[5.91873,50.67633],[5.92237,50.67853],[5.94013,50.69342],[5.95882,50.69949],[5.96721,50.69505]]]]}},{"type":"Feature","properties":{"refnis":63086},"geometry":{"type":"MultiPolygon","coordinates":[[[[5.98017,50.32983],[5.96075,50.32738],[5.94904,50.33643],[5.93728,50.3383],[5.924,50.33249],[5.90134,50.3394],[5.88905,50.33871],[5.86201,50.3483],[5.85165,50.33571],[5.85042,50.32681],[5.84405,50.32156],[5.83378,50.33918],[5.8346,50.34806],[5.82155,50.34429],[5.79231,50.34038],[5.77177,50.35058],[5.76032,50.36471],[5.79435,50.3744],[5.81487,50.37604],[5.85109,50.39106],[5.86262,50.38375],[5.87664,50.38408],[5.87589,50.37711],[5.89762,50.37682],[5.90432,50.38326],[5.91596,50.37352],[5.92926,50.37111],[5.95548,50.37392],[5.96697,50.37209],[5.97147,50.36368],[5.99493,50.3581],[5.99968,50.34763],[5.99573,50.3355],[5.99734,50.32975],[5.98017,50.32983]]]]}},{"type":"Feature","properties":{"refnis":63087},"geometry":{"type":"MultiPolygon","coordinates":[[[[6.02617,50.18332],[6.02078,50.19365],[6.03309,50.20122],[6.02711,50.20992],[6.01447,50.20552],[6.01507,50.21443],[6.00869,50.23814],[6.01239,50.24417],[6.01675,50.2523],[6.01245,50.2646],[6.05579,50.26104],[6.07745,50.24423],[6.13076,50.24045],[6.13386,50.23181],[6.14661,50.232],[6.14505,50.23647],[6.17302,50.23192],[6.17623,50.22551],[6.1665,50.2196],[6.17786,50.21662],[6.1853,50.20316],[6.18393,50.19211],[6.19251,50.18207],[6.16163,50.17755],[6.1604,50.17156],[6.14687,50.17774],[6.14764,50.17093],[6.14027,50.16964],[6.14763,50.16048],[6.1324,50.1555],[6.14165,50.14788],[6.15307,50.15013],[6.15477,50.14185],[6.14694,50.13563],[6.13074,50.12981],[6.1206,50.13629],[6.11231,50.13602],[6.11776,50.14728],[6.12502,50.14977],[6.11517,50.15632],[6.11977,50.16337],[6.10344,50.17016],[6.07924,50.17078],[6.07878,50.15654],[6.06367,50.15352],[6.03327,50.1625],[6.02617,50.18332]]]]}},{"type":"Feature","properties":{"refnis":63088},"geometry":{"type":"MultiPolygon","coordinates":[[[[6.021,50.75429],[5.9963,50.70795],[5.98171,50.70257],[5.96721,50.69505],[5.95882,50.69949],[5.94013,50.69342],[5.92237,50.67853],[5.89988,50.69519],[5.89121,50.70694],[5.88342,50.70996],[5.8866,50.71559],[5.91111,50.73515],[5.90677,50.7422],[5.89718,50.74443],[5.89211,50.75522],[5.90163,50.7514],[5.91538,50.75472],[5.91508,50.75037],[5.93106,50.75694],[5.95796,50.76211],[5.9692,50.7606],[5.97414,50.75521],[5.99927,50.75303],[6.021,50.75429]]]]}},{"type":"Feature","properties":{"refnis":63089},"geometry":{"type":"MultiPolygon","coordinates":[[[[5.91873,50.67633],[5.89663,50.66612],[5.89894,50.64927],[5.90332,50.6453],[5.88469,50.63409],[5.86046,50.6264],[5.85627,50.63463],[5.83963,50.64435],[5.82503,50.66832],[5.84648,50.67537],[5.83624,50.68474],[5.86425,50.68856],[5.87853,50.69821],[5.88473,50.69026],[5.89372,50.6903],[5.90776,50.68028],[5.91873,50.67633]]]]}},{"type":"Feature","properties":{"refnis":64008},"geometry":{"type":"MultiPolygon","coordinates":[[[[5.22898,50.7178],[5.23126,50.70076],[5.23536,50.69577],[5.22584,50.68367],[5.21376,50.6836],[5.2059,50.68885],[5.19991,50.68623],[5.19356,50.69428],[5.18207,50.6901],[5.1673,50.69066],[5.16469,50.69551],[5.18087,50.7048],[5.17526,50.71453],[5.16884,50.71423],[5.1754,50.72365],[5.19413,50.7165],[5.20561,50.7209],[5.22432,50.72079],[5.22898,50.7178]]]]}},{"type":"Feature","properties":{"refnis":64015},"geometry":{"type":"MultiPolygon","coordinates":[[[[5.1518,50.6487],[5.17682,50.64559],[5.19049,50.64928],[5.19554,50.64382],[5.19664,50.62684],[5.19009,50.61989],[5.20083,50.60965],[5.1951,50.60405],[5.19289,50.58993],[5.20524,50.59214],[5.20982,50.5837],[5.20821,50.57508],[5.19531,50.5707],[5.18398,50.57591],[5.16691,50.57904],[5.16304,50.59534],[5.13518,50.60821],[5.13095,50.60431],[5.1044,50.59357],[5.09805,50.5987],[5.08318,50.59968],[5.08079,50.61951],[5.08436,50.62814],[5.09897,50.63138],[5.09609,50.63971],[5.12721,50.6373],[5.1518,50.6487]]]]}},{"type":"Feature","properties":{"refnis":64021},"geometry":{"type":"MultiPolygon","coordinates":[[[[5.41626,50.72282],[5.42057,50.71902],[5.4317,50.71971],[5.42438,50.71225],[5.42728,50.68509],[5.39676,50.69205],[5.36343,50.69941],[5.36305,50.70622],[5.37233,50.71549],[5.36854,50.73115],[5.38264,50.73033],[5.39447,50.73484],[5.40175,50.73521],[5.40229,50.72805],[5.41626,50.72282]]]]}},{"type":"Feature","properties":{"refnis":64023},"geometry":{"type":"MultiPolygon","coordinates":[[[[5.30545,50.67491],[5.33714,50.66544],[5.34841,50.67163],[5.35315,50.66685],[5.37581,50.65541],[5.37367,50.6464],[5.34946,50.63336],[5.30475,50.62517],[5.28139,50.63716],[5.28547,50.64036],[5.28447,50.65654],[5.29353,50.65608],[5.30545,50.67491]]]]}},{"type":"Feature","properties":{"refnis":64025},"geometry":{"type":"MultiPolygon","coordinates":[[[[5.44036,50.66078],[5.43561,50.65159],[5.42368,50.64932],[5.41026,50.64238],[5.3891,50.63925],[5.37367,50.6464],[5.37581,50.65541],[5.35315,50.66685],[5.34841,50.67163],[5.34987,50.67337],[5.38211,50.66662],[5.39676,50.69205],[5.42728,50.68509],[5.42071,50.67875],[5.43642,50.66964],[5.44036,50.66078]]]]}},{"type":"Feature","properties":{"refnis":64029},"geometry":{"type":"MultiPolygon","coordinates":[[[[5.16469,50.69551],[5.1673,50.69066],[5.18207,50.6901],[5.19356,50.69428],[5.19991,50.68623],[5.2059,50.68885],[5.21376,50.6836],[5.21888,50.67422],[5.22691,50.67017],[5.20887,50.6574],[5.21455,50.65206],[5.19554,50.64382],[5.19049,50.64928],[5.17682,50.64559],[5.1518,50.6487],[5.13981,50.65923],[5.16219,50.66709],[5.16025,50.6722],[5.14402,50.68286],[5.14864,50.69543],[5.16469,50.69551]]]]}},{"type":"Feature","properties":{"refnis":64034},"geometry":{"type":"MultiPolygon","coordinates":[[[[5.10349,50.70916],[5.11934,50.70828],[5.14864,50.69543],[5.14402,50.68286],[5.16025,50.6722],[5.16219,50.66709],[5.13981,50.65923],[5.1518,50.6487],[5.12721,50.6373],[5.09609,50.63971],[5.09897,50.63138],[5.08436,50.62814],[5.08079,50.61951],[5.08318,50.59968],[5.06188,50.60252],[5.05462,50.60766],[5.0472,50.62147],[5.05662,50.62906],[5.05671,50.64201],[5.02263,50.64513],[5.01471,50.63338],[5.0039,50.63832],[4.9942,50.63691],[4.98802,50.64539],[4.99059,50.65668],[5.00265,50.66499],[4.99652,50.67164],[4.9974,50.68373],[5.00258,50.69596],[5.01729,50.70241],[5.02359,50.69848],[5.03891,50.70016],[5.06086,50.70919],[5.05645,50.7157],[5.06217,50.71586],[5.07038,50.70647],[5.07538,50.70906],[5.09586,50.70335],[5.10349,50.70916]]]]}},{"type":"Feature","properties":{"refnis":64047},"geometry":{"type":"MultiPolygon","coordinates":[[[[5.05645,50.7157],[5.06086,50.70919],[5.03891,50.70016],[5.02359,50.69848],[5.01729,50.70241],[5.00998,50.71193],[4.99797,50.71514],[4.99254,50.72363],[4.99768,50.72814],[5.01692,50.73283],[5.01957,50.75077],[5.04813,50.73905],[5.04413,50.72342],[5.05645,50.7157]]]]}},{"type":"Feature","properties":{"refnis":64056},"geometry":{"type":"MultiPolygon","coordinates":[[[[5.39447,50.73484],[5.38264,50.73033],[5.36854,50.73115],[5.37233,50.71549],[5.36305,50.70622],[5.36343,50.69941],[5.304,50.70397],[5.31327,50.71383],[5.30916,50.71808],[5.30809,50.72381],[5.33369,50.73549],[5.35029,50.74639],[5.36803,50.74697],[5.37605,50.74204],[5.38959,50.74797],[5.39447,50.73484]]]]}},{"type":"Feature","properties":{"refnis":64063},"geometry":{"type":"MultiPolygon","coordinates":[[[[5.304,50.70397],[5.36343,50.69941],[5.39676,50.69205],[5.38211,50.66662],[5.34987,50.67337],[5.34841,50.67163],[5.33714,50.66544],[5.30545,50.67491],[5.28843,50.67698],[5.29513,50.68587],[5.29611,50.70378],[5.304,50.70397]]]]}},{"type":"Feature","properties":{"refnis":64065},"geometry":{"type":"MultiPolygon","coordinates":[[[[5.38068,50.6139],[5.39064,50.59923],[5.38795,50.59206],[5.39437,50.5898],[5.37675,50.57941],[5.38234,50.5707],[5.34618,50.56077],[5.35021,50.56638],[5.34,50.58373],[5.32615,50.59193],[5.33979,50.59989],[5.34199,50.61592],[5.33776,50.62123],[5.34946,50.63336],[5.37113,50.62282],[5.38068,50.6139]]]]}},{"type":"Feature","properties":{"refnis":64074},"geometry":{"type":"MultiPolygon","coordinates":[[[[5.30916,50.71808],[5.31327,50.71383],[5.304,50.70397],[5.29611,50.70378],[5.29513,50.68587],[5.28843,50.67698],[5.30545,50.67491],[5.29353,50.65608],[5.28447,50.65654],[5.27586,50.65546],[5.28048,50.66395],[5.25097,50.67051],[5.24015,50.67795],[5.22691,50.67017],[5.21888,50.67422],[5.21376,50.6836],[5.22584,50.68367],[5.23536,50.69577],[5.23126,50.70076],[5.22898,50.7178],[5.2369,50.72721],[5.24113,50.71672],[5.25577,50.71516],[5.26508,50.7177],[5.27631,50.72903],[5.29651,50.72358],[5.3039,50.71594],[5.30916,50.71808]]]]}},{"type":"Feature","properties":{"refnis":64075},"geometry":{"type":"MultiPolygon","coordinates":[[[[5.06188,50.60252],[5.05207,50.58966],[5.0301,50.59244],[5.02867,50.5887],[5.01858,50.59081],[4.99906,50.60012],[5.00033,50.61041],[4.9793,50.61859],[4.98794,50.62584],[4.9819,50.63452],[4.9898,50.63674],[4.98336,50.64227],[4.98802,50.64539],[4.9942,50.63691],[5.0039,50.63832],[5.01471,50.63338],[5.02263,50.64513],[5.05671,50.64201],[5.05662,50.62906],[5.0472,50.62147],[5.05462,50.60766],[5.06188,50.60252]]]]}},{"type":"Feature","properties":{"refnis":64076},"geometry":{"type":"MultiPolygon","coordinates":[[[[5.28447,50.65654],[5.28547,50.64036],[5.28139,50.63716],[5.2694,50.63174],[5.27747,50.62807],[5.27205,50.61824],[5.25952,50.61593],[5.24606,50.62299],[5.23501,50.62485],[5.22166,50.62135],[5.20238,50.62976],[5.19664,50.62684],[5.19554,50.64382],[5.21455,50.65206],[5.20887,50.6574],[5.22691,50.67017],[5.24015,50.67795],[5.25097,50.67051],[5.28048,50.66395],[5.27586,50.65546],[5.28447,50.65654]]]]}},{"type":"Feature","properties":{"refnis":71002},"geometry":{"type":"MultiPolygon","coordinates":[[[[5.64303,51.01878],[5.62548,51.01769],[5.62246,50.99927],[5.60352,51.00572],[5.59728,51.00167],[5.59532,50.9773],[5.59516,50.97734],[5.57658,50.98212],[5.56028,50.99097],[5.54309,51.00431],[5.52899,51.01889],[5.57157,51.02359],[5.58996,51.01877],[5.60261,51.02835],[5.60734,51.03747],[5.64303,51.01878]]]]}},{"type":"Feature","properties":{"refnis":71004},"geometry":{"type":"MultiPolygon","coordinates":[[[[5.34184,51.09516],[5.34419,51.084],[5.33927,51.07261],[5.31076,51.05798],[5.28147,51.04859],[5.25543,51.0505],[5.24733,51.04453],[5.252,51.03717],[5.22509,51.03085],[5.20099,51.03937],[5.20025,51.0291],[5.1885,51.02615],[5.17711,51.01637],[5.15964,51.02416],[5.14672,51.03037],[5.12159,51.04758],[5.13476,51.05595],[5.16689,51.06206],[5.17368,51.07168],[5.19174,51.08036],[5.20652,51.09737],[5.20534,51.10066],[5.2134,51.09732],[5.22716,51.10022],[5.2321,51.09587],[5.26228,51.09938],[5.27481,51.10277],[5.30093,51.10579],[5.31393,51.0983],[5.33261,51.09313],[5.34184,51.09516]]]]}},{"type":"Feature","properties":{"refnis":71011},"geometry":{"type":"MultiPolygon","coordinates":[[[[5.44926,50.87655],[5.43573,50.88215],[5.40704,50.87409],[5.3959,50.8806],[5.38204,50.87926],[5.36678,50.88341],[5.37369,50.89427],[5.36519,50.90552],[5.3809,50.91668],[5.3747,50.92365],[5.37612,50.93159],[5.39784,50.93631],[5.41494,50.9437],[5.43108,50.94899],[5.44594,50.94365],[5.47037,50.931],[5.4791,50.92258],[5.45963,50.91085],[5.45218,50.90948],[5.45205,50.90156],[5.44053,50.88737],[5.44926,50.87655]]]]}},{"type":"Feature","properties":{"refnis":71016},"geometry":{"type":"MultiPolygon","coordinates":[[[[5.59516,50.97734],[5.5472,50.95901],[5.54332,50.92549],[5.52841,50.91409],[5.5085,50.91304],[5.49163,50.91485],[5.4791,50.92258],[5.47037,50.931],[5.44594,50.94365],[5.43108,50.94899],[5.41494,50.9437],[5.40057,50.95433],[5.3848,50.9594],[5.40113,50.96774],[5.42368,50.97464],[5.43035,50.98319],[5.46561,51.00101],[5.49507,51.02063],[5.51828,51.01882],[5.52899,51.01889],[5.54309,51.00431],[5.56028,50.99097],[5.57658,50.98212],[5.59516,50.97734]]]]}},{"type":"Feature","properties":{"refnis":71017},"geometry":{"type":"MultiPolygon","coordinates":[[[[5.24152,50.74889],[5.23436,50.73506],[5.2369,50.72721],[5.22898,50.7178],[5.22432,50.72079],[5.20561,50.7209],[5.19413,50.7165],[5.1754,50.72365],[5.16884,50.71423],[5.17526,50.71453],[5.18087,50.7048],[5.16469,50.69551],[5.14864,50.69543],[5.11934,50.70828],[5.10349,50.70916],[5.11478,50.73067],[5.12145,50.73547],[5.1017,50.74114],[5.10811,50.75687],[5.11706,50.76416],[5.13132,50.76734],[5.15846,50.76276],[5.16361,50.76704],[5.17902,50.7688],[5.19515,50.76391],[5.20642,50.77021],[5.23261,50.76845],[5.23525,50.75606],[5.24152,50.74889]]]]}},{"type":"Feature","properties":{"refnis":71020},"geometry":{"type":"MultiPolygon","coordinates":[[[[5.12444,50.99774],[5.13938,50.97694],[5.11648,50.96944],[5.11758,50.95749],[5.11775,50.95195],[5.12732,50.93686],[5.13233,50.92179],[5.10977,50.91659],[5.09203,50.90898],[5.07807,50.92128],[5.06358,50.91637],[5.05127,50.92319],[5.04529,50.93244],[5.04207,50.94283],[5.05256,50.94553],[5.05814,50.954],[5.07571,50.95902],[5.08525,50.97007],[5.07877,50.9827],[5.11692,50.9988],[5.12444,50.99774]]]]}},{"type":"Feature","properties":{"refnis":71024},"geometry":{"type":"MultiPolygon","coordinates":[[[[5.22803,50.91033],[5.21153,50.90916],[5.19588,50.89893],[5.20085,50.89256],[5.18668,50.89375],[5.18458,50.90757],[5.16954,50.91362],[5.1569,50.91174],[5.13537,50.91403],[5.13233,50.92179],[5.12732,50.93686],[5.11775,50.95195],[5.11758,50.95749],[5.13761,50.95807],[5.16666,50.96837],[5.19975,50.97079],[5.22253,50.9661],[5.22747,50.95776],[5.21874,50.94851],[5.2136,50.92984],[5.22794,50.92442],[5.22803,50.91033]]]]}},{"type":"Feature","properties":{"refnis":71034},"geometry":{"type":"MultiPolygon","coordinates":[[[[5.26098,51.14697],[5.2802,51.131],[5.30093,51.10579],[5.27481,51.10277],[5.26228,51.09938],[5.2321,51.09587],[5.22716,51.10022],[5.2134,51.09732],[5.20534,51.10066],[5.20149,51.10796],[5.20883,51.10999],[5.21782,51.12902],[5.23035,51.13395],[5.2352,51.13266],[5.26098,51.14697]]]]}},{"type":"Feature","properties":{"refnis":71037},"geometry":{"type":"MultiPolygon","coordinates":[[[[5.22509,51.03085],[5.24046,51.01495],[5.25295,51.01058],[5.23914,51.00288],[5.22931,51.00162],[5.24019,50.99083],[5.24481,50.98026],[5.23822,50.9655],[5.22253,50.9661],[5.19975,50.97079],[5.16666,50.96837],[5.13761,50.95807],[5.11758,50.95749],[5.11648,50.96944],[5.13938,50.97694],[5.12444,50.99774],[5.11527,51.0192],[5.12986,51.01505],[5.15964,51.02416],[5.17711,51.01637],[5.1885,51.02615],[5.20025,51.0291],[5.20099,51.03937],[5.22509,51.03085]]]]}},{"type":"Feature","properties":{"refnis":71045},"geometry":{"type":"MultiPolygon","coordinates":[[[[5.2492,50.89425],[5.26359,50.89171],[5.24997,50.88153],[5.24273,50.86703],[5.2364,50.8655],[5.22974,50.8764],[5.2083,50.87407],[5.20826,50.86226],[5.20273,50.85542],[5.18755,50.85441],[5.18587,50.86047],[5.16552,50.85576],[5.15044,50.85799],[5.1553,50.86947],[5.15508,50.87951],[5.16959,50.87238],[5.17917,50.87914],[5.17922,50.88614],[5.18668,50.89375],[5.20085,50.89256],[5.19588,50.89893],[5.21153,50.90916],[5.22803,50.91033],[5.225,50.89955],[5.23232,50.89382],[5.2492,50.89425]]]]}},{"type":"Feature","properties":{"refnis":71053},"geometry":{"type":"MultiPolygon","coordinates":[[[[5.27963,50.79185],[5.28607,50.77968],[5.26594,50.77509],[5.27256,50.77378],[5.2682,50.75325],[5.24152,50.74889],[5.23525,50.75606],[5.23261,50.76845],[5.20642,50.77021],[5.19515,50.76391],[5.17902,50.7688],[5.16361,50.76704],[5.15846,50.76276],[5.13132,50.76734],[5.11706,50.76416],[5.10659,50.77905],[5.11743,50.79256],[5.13266,50.79208],[5.14312,50.80417],[5.14274,50.80905],[5.13048,50.81457],[5.13823,50.82504],[5.13579,50.83499],[5.14453,50.84517],[5.13707,50.84809],[5.14845,50.85806],[5.15044,50.85799],[5.16552,50.85576],[5.18587,50.86047],[5.18755,50.85441],[5.20273,50.85542],[5.20826,50.86226],[5.2083,50.87407],[5.22974,50.8764],[5.2364,50.8655],[5.24273,50.86703],[5.26488,50.85435],[5.26919,50.84565],[5.2867,50.83082],[5.28398,50.8271],[5.2532,50.81364],[5.25038,50.80723],[5.25194,50.79183],[5.27963,50.79185]]]]}},{"type":"Feature","properties":{"refnis":71066},"geometry":{"type":"MultiPolygon","coordinates":[[[[5.40113,50.96774],[5.38861,50.97783],[5.33643,50.96382],[5.32461,50.97802],[5.31228,50.97645],[5.31065,50.98159],[5.30104,50.99622],[5.32943,51.00534],[5.32642,51.01207],[5.34798,51.01219],[5.39534,51.01246],[5.41618,51.01082],[5.46561,51.00101],[5.43035,50.98319],[5.42368,50.97464],[5.40113,50.96774]]]]}},{"type":"Feature","properties":{"refnis":71067},"geometry":{"type":"MultiPolygon","coordinates":[[[[5.5884,50.90072],[5.56736,50.90913],[5.55142,50.90433],[5.53288,50.90565],[5.52841,50.91409],[5.54332,50.92549],[5.5472,50.95901],[5.59516,50.97734],[5.59532,50.9773],[5.60426,50.93446],[5.61371,50.89792],[5.59848,50.89521],[5.5884,50.90072]]]]}},{"type":"Feature","properties":{"refnis":71070},"geometry":{"type":"MultiPolygon","coordinates":[[[[5.33927,51.07261],[5.33555,51.05179],[5.33729,51.04171],[5.35195,51.02567],[5.34798,51.01219],[5.32642,51.01207],[5.32943,51.00534],[5.30104,50.99622],[5.31065,50.98159],[5.29303,50.97625],[5.2854,50.97978],[5.27337,50.97523],[5.26504,50.98009],[5.24481,50.98026],[5.24019,50.99083],[5.22931,51.00162],[5.23914,51.00288],[5.25295,51.01058],[5.24046,51.01495],[5.22509,51.03085],[5.252,51.03717],[5.24733,51.04453],[5.25543,51.0505],[5.28147,51.04859],[5.31076,51.05798],[5.33927,51.07261]]]]}},{"type":"Feature","properties":{"refnis":71071},"geometry":{"type":"MultiPolygon","coordinates":[[[[5.13022,51.11659],[5.15143,51.11939],[5.18188,51.11819],[5.19923,51.12488],[5.20479,51.13968],[5.22508,51.13798],[5.23035,51.13395],[5.21782,51.12902],[5.20883,51.10999],[5.20149,51.10796],[5.20534,51.10066],[5.20652,51.09737],[5.19174,51.08036],[5.17368,51.07168],[5.16689,51.06206],[5.13476,51.05595],[5.12159,51.04758],[5.0868,51.04969],[5.07796,51.0428],[5.08339,51.02384],[5.05821,51.01545],[5.05581,51.02186],[5.04366,51.02443],[5.02223,51.01991],[5.00948,51.0389],[4.98437,51.03069],[4.98156,51.03492],[4.9976,51.05385],[5.00869,51.05737],[5.01071,51.07395],[5.03495,51.07374],[5.07453,51.08278],[5.09493,51.0854],[5.10028,51.09376],[5.12658,51.10821],[5.13022,51.11659]]]]}},{"type":"Feature","properties":{"refnis":71072},"geometry":{"type":"MultiPolygon","coordinates":[[[[5.43323,50.81933],[5.4166,50.80842],[5.40221,50.81118],[5.40019,50.8213],[5.40596,50.83057],[5.38438,50.84065],[5.38589,50.8453],[5.37226,50.8427],[5.35201,50.86755],[5.34643,50.88581],[5.31809,50.88901],[5.30104,50.89802],[5.28712,50.89887],[5.27312,50.91026],[5.24945,50.89997],[5.2492,50.89425],[5.23232,50.89382],[5.225,50.89955],[5.22803,50.91033],[5.22794,50.92442],[5.2136,50.92984],[5.21874,50.94851],[5.22747,50.95776],[5.22253,50.9661],[5.23822,50.9655],[5.24481,50.98026],[5.26504,50.98009],[5.27337,50.97523],[5.2854,50.97978],[5.29303,50.97625],[5.31065,50.98159],[5.31228,50.97645],[5.32461,50.97802],[5.33643,50.96382],[5.38861,50.97783],[5.40113,50.96774],[5.3848,50.9594],[5.40057,50.95433],[5.41494,50.9437],[5.39784,50.93631],[5.37612,50.93159],[5.3747,50.92365],[5.3809,50.91668],[5.36519,50.90552],[5.37369,50.89427],[5.36678,50.88341],[5.38204,50.87926],[5.3959,50.8806],[5.40704,50.87409],[5.43573,50.88215],[5.44926,50.87655],[5.44576,50.85532],[5.45014,50.85074],[5.43568,50.84394],[5.44478,50.83218],[5.43323,50.81933]]]]}},{"type":"Feature","properties":{"refnis":72003},"geometry":{"type":"MultiPolygon","coordinates":[[[[5.65804,51.18474],[5.65946,51.18264],[5.61638,51.17733],[5.60244,51.16924],[5.57406,51.15893],[5.57884,51.1522],[5.54648,51.13056],[5.53236,51.14629],[5.54762,51.14998],[5.54274,51.15448],[5.5336,51.1741],[5.48862,51.17743],[5.47744,51.18822],[5.48339,51.19124],[5.49041,51.20623],[5.49918,51.20785],[5.49797,51.21341],[5.52069,51.21104],[5.52475,51.21474],[5.53076,51.21003],[5.53962,51.21713],[5.56031,51.22291],[5.6367,51.20277],[5.65273,51.19766],[5.64974,51.19361],[5.65804,51.18474]]]]}},{"type":"Feature","properties":{"refnis":72004},"geometry":{"type":"MultiPolygon","coordinates":[[[[5.65804,51.18474],[5.67555,51.17634],[5.68335,51.16693],[5.70365,51.15488],[5.71251,51.14581],[5.70601,51.13851],[5.71848,51.12692],[5.70537,51.12964],[5.67398,51.12755],[5.67789,51.11817],[5.66856,51.11352],[5.66289,51.10252],[5.64703,51.10691],[5.63547,51.10379],[5.63187,51.11439],[5.60141,51.11304],[5.57007,51.10749],[5.54648,51.13056],[5.57884,51.1522],[5.57406,51.15893],[5.60244,51.16924],[5.61638,51.17733],[5.65946,51.18264],[5.65804,51.18474]]]]}},{"type":"Feature","properties":{"refnis":72018},"geometry":{"type":"MultiPolygon","coordinates":[[[[5.81418,51.12085],[5.78717,51.11994],[5.77063,51.12183],[5.76042,51.12635],[5.73765,51.12997],[5.71848,51.12692],[5.70601,51.13851],[5.71251,51.14581],[5.70365,51.15488],[5.68335,51.16693],[5.67555,51.17634],[5.65804,51.18474],[5.67654,51.18272],[5.68941,51.18542],[5.708,51.18205],[5.74009,51.18655],[5.74564,51.1895],[5.76715,51.18369],[5.77672,51.17848],[5.76956,51.16908],[5.77948,51.15938],[5.77764,51.1513],[5.80626,51.16284],[5.81385,51.15874],[5.82436,51.16783],[5.8386,51.15708],[5.83635,51.15368],[5.85577,51.14462],[5.84583,51.14076],[5.83897,51.13068],[5.82877,51.13033],[5.81418,51.12085]]]]}},{"type":"Feature","properties":{"refnis":72020},"geometry":{"type":"MultiPolygon","coordinates":[[[[5.34999,51.20469],[5.32022,51.1812],[5.28894,51.15794],[5.26134,51.15844],[5.26019,51.18382],[5.23872,51.20102],[5.21718,51.21141],[5.21463,51.22073],[5.21599,51.24703],[5.2371,51.26117],[5.26312,51.2668],[5.29615,51.26148],[5.31593,51.26354],[5.33648,51.26307],[5.34256,51.26568],[5.34614,51.27576],[5.41741,51.26228],[5.34999,51.20469]]]]}},{"type":"Feature","properties":{"refnis":72021},"geometry":{"type":"MultiPolygon","coordinates":[[[[5.79755,51.07356],[5.78654,51.06117],[5.77695,51.06828],[5.7846,51.07615],[5.77081,51.07742],[5.76163,51.08235],[5.75104,51.07919],[5.74116,51.08108],[5.70794,51.07341],[5.69478,51.05923],[5.67547,51.06964],[5.671,51.06159],[5.66486,51.03631],[5.64303,51.01878],[5.60734,51.03747],[5.61383,51.03959],[5.62968,51.05417],[5.62541,51.05768],[5.63683,51.07143],[5.65347,51.07822],[5.66607,51.08916],[5.66073,51.09036],[5.66289,51.10252],[5.66856,51.11352],[5.67789,51.11817],[5.67398,51.12755],[5.70537,51.12964],[5.71848,51.12692],[5.73765,51.12997],[5.76042,51.12635],[5.77063,51.12183],[5.78717,51.11994],[5.81418,51.12085],[5.80835,51.1112],[5.8334,51.10375],[5.83099,51.09572],[5.82265,51.09232],[5.80825,51.09634],[5.7951,51.08962],[5.80338,51.08221],[5.79755,51.07356]]]]}},{"type":"Feature","properties":{"refnis":72030},"geometry":{"type":"MultiPolygon","coordinates":[[[[5.47744,51.18822],[5.48862,51.17743],[5.5336,51.1741],[5.54274,51.15448],[5.54762,51.14998],[5.53236,51.14629],[5.52137,51.13549],[5.51159,51.13264],[5.51552,51.1246],[5.47572,51.10597],[5.47422,51.10027],[5.48378,51.09087],[5.48236,51.06212],[5.45446,51.05495],[5.42655,51.07614],[5.4232,51.0768],[5.40373,51.09899],[5.39623,51.10402],[5.38982,51.1111],[5.39824,51.12909],[5.39661,51.13609],[5.41621,51.14629],[5.41767,51.15158],[5.43713,51.16407],[5.43627,51.17032],[5.4376,51.182],[5.46166,51.1895],[5.47744,51.18822]]]]}},{"type":"Feature","properties":{"refnis":72037},"geometry":{"type":"MultiPolygon","coordinates":[[[[5.56031,51.22291],[5.53962,51.21713],[5.53076,51.21003],[5.52475,51.21474],[5.52646,51.22381],[5.50449,51.23948],[5.50094,51.24522],[5.46774,51.23882],[5.46776,51.25487],[5.45507,51.26157],[5.43836,51.27602],[5.44178,51.2821],[5.46484,51.28456],[5.48751,51.29977],[5.51577,51.29519],[5.519,51.28947],[5.55787,51.26278],[5.55521,51.2444],[5.56031,51.22291]]]]}},{"type":"Feature","properties":{"refnis":72038},"geometry":{"type":"MultiPolygon","coordinates":[[[[5.32022,51.1812],[5.33231,51.176],[5.35883,51.18188],[5.38338,51.17678],[5.39496,51.16437],[5.40007,51.17071],[5.4099,51.16426],[5.42014,51.1729],[5.43627,51.17032],[5.43713,51.16407],[5.41767,51.15158],[5.41621,51.14629],[5.39661,51.13609],[5.39824,51.12909],[5.38982,51.1111],[5.39623,51.10402],[5.39037,51.08879],[5.3771,51.08775],[5.37591,51.09267],[5.36239,51.09016],[5.3613,51.09375],[5.34184,51.09516],[5.33261,51.09313],[5.31393,51.0983],[5.30093,51.10579],[5.2802,51.131],[5.26098,51.14697],[5.26134,51.15844],[5.28894,51.15794],[5.32022,51.1812]]]]}},{"type":"Feature","properties":{"refnis":72039},"geometry":{"type":"MultiPolygon","coordinates":[[[[5.39623,51.10402],[5.40373,51.09899],[5.4232,51.0768],[5.42655,51.07614],[5.45446,51.05495],[5.47528,51.03742],[5.50937,51.03331],[5.52217,51.02952],[5.51828,51.01882],[5.49507,51.02063],[5.46561,51.00101],[5.41618,51.01082],[5.39534,51.01246],[5.34798,51.01219],[5.35195,51.02567],[5.33729,51.04171],[5.33555,51.05179],[5.33927,51.07261],[5.34419,51.084],[5.34184,51.09516],[5.3613,51.09375],[5.36239,51.09016],[5.37591,51.09267],[5.3771,51.08775],[5.39037,51.08879],[5.39623,51.10402]]]]}},{"type":"Feature","properties":{"refnis":72041},"geometry":{"type":"MultiPolygon","coordinates":[[[[5.76601,51.00879],[5.74954,51.0071],[5.74425,51.01227],[5.72774,51.00052],[5.71087,51.00023],[5.71254,51.00403],[5.67638,51.00165],[5.66017,50.99657],[5.63573,50.99585],[5.62246,50.99927],[5.62548,51.01769],[5.64303,51.01878],[5.66486,51.03631],[5.671,51.06159],[5.67547,51.06964],[5.69478,51.05923],[5.70794,51.07341],[5.74116,51.08108],[5.75104,51.07919],[5.76163,51.08235],[5.77081,51.07742],[5.7846,51.07615],[5.77695,51.06828],[5.78654,51.06117],[5.79755,51.07356],[5.80105,51.06402],[5.79317,51.05853],[5.77465,51.06298],[5.77075,51.04919],[5.758,51.03366],[5.77491,51.02599],[5.77564,51.02068],[5.76601,51.00879]]]]}},{"type":"Feature","properties":{"refnis":72042},"geometry":{"type":"MultiPolygon","coordinates":[[[[5.60734,51.03747],[5.60261,51.02835],[5.58996,51.01877],[5.57157,51.02359],[5.52899,51.01889],[5.51828,51.01882],[5.52217,51.02952],[5.50937,51.03331],[5.47528,51.03742],[5.45446,51.05495],[5.48236,51.06212],[5.48378,51.09087],[5.47422,51.10027],[5.47572,51.10597],[5.51552,51.1246],[5.51159,51.13264],[5.52137,51.13549],[5.53236,51.14629],[5.54648,51.13056],[5.57007,51.10749],[5.60141,51.11304],[5.63187,51.11439],[5.63547,51.10379],[5.64703,51.10691],[5.66289,51.10252],[5.66073,51.09036],[5.66607,51.08916],[5.65347,51.07822],[5.63683,51.07143],[5.62541,51.05768],[5.62968,51.05417],[5.61383,51.03959],[5.60734,51.03747]]]]}},{"type":"Feature","properties":{"refnis":72043},"geometry":{"type":"MultiPolygon","coordinates":[[[[5.43836,51.27602],[5.45507,51.26157],[5.46776,51.25487],[5.46774,51.23882],[5.50094,51.24522],[5.50449,51.23948],[5.52646,51.22381],[5.52475,51.21474],[5.52069,51.21104],[5.49797,51.21341],[5.49918,51.20785],[5.49041,51.20623],[5.48339,51.19124],[5.47744,51.18822],[5.46166,51.1895],[5.4376,51.182],[5.43627,51.17032],[5.42014,51.1729],[5.4099,51.16426],[5.40007,51.17071],[5.39496,51.16437],[5.38338,51.17678],[5.35883,51.18188],[5.33231,51.176],[5.32022,51.1812],[5.34999,51.20469],[5.42563,51.26925],[5.43836,51.27602]]]]}},{"type":"Feature","properties":{"refnis":73001},"geometry":{"type":"MultiPolygon","coordinates":[[[[5.35201,50.86755],[5.31541,50.86531],[5.30065,50.85602],[5.283,50.85367],[5.26488,50.85435],[5.24273,50.86703],[5.24997,50.88153],[5.26359,50.89171],[5.2492,50.89425],[5.24945,50.89997],[5.27312,50.91026],[5.28712,50.89887],[5.30104,50.89802],[5.31809,50.88901],[5.34643,50.88581],[5.35201,50.86755]]]]}},{"type":"Feature","properties":{"refnis":73022},"geometry":{"type":"MultiPolygon","coordinates":[[[[5.38959,50.74797],[5.37605,50.74204],[5.36803,50.74697],[5.35029,50.74639],[5.33369,50.73549],[5.30809,50.72381],[5.30916,50.71808],[5.3039,50.71594],[5.29651,50.72358],[5.27631,50.72903],[5.26508,50.7177],[5.25577,50.71516],[5.24113,50.71672],[5.2369,50.72721],[5.23436,50.73506],[5.24152,50.74889],[5.2682,50.75325],[5.27256,50.77378],[5.26594,50.77509],[5.28607,50.77968],[5.27963,50.79185],[5.29565,50.79131],[5.308,50.78285],[5.31846,50.78698],[5.33725,50.77421],[5.34815,50.77943],[5.36003,50.7798],[5.36129,50.78531],[5.40031,50.76231],[5.40153,50.75611],[5.38959,50.74797]]]]}},{"type":"Feature","properties":{"refnis":73028},"geometry":{"type":"MultiPolygon","coordinates":[[[[5.43582,50.7221],[5.4317,50.71971],[5.42057,50.71902],[5.41626,50.72282],[5.42439,50.73543],[5.43582,50.7221]]]]}},{"type":"Feature","properties":{"refnis":73042},"geometry":{"type":"MultiPolygon","coordinates":[[[[5.6454,50.83711],[5.63388,50.83325],[5.61481,50.8387],[5.62503,50.84701],[5.62018,50.85365],[5.59244,50.86499],[5.59428,50.87255],[5.58868,50.88842],[5.57431,50.89357],[5.5884,50.90072],[5.59848,50.89521],[5.61371,50.89792],[5.60426,50.93446],[5.63183,50.94452],[5.66159,50.94018],[5.66171,50.93748],[5.68841,50.93345],[5.70041,50.93877],[5.71186,50.93619],[5.71227,50.92837],[5.69653,50.91332],[5.72455,50.91997],[5.7243,50.91041],[5.71892,50.90781],[5.70487,50.91194],[5.69737,50.90948],[5.69234,50.89371],[5.68251,50.88852],[5.67935,50.88049],[5.66963,50.88182],[5.64416,50.87135],[5.6427,50.85008],[5.63917,50.84631],[5.6454,50.83711]]]]}},{"type":"Feature","properties":{"refnis":73066},"geometry":{"type":"MultiPolygon","coordinates":[[[[5.68788,50.81192],[5.68719,50.8041],[5.68028,50.80639],[5.65319,50.80544],[5.64624,50.79303],[5.62681,50.7823],[5.61572,50.78423],[5.60265,50.77672],[5.5848,50.77102],[5.57341,50.77093],[5.56993,50.76415],[5.55296,50.76401],[5.54564,50.77135],[5.53297,50.77614],[5.54244,50.78568],[5.52484,50.79748],[5.51818,50.80665],[5.51359,50.82108],[5.52284,50.82448],[5.53888,50.82167],[5.54718,50.81635],[5.56988,50.8245],[5.56109,50.82985],[5.56502,50.83876],[5.58534,50.83822],[5.60005,50.84339],[5.61481,50.8387],[5.63388,50.83325],[5.6454,50.83711],[5.65617,50.82429],[5.65399,50.82008],[5.67828,50.81647],[5.68788,50.81192]]]]}},{"type":"Feature","properties":{"refnis":73098},"geometry":{"type":"MultiPolygon","coordinates":[[[[5.2867,50.83082],[5.26919,50.84565],[5.26488,50.85435],[5.283,50.85367],[5.30065,50.85602],[5.31541,50.86531],[5.35201,50.86755],[5.37226,50.8427],[5.34533,50.81922],[5.33667,50.81858],[5.32403,50.82477],[5.30614,50.81178],[5.29813,50.81871],[5.29455,50.83042],[5.2867,50.83082]]]]}},{"type":"Feature","properties":{"refnis":73107},"geometry":{"type":"MultiPolygon","coordinates":[[[[5.7243,50.91041],[5.72455,50.91997],[5.69653,50.91332],[5.71227,50.92837],[5.71186,50.93619],[5.70041,50.93877],[5.68841,50.93345],[5.66171,50.93748],[5.66159,50.94018],[5.63183,50.94452],[5.60426,50.93446],[5.59532,50.9773],[5.59728,51.00167],[5.60352,51.00572],[5.62246,50.99927],[5.63573,50.99585],[5.66017,50.99657],[5.67638,51.00165],[5.71254,51.00403],[5.71087,51.00023],[5.72774,51.00052],[5.74425,51.01227],[5.74954,51.0071],[5.76601,51.00879],[5.76762,50.99974],[5.74988,50.98254],[5.73637,50.97791],[5.73336,50.97186],[5.72012,50.96242],[5.73124,50.95488],[5.74622,50.96164],[5.75604,50.95772],[5.7581,50.95075],[5.74658,50.9473],[5.74088,50.93522],[5.7259,50.9212],[5.7243,50.91041]]]]}},{"type":"Feature","properties":{"refnis":73109},"geometry":{"type":"MultiPolygon","coordinates":[[[[5.89211,50.75522],[5.89718,50.74443],[5.90677,50.7422],[5.91111,50.73515],[5.8866,50.71559],[5.88342,50.70996],[5.85842,50.71751],[5.81875,50.7144],[5.8003,50.73198],[5.80325,50.73488],[5.786,50.74554],[5.76941,50.75121],[5.7489,50.74524],[5.747,50.75224],[5.73729,50.75547],[5.72603,50.75169],[5.72219,50.74573],[5.68323,50.75482],[5.69905,50.75528],[5.71563,50.75988],[5.72026,50.76472],[5.73038,50.75742],[5.73918,50.75707],[5.74489,50.76882],[5.76581,50.78254],[5.77664,50.78225],[5.7845,50.76717],[5.79322,50.7702],[5.80769,50.75605],[5.83076,50.75856],[5.84504,50.76537],[5.84892,50.75341],[5.86312,50.76337],[5.88648,50.77016],[5.89211,50.75522]]]]}},{"type":"Feature","properties":{"refnis":73110},"geometry":{"type":"MultiPolygon","coordinates":[[[[5.61481,50.8387],[5.60005,50.84339],[5.58534,50.83822],[5.56502,50.83876],[5.56109,50.82985],[5.56988,50.8245],[5.54718,50.81635],[5.53888,50.82167],[5.52284,50.82448],[5.51359,50.82108],[5.49854,50.81557],[5.48427,50.81441],[5.46704,50.81844],[5.46134,50.81374],[5.44105,50.81997],[5.43323,50.81933],[5.44478,50.83218],[5.43568,50.84394],[5.45014,50.85074],[5.44576,50.85532],[5.44926,50.87655],[5.44053,50.88737],[5.45205,50.90156],[5.45218,50.90948],[5.45963,50.91085],[5.4791,50.92258],[5.49163,50.91485],[5.5085,50.91304],[5.52841,50.91409],[5.53288,50.90565],[5.55142,50.90433],[5.56736,50.90913],[5.5884,50.90072],[5.57431,50.89357],[5.58868,50.88842],[5.59428,50.87255],[5.59244,50.86499],[5.62018,50.85365],[5.62503,50.84701],[5.61481,50.8387]]]]}},{"type":"Feature","properties":{"refnis":73111},"geometry":{"type":"MultiPolygon","coordinates":[[[[5.55296,50.76401],[5.55125,50.76032],[5.53264,50.75694],[5.52258,50.75865],[5.51928,50.74722],[5.52434,50.74234],[5.5187,50.74179],[5.47885,50.7237],[5.47566,50.73355],[5.4601,50.73641],[5.46316,50.73058],[5.44778,50.72188],[5.43582,50.7221],[5.42439,50.73543],[5.41626,50.72282],[5.40229,50.72805],[5.40175,50.73521],[5.39447,50.73484],[5.38959,50.74797],[5.40153,50.75611],[5.40031,50.76231],[5.36129,50.78531],[5.36003,50.7798],[5.34815,50.77943],[5.33725,50.77421],[5.31846,50.78698],[5.308,50.78285],[5.29565,50.79131],[5.27963,50.79185],[5.25194,50.79183],[5.25038,50.80723],[5.2532,50.81364],[5.28398,50.8271],[5.2867,50.83082],[5.29455,50.83042],[5.29813,50.81871],[5.30614,50.81178],[5.32403,50.82477],[5.33667,50.81858],[5.34533,50.81922],[5.37226,50.8427],[5.38589,50.8453],[5.38438,50.84065],[5.40596,50.83057],[5.40019,50.8213],[5.40221,50.81118],[5.4166,50.80842],[5.43323,50.81933],[5.44105,50.81997],[5.46134,50.81374],[5.46704,50.81844],[5.48427,50.81441],[5.49854,50.81557],[5.51359,50.82108],[5.51818,50.80665],[5.52484,50.79748],[5.54244,50.78568],[5.53297,50.77614],[5.54564,50.77135],[5.55296,50.76401]]]]}},{"type":"Feature","properties":{"refnis":81001},"geometry":{"type":"MultiPolygon","coordinates":[[[[5.88013,49.62335],[5.86653,49.62993],[5.86355,49.64174],[5.85397,49.64086],[5.84409,49.64571],[5.84062,49.64207],[5.82595,49.64652],[5.81801,49.64022],[5.81883,49.65022],[5.80974,49.66003],[5.80293,49.64729],[5.79468,49.64716],[5.79235,49.65537],[5.78667,49.65328],[5.78914,49.63507],[5.77771,49.63082],[5.77599,49.62367],[5.7571,49.62542],[5.75179,49.62211],[5.73793,49.62374],[5.73951,49.6358],[5.73533,49.64096],[5.71298,49.64144],[5.70588,49.6458],[5.69363,49.64579],[5.69931,49.65686],[5.68792,49.67738],[5.67854,49.68734],[5.69321,49.6954],[5.69243,49.70466],[5.69943,49.7131],[5.70922,49.70751],[5.71317,49.70017],[5.72832,49.69664],[5.73889,49.70693],[5.7579,49.71023],[5.76311,49.71915],[5.78489,49.72201],[5.7856,49.71294],[5.79224,49.7092],[5.79924,49.71861],[5.81538,49.71625],[5.82639,49.71898],[5.82629,49.72356],[5.84498,49.72149],[5.86002,49.72721],[5.87517,49.72188],[5.87491,49.71567],[5.88699,49.70931],[5.87181,49.69846],[5.86342,49.68849],[5.86541,49.67605],[5.89,49.67051],[5.90317,49.66413],[5.90222,49.65179],[5.90771,49.63907],[5.89228,49.63624],[5.88271,49.63095],[5.88013,49.62335]]]]}},{"type":"Feature","properties":{"refnis":81003},"geometry":{"type":"MultiPolygon","coordinates":[[[[5.82629,49.72356],[5.82639,49.71898],[5.81538,49.71625],[5.79924,49.71861],[5.79224,49.7092],[5.7856,49.71294],[5.78489,49.72201],[5.76311,49.71915],[5.7579,49.71023],[5.73889,49.70693],[5.72832,49.69664],[5.71317,49.70017],[5.70922,49.70751],[5.69826,49.72255],[5.68596,49.72848],[5.67642,49.74144],[5.68539,49.74425],[5.69335,49.75411],[5.70412,49.7561],[5.71311,49.76995],[5.71208,49.77536],[5.72579,49.77205],[5.75052,49.78339],[5.75511,49.79114],[5.7904,49.79573],[5.79195,49.7869],[5.81594,49.76221],[5.81791,49.75401],[5.83065,49.74951],[5.82629,49.72356]]]]}},{"type":"Feature","properties":{"refnis":81004},"geometry":{"type":"MultiPolygon","coordinates":[[[[5.73465,49.54572],[5.72906,49.54972],[5.72781,49.56892],[5.73232,49.58141],[5.72117,49.57684],[5.70437,49.58176],[5.70739,49.58776],[5.70504,49.60649],[5.70447,49.61046],[5.71758,49.60797],[5.72859,49.61176],[5.73689,49.61024],[5.74423,49.59406],[5.75247,49.599],[5.76618,49.5977],[5.77483,49.59139],[5.78235,49.59384],[5.79585,49.58881],[5.82492,49.57274],[5.84174,49.57303],[5.83854,49.58678],[5.84842,49.59713],[5.85009,49.58693],[5.87327,49.5836],[5.87275,49.57434],[5.86109,49.56704],[5.8428,49.56093],[5.84196,49.5531],[5.81857,49.54638],[5.80787,49.5508],[5.79219,49.55238],[5.77446,49.5632],[5.75832,49.5614],[5.75772,49.54297],[5.73823,49.53873],[5.73465,49.54572]]]]}},{"type":"Feature","properties":{"refnis":81013},"geometry":{"type":"MultiPolygon","coordinates":[[[[5.75511,49.79114],[5.75052,49.78339],[5.72579,49.77205],[5.71208,49.77536],[5.69776,49.77596],[5.68476,49.78245],[5.70537,49.811],[5.70064,49.82056],[5.70193,49.83043],[5.71642,49.84503],[5.71986,49.85479],[5.74223,49.85778],[5.74651,49.85416],[5.75814,49.84639],[5.74803,49.84607],[5.75052,49.84103],[5.74103,49.83892],[5.74794,49.82323],[5.74339,49.82098],[5.74996,49.81197],[5.75511,49.79114]]]]}},{"type":"Feature","properties":{"refnis":81015},"geometry":{"type":"MultiPolygon","coordinates":[[[[5.84842,49.59713],[5.83854,49.58678],[5.84174,49.57303],[5.82492,49.57274],[5.79585,49.58881],[5.78235,49.59384],[5.77483,49.59139],[5.76618,49.5977],[5.75247,49.599],[5.74423,49.59406],[5.73689,49.61024],[5.72859,49.61176],[5.73793,49.62374],[5.75179,49.62211],[5.7571,49.62542],[5.77599,49.62367],[5.77771,49.63082],[5.78914,49.63507],[5.78667,49.65328],[5.79235,49.65537],[5.79468,49.64716],[5.80293,49.64729],[5.80974,49.66003],[5.81883,49.65022],[5.81801,49.64022],[5.82595,49.64652],[5.84062,49.64207],[5.84409,49.64571],[5.85397,49.64086],[5.86355,49.64174],[5.86653,49.62993],[5.88013,49.62335],[5.87564,49.61884],[5.87648,49.60845],[5.84842,49.59713]]]]}},{"type":"Feature","properties":{"refnis":82009},"geometry":{"type":"MultiPolygon","coordinates":[[[[5.74651,49.85416],[5.74223,49.85778],[5.71986,49.85479],[5.71642,49.84503],[5.70193,49.83043],[5.70064,49.82056],[5.69596,49.82713],[5.68553,49.82557],[5.66314,49.83164],[5.63398,49.83178],[5.63275,49.83732],[5.61953,49.82962],[5.61809,49.83591],[5.63348,49.83827],[5.63733,49.86618],[5.63403,49.86992],[5.64033,49.88528],[5.65048,49.88703],[5.65659,49.90039],[5.69263,49.9219],[5.69666,49.9386],[5.70922,49.94202],[5.72421,49.94039],[5.72046,49.93365],[5.72434,49.91637],[5.74809,49.90944],[5.73571,49.89682],[5.77801,49.88383],[5.78385,49.87316],[5.77443,49.86728],[5.76918,49.87252],[5.75667,49.87331],[5.75263,49.86838],[5.76065,49.85672],[5.74651,49.85416]]]]}},{"type":"Feature","properties":{"refnis":82014},"geometry":{"type":"MultiPolygon","coordinates":[[[[5.85667,50.06161],[5.84337,50.06583],[5.82722,50.0641],[5.82448,50.07559],[5.81653,50.07897],[5.82438,50.08558],[5.80809,50.10031],[5.80002,50.09872],[5.78935,50.11592],[5.77559,50.11472],[5.76124,50.09548],[5.74437,50.083],[5.73852,50.08989],[5.72551,50.08445],[5.72253,50.09028],[5.711,50.09296],[5.69655,50.10596],[5.69596,50.11078],[5.67786,50.11474],[5.67134,50.12395],[5.6781,50.1269],[5.67234,50.15286],[5.65198,50.15053],[5.66073,50.16192],[5.65565,50.16646],[5.66791,50.1772],[5.6851,50.18199],[5.69749,50.19824],[5.71568,50.19905],[5.71652,50.18668],[5.7426,50.19295],[5.74378,50.19929],[5.7284,50.20559],[5.72838,50.21814],[5.71138,50.22407],[5.70966,50.23062],[5.73539,50.23599],[5.76931,50.22858],[5.78341,50.21886],[5.79552,50.21952],[5.80039,50.21345],[5.78985,50.21436],[5.78807,50.20624],[5.80853,50.19332],[5.80651,50.19098],[5.82054,50.17683],[5.82199,50.17168],[5.83563,50.16235],[5.83895,50.15165],[5.82857,50.14038],[5.84866,50.14373],[5.85398,50.13629],[5.86579,50.13612],[5.87781,50.12068],[5.89175,50.11018],[5.89505,50.11195],[5.89458,50.10105],[5.88641,50.09073],[5.88704,50.07897],[5.86773,50.07336],[5.85667,50.06161]]]]}},{"type":"Feature","properties":{"refnis":82032},"geometry":{"type":"MultiPolygon","coordinates":[[[[6.01245,50.2646],[6.01675,50.2523],[6.01239,50.24417],[5.99874,50.236],[5.98273,50.23442],[5.96688,50.24154],[5.97998,50.24779],[5.96876,50.26221],[5.97869,50.27034],[5.95141,50.26379],[5.92776,50.25331],[5.91659,50.25625],[5.91051,50.24563],[5.88015,50.23808],[5.86378,50.23622],[5.8631,50.23997],[5.83483,50.23627],[5.82582,50.22781],[5.79552,50.21952],[5.78341,50.21886],[5.76931,50.22858],[5.73539,50.23599],[5.70966,50.23062],[5.72617,50.25167],[5.72108,50.2622],[5.74769,50.26133],[5.75106,50.26605],[5.76862,50.26765],[5.78179,50.26268],[5.82748,50.26659],[5.84027,50.26149],[5.86175,50.26844],[5.8705,50.2684],[5.87374,50.2766],[5.88125,50.28014],[5.86514,50.28253],[5.84503,50.28063],[5.8462,50.28843],[5.85905,50.29554],[5.85486,50.30001],[5.86327,50.30419],[5.86925,50.31945],[5.86272,50.32505],[5.85042,50.32681],[5.85165,50.33571],[5.86201,50.3483],[5.88905,50.33871],[5.90134,50.3394],[5.924,50.33249],[5.93728,50.3383],[5.94904,50.33643],[5.96075,50.32738],[5.98017,50.32983],[5.98337,50.32038],[6.00581,50.31524],[6.01314,50.31058],[6.01729,50.30019],[6.01184,50.27533],[6.01245,50.2646]]]]}},{"type":"Feature","properties":{"refnis":82036},"geometry":{"type":"MultiPolygon","coordinates":[[[[5.70922,49.94202],[5.69666,49.9386],[5.69263,49.9219],[5.65659,49.90039],[5.62676,49.89265],[5.58412,49.87595],[5.57524,49.86818],[5.55445,49.87078],[5.54459,49.86696],[5.52934,49.87011],[5.52843,49.88048],[5.50414,49.89288],[5.49519,49.903],[5.52798,49.93118],[5.52415,49.93981],[5.53063,49.9456],[5.54921,49.94873],[5.55344,49.9525],[5.54247,49.96225],[5.54929,49.96635],[5.56279,49.9657],[5.56205,49.95539],[5.57606,49.95918],[5.58636,49.97517],[5.58639,49.98647],[5.59418,49.98901],[5.6123,50.00266],[5.60946,50.00696],[5.62253,50.01175],[5.64551,50.00179],[5.65282,49.98999],[5.66767,49.99248],[5.67434,49.985],[5.68052,49.98665],[5.69267,49.97293],[5.69999,49.97132],[5.70553,49.95923],[5.71348,49.95781],[5.70922,49.94202]]]]}},{"type":"Feature","properties":{"refnis":82037},"geometry":{"type":"MultiPolygon","coordinates":[[[[5.89505,50.11195],[5.89175,50.11018],[5.87781,50.12068],[5.86579,50.13612],[5.85398,50.13629],[5.84866,50.14373],[5.82857,50.14038],[5.83895,50.15165],[5.83563,50.16235],[5.82199,50.17168],[5.82054,50.17683],[5.80651,50.19098],[5.80853,50.19332],[5.78807,50.20624],[5.78985,50.21436],[5.80039,50.21345],[5.79552,50.21952],[5.82582,50.22781],[5.83483,50.23627],[5.8631,50.23997],[5.86378,50.23622],[5.88015,50.23808],[5.91051,50.24563],[5.91659,50.25625],[5.92776,50.25331],[5.95141,50.26379],[5.97869,50.27034],[5.96876,50.26221],[5.97998,50.24779],[5.96688,50.24154],[5.98273,50.23442],[5.99874,50.236],[6.01239,50.24417],[6.00869,50.23814],[6.01507,50.21443],[6.01447,50.20552],[6.02711,50.20992],[6.03309,50.20122],[6.02078,50.19365],[6.02617,50.18332],[6.00207,50.17616],[5.97111,50.17497],[5.96374,50.1726],[5.96172,50.16088],[5.96725,50.15522],[5.96129,50.14982],[5.95855,50.13887],[5.96133,50.13136],[5.94262,50.12903],[5.91424,50.12189],[5.89505,50.11195]]]]}},{"type":"Feature","properties":{"refnis":82038},"geometry":{"type":"MultiPolygon","coordinates":[[[[5.62253,50.01175],[5.60946,50.00696],[5.6123,50.00266],[5.59418,49.98901],[5.58639,49.98647],[5.58636,49.97517],[5.57606,49.95918],[5.56205,49.95539],[5.56279,49.9657],[5.54929,49.96635],[5.52985,49.96871],[5.53198,49.97595],[5.52026,49.98795],[5.49058,50.00207],[5.4871,50.01309],[5.49525,50.02186],[5.4603,50.02501],[5.44461,50.02297],[5.43075,50.03059],[5.41791,50.04886],[5.43625,50.05234],[5.46585,50.07266],[5.48398,50.0724],[5.4919,50.07581],[5.51076,50.07744],[5.52368,50.0691],[5.54189,50.06771],[5.53854,50.06336],[5.54737,50.05856],[5.55166,50.0626],[5.56518,50.06336],[5.5837,50.0455],[5.58371,50.03766],[5.59393,50.03359],[5.61485,50.02025],[5.62303,50.02182],[5.62966,50.01697],[5.62253,50.01175]]]]}},{"type":"Feature","properties":{"refnis":82039},"geometry":{"type":"MultiPolygon","coordinates":[[[[5.74809,49.90944],[5.72434,49.91637],[5.72046,49.93365],[5.72421,49.94039],[5.70922,49.94202],[5.71348,49.95781],[5.70553,49.95923],[5.69999,49.97132],[5.69267,49.97293],[5.68052,49.98665],[5.67434,49.985],[5.66767,49.99248],[5.65282,49.98999],[5.64551,50.00179],[5.62253,50.01175],[5.62966,50.01697],[5.62303,50.02182],[5.61485,50.02025],[5.59393,50.03359],[5.58371,50.03766],[5.5837,50.0455],[5.56518,50.06336],[5.55166,50.0626],[5.54737,50.05856],[5.53854,50.06336],[5.54189,50.06771],[5.54202,50.07383],[5.55586,50.07431],[5.57597,50.08572],[5.58047,50.08332],[5.5926,50.08884],[5.59736,50.09617],[5.60166,50.08987],[5.61827,50.09734],[5.62929,50.09612],[5.63121,50.10196],[5.64409,50.10064],[5.64639,50.10709],[5.65843,50.10574],[5.66895,50.11524],[5.67786,50.11474],[5.69596,50.11078],[5.69655,50.10596],[5.711,50.09296],[5.72253,50.09028],[5.72551,50.08445],[5.73852,50.08989],[5.74437,50.083],[5.76124,50.09548],[5.77559,50.11472],[5.78935,50.11592],[5.80002,50.09872],[5.80809,50.10031],[5.82438,50.08558],[5.81653,50.07897],[5.82448,50.07559],[5.82722,50.0641],[5.84337,50.06583],[5.85667,50.06161],[5.85425,50.05888],[5.86989,50.04592],[5.85611,50.03627],[5.85991,50.02889],[5.85246,50.0229],[5.81899,50.01282],[5.8207,50.00081],[5.83242,49.99052],[5.84021,49.98934],[5.83183,49.97651],[5.81044,49.97068],[5.80633,49.96231],[5.7956,49.96578],[5.79126,49.96181],[5.77503,49.96079],[5.77037,49.94958],[5.77516,49.93771],[5.76401,49.93145],[5.76045,49.91736],[5.74809,49.90944]]]]}},{"type":"Feature","properties":{"refnis":83012},"geometry":{"type":"MultiPolygon","coordinates":[[[[5.59106,50.33916],[5.58327,50.33367],[5.56843,50.33298],[5.567,50.32652],[5.55343,50.33458],[5.54589,50.3242],[5.55582,50.31864],[5.54391,50.30756],[5.52892,50.3092],[5.51382,50.29898],[5.49238,50.30677],[5.49389,50.3116],[5.48298,50.32522],[5.4705,50.32873],[5.46148,50.31844],[5.4661,50.31284],[5.44186,50.30361],[5.42064,50.3084],[5.40648,50.30803],[5.41513,50.31339],[5.40685,50.31604],[5.3928,50.3143],[5.38844,50.3183],[5.38658,50.31662],[5.3651,50.31835],[5.34741,50.30495],[5.34238,50.31583],[5.35064,50.32103],[5.37694,50.32681],[5.39579,50.33553],[5.3932,50.34267],[5.3847,50.34494],[5.38107,50.35188],[5.40294,50.3676],[5.39294,50.37944],[5.39555,50.38366],[5.41542,50.39531],[5.42641,50.39911],[5.4248,50.41096],[5.40669,50.41224],[5.4065,50.42566],[5.42193,50.43061],[5.42962,50.43023],[5.44128,50.42072],[5.46947,50.40999],[5.50161,50.42362],[5.51258,50.42504],[5.50936,50.41452],[5.52004,50.40778],[5.51978,50.4028],[5.53207,50.40409],[5.5291,50.39754],[5.53932,50.39112],[5.55381,50.38851],[5.57034,50.39699],[5.59364,50.39818],[5.61393,50.38249],[5.63729,50.37509],[5.63061,50.37204],[5.62512,50.36614],[5.60855,50.35747],[5.58763,50.34973],[5.59106,50.33916]]]]}},{"type":"Feature","properties":{"refnis":83013},"geometry":{"type":"MultiPolygon","coordinates":[[[[5.57559,50.24693],[5.56039,50.24774],[5.54344,50.25554],[5.5409,50.262],[5.53339,50.25686],[5.51694,50.26505],[5.5005,50.26037],[5.4937,50.27045],[5.4811,50.27868],[5.48578,50.28847],[5.46501,50.29613],[5.46129,50.2881],[5.45463,50.29678],[5.44186,50.30361],[5.4661,50.31284],[5.46148,50.31844],[5.4705,50.32873],[5.48298,50.32522],[5.49389,50.3116],[5.49238,50.30677],[5.51382,50.29898],[5.52892,50.3092],[5.54391,50.30756],[5.55582,50.31864],[5.54589,50.3242],[5.55343,50.33458],[5.567,50.32652],[5.56843,50.33298],[5.58327,50.33367],[5.59106,50.33916],[5.60908,50.34149],[5.62305,50.33507],[5.64205,50.33554],[5.6549,50.33896],[5.65121,50.31648],[5.63409,50.31178],[5.61827,50.29701],[5.61089,50.28422],[5.61351,50.27759],[5.59565,50.25966],[5.59606,50.25645],[5.57846,50.26072],[5.57559,50.24693]]]]}},{"type":"Feature","properties":{"refnis":83028},"geometry":{"type":"MultiPolygon","coordinates":[[[[5.44208,50.21631],[5.42919,50.21874],[5.4362,50.22337],[5.42491,50.22487],[5.4178,50.23177],[5.41032,50.2311],[5.39928,50.24414],[5.38457,50.23622],[5.375,50.23803],[5.37322,50.24398],[5.38424,50.24776],[5.40137,50.26392],[5.38737,50.25764],[5.36953,50.27302],[5.37542,50.27847],[5.39502,50.28747],[5.38658,50.31662],[5.38844,50.3183],[5.3928,50.3143],[5.40685,50.31604],[5.41513,50.31339],[5.40648,50.30803],[5.42064,50.3084],[5.44186,50.30361],[5.45463,50.29678],[5.46129,50.2881],[5.46501,50.29613],[5.48578,50.28847],[5.4811,50.27868],[5.4937,50.27045],[5.5005,50.26037],[5.50326,50.2534],[5.49286,50.24923],[5.48443,50.25118],[5.48124,50.24473],[5.46672,50.23809],[5.45996,50.24277],[5.45297,50.23586],[5.45273,50.22806],[5.44243,50.22609],[5.44208,50.21631]]]]}},{"type":"Feature","properties":{"refnis":83031},"geometry":{"type":"MultiPolygon","coordinates":[[[[5.67786,50.11474],[5.66895,50.11524],[5.65843,50.10574],[5.64639,50.10709],[5.64409,50.10064],[5.63121,50.10196],[5.62929,50.09612],[5.61827,50.09734],[5.60166,50.08987],[5.59736,50.09617],[5.58694,50.10857],[5.59057,50.11231],[5.57959,50.12689],[5.57315,50.12529],[5.56716,50.13294],[5.55913,50.13309],[5.55864,50.14031],[5.5465,50.12831],[5.53573,50.12377],[5.52571,50.13802],[5.51667,50.14028],[5.49657,50.13973],[5.49064,50.13445],[5.48052,50.13746],[5.45984,50.15129],[5.46178,50.15822],[5.47315,50.16364],[5.48509,50.16707],[5.49112,50.17897],[5.50373,50.18351],[5.53481,50.18735],[5.55058,50.20771],[5.57274,50.21138],[5.57895,50.2008],[5.61215,50.22001],[5.61856,50.22563],[5.6292,50.22194],[5.64146,50.2264],[5.65551,50.22208],[5.67364,50.22606],[5.69348,50.2253],[5.70966,50.23062],[5.71138,50.22407],[5.72838,50.21814],[5.7284,50.20559],[5.74378,50.19929],[5.7426,50.19295],[5.71652,50.18668],[5.71568,50.19905],[5.69749,50.19824],[5.6851,50.18199],[5.66791,50.1772],[5.65565,50.16646],[5.66073,50.16192],[5.65198,50.15053],[5.67234,50.15286],[5.6781,50.1269],[5.67134,50.12395],[5.67786,50.11474]]]]}},{"type":"Feature","properties":{"refnis":83034},"geometry":{"type":"MultiPolygon","coordinates":[[[[5.46178,50.15822],[5.44811,50.15751],[5.43709,50.17228],[5.42501,50.1791],[5.40501,50.17194],[5.39671,50.16511],[5.3858,50.1659],[5.3922,50.17519],[5.38695,50.18782],[5.37862,50.19678],[5.36504,50.19845],[5.35323,50.19155],[5.33955,50.18786],[5.33627,50.17696],[5.32761,50.17845],[5.31238,50.16705],[5.31889,50.16138],[5.30363,50.15741],[5.28068,50.15885],[5.27236,50.15922],[5.26669,50.16828],[5.24277,50.18727],[5.24911,50.19118],[5.23461,50.19589],[5.24597,50.20398],[5.23175,50.21498],[5.20657,50.21578],[5.21869,50.22365],[5.22859,50.22779],[5.23462,50.22161],[5.25871,50.2274],[5.25201,50.2382],[5.25509,50.23992],[5.27698,50.24422],[5.28316,50.24904],[5.29395,50.23901],[5.3123,50.24508],[5.33118,50.25439],[5.35884,50.27528],[5.37542,50.27847],[5.36953,50.27302],[5.38737,50.25764],[5.40137,50.26392],[5.38424,50.24776],[5.37322,50.24398],[5.375,50.23803],[5.38457,50.23622],[5.39928,50.24414],[5.41032,50.2311],[5.4178,50.23177],[5.42491,50.22487],[5.4362,50.22337],[5.42919,50.21874],[5.44208,50.21631],[5.44405,50.21007],[5.46043,50.19634],[5.46026,50.18741],[5.46936,50.17795],[5.46671,50.16929],[5.47315,50.16364],[5.46178,50.15822]]]]}},{"type":"Feature","properties":{"refnis":83040},"geometry":{"type":"MultiPolygon","coordinates":[[[[5.45984,50.15129],[5.44628,50.14838],[5.45385,50.13858],[5.45426,50.12858],[5.46041,50.12334],[5.45316,50.11729],[5.44102,50.11745],[5.43701,50.11161],[5.41695,50.11636],[5.40841,50.1128],[5.39543,50.09379],[5.39783,50.08491],[5.39024,50.07852],[5.37845,50.0893],[5.36339,50.09561],[5.34723,50.09195],[5.33129,50.09465],[5.32334,50.08523],[5.31661,50.0856],[5.30159,50.09023],[5.2915,50.09988],[5.26335,50.10861],[5.27011,50.11762],[5.25384,50.12817],[5.2473,50.12716],[5.24231,50.1342],[5.28402,50.14997],[5.28068,50.15885],[5.30363,50.15741],[5.31889,50.16138],[5.31238,50.16705],[5.32761,50.17845],[5.33627,50.17696],[5.33955,50.18786],[5.35323,50.19155],[5.36504,50.19845],[5.37862,50.19678],[5.38695,50.18782],[5.3922,50.17519],[5.3858,50.1659],[5.39671,50.16511],[5.40501,50.17194],[5.42501,50.1791],[5.43709,50.17228],[5.44811,50.15751],[5.46178,50.15822],[5.45984,50.15129]]]]}},{"type":"Feature","properties":{"refnis":83044},"geometry":{"type":"MultiPolygon","coordinates":[[[[5.47315,50.16364],[5.46671,50.16929],[5.46936,50.17795],[5.46026,50.18741],[5.46043,50.19634],[5.44405,50.21007],[5.44208,50.21631],[5.44243,50.22609],[5.45273,50.22806],[5.45297,50.23586],[5.45996,50.24277],[5.46672,50.23809],[5.48124,50.24473],[5.48443,50.25118],[5.49286,50.24923],[5.50326,50.2534],[5.5005,50.26037],[5.51694,50.26505],[5.53339,50.25686],[5.5409,50.262],[5.54344,50.25554],[5.56039,50.24774],[5.57559,50.24693],[5.57862,50.24026],[5.606,50.22597],[5.61215,50.22001],[5.57895,50.2008],[5.57274,50.21138],[5.55058,50.20771],[5.53481,50.18735],[5.50373,50.18351],[5.49112,50.17897],[5.48509,50.16707],[5.47315,50.16364]]]]}},{"type":"Feature","properties":{"refnis":83049},"geometry":{"type":"MultiPolygon","coordinates":[[[[5.54189,50.06771],[5.52368,50.0691],[5.51076,50.07744],[5.4919,50.07581],[5.48398,50.0724],[5.46585,50.07266],[5.43625,50.05234],[5.41791,50.04886],[5.41364,50.0478],[5.4053,50.0654],[5.39192,50.07359],[5.39024,50.07852],[5.39783,50.08491],[5.39543,50.09379],[5.40841,50.1128],[5.41695,50.11636],[5.43701,50.11161],[5.44102,50.11745],[5.45316,50.11729],[5.46041,50.12334],[5.45426,50.12858],[5.45385,50.13858],[5.44628,50.14838],[5.45984,50.15129],[5.48052,50.13746],[5.49064,50.13445],[5.49657,50.13973],[5.51667,50.14028],[5.52571,50.13802],[5.53573,50.12377],[5.5465,50.12831],[5.55864,50.14031],[5.55913,50.13309],[5.56716,50.13294],[5.57315,50.12529],[5.57959,50.12689],[5.59057,50.11231],[5.58694,50.10857],[5.59736,50.09617],[5.5926,50.08884],[5.58047,50.08332],[5.57597,50.08572],[5.55586,50.07431],[5.54202,50.07383],[5.54189,50.06771]]]]}},{"type":"Feature","properties":{"refnis":83055},"geometry":{"type":"MultiPolygon","coordinates":[[[[5.70966,50.23062],[5.69348,50.2253],[5.67364,50.22606],[5.65551,50.22208],[5.64146,50.2264],[5.6292,50.22194],[5.61856,50.22563],[5.61215,50.22001],[5.606,50.22597],[5.57862,50.24026],[5.57559,50.24693],[5.57846,50.26072],[5.59606,50.25645],[5.59565,50.25966],[5.61351,50.27759],[5.61089,50.28422],[5.61827,50.29701],[5.63409,50.31178],[5.65121,50.31648],[5.6549,50.33896],[5.64205,50.33554],[5.62305,50.33507],[5.60908,50.34149],[5.59106,50.33916],[5.58763,50.34973],[5.60855,50.35747],[5.62512,50.36614],[5.63061,50.37204],[5.64742,50.36553],[5.67558,50.36844],[5.67016,50.35725],[5.69633,50.35715],[5.70667,50.3611],[5.72031,50.35807],[5.71035,50.34171],[5.71453,50.33445],[5.70282,50.32933],[5.71323,50.3098],[5.72711,50.30374],[5.74786,50.30239],[5.7476,50.29539],[5.73536,50.28865],[5.73143,50.27524],[5.71746,50.26668],[5.72108,50.2622],[5.72617,50.25167],[5.70966,50.23062]]]]}},{"type":"Feature","properties":{"refnis":84009},"geometry":{"type":"MultiPolygon","coordinates":[[[[5.18545,49.77544],[5.18058,49.78185],[5.18866,49.79538],[5.17429,49.78949],[5.16496,49.80829],[5.16078,49.81118],[5.16423,49.82551],[5.16399,49.83058],[5.17394,49.83254],[5.18697,49.8434],[5.18326,49.85406],[5.1927,49.85868],[5.19149,49.86776],[5.19564,49.89249],[5.17134,49.90443],[5.1662,49.89722],[5.16469,49.90701],[5.18905,49.93152],[5.20619,49.93052],[5.22569,49.9264],[5.23329,49.91755],[5.25263,49.91008],[5.27098,49.90782],[5.29864,49.91325],[5.29155,49.9075],[5.30084,49.89057],[5.3183,49.88355],[5.31501,49.88191],[5.32729,49.86827],[5.35272,49.85427],[5.35136,49.84045],[5.36332,49.83583],[5.36562,49.82604],[5.35249,49.81798],[5.32638,49.83154],[5.30349,49.82313],[5.2968,49.81544],[5.28184,49.81316],[5.27757,49.80778],[5.27006,49.81238],[5.24416,49.80971],[5.22192,49.80027],[5.21537,49.80428],[5.22145,49.79254],[5.23298,49.77981],[5.22214,49.77164],[5.18545,49.77544]]]]}},{"type":"Feature","properties":{"refnis":84010},"geometry":{"type":"MultiPolygon","coordinates":[[[[4.96881,49.80159],[4.96919,49.81064],[4.98802,49.82042],[4.98429,49.82671],[4.98543,49.8385],[4.9813,49.84288],[4.98948,49.85285],[5.01243,49.85799],[5.02567,49.86546],[5.02066,49.87297],[5.03738,49.873],[5.04754,49.87846],[5.06456,49.88362],[5.06937,49.87442],[5.08732,49.8677],[5.08778,49.86246],[5.09843,49.85012],[5.12271,49.85035],[5.13068,49.84332],[5.14181,49.84256],[5.15318,49.82993],[5.16423,49.82551],[5.16078,49.81118],[5.16496,49.80829],[5.17429,49.78949],[5.18866,49.79538],[5.18058,49.78185],[5.18545,49.77544],[5.18631,49.76956],[5.16715,49.76073],[5.15473,49.75841],[5.15253,49.74417],[5.15933,49.72818],[5.14709,49.72716],[5.15343,49.71885],[5.14366,49.70913],[5.1411,49.71352],[5.12597,49.71242],[5.12515,49.72677],[5.11877,49.73869],[5.09399,49.76376],[5.07184,49.76099],[5.06161,49.76736],[5.03721,49.77185],[5.00855,49.78204],[4.99694,49.79542],[4.99828,49.79952],[4.96881,49.80159]]]]}},{"type":"Feature","properties":{"refnis":84016},"geometry":{"type":"MultiPolygon","coordinates":[[[[4.97303,50.02889],[4.98818,50.02721],[4.99421,50.03257],[4.99477,50.04281],[5.00099,50.04443],[5.01098,50.03798],[5.03673,50.02711],[5.05058,50.02591],[5.05524,50.0213],[5.08661,50.01652],[5.09446,50.02409],[5.11018,50.02471],[5.12595,50.03159],[5.1253,50.03879],[5.13776,50.03871],[5.15169,50.02252],[5.12811,50.01711],[5.12389,50.00975],[5.13496,49.99821],[5.12745,49.99061],[5.13506,49.98992],[5.13215,49.97878],[5.12155,49.98254],[5.10835,49.97841],[5.11136,49.97179],[5.10071,49.96835],[5.09967,49.96152],[5.09178,49.96136],[5.06759,49.97358],[5.06692,49.98185],[5.05099,49.98638],[5.04471,49.98194],[5.01915,49.97766],[5.0083,49.9815],[5.00977,49.99715],[4.99479,50.00672],[4.99809,50.01239],[4.99047,50.01625],[4.97303,50.02889]]]]}},{"type":"Feature","properties":{"refnis":84029},"geometry":{"type":"MultiPolygon","coordinates":[[[[5.22214,49.77164],[5.23298,49.77981],[5.22145,49.79254],[5.21537,49.80428],[5.22192,49.80027],[5.24416,49.80971],[5.27006,49.81238],[5.27757,49.80778],[5.28184,49.81316],[5.2968,49.81544],[5.30349,49.82313],[5.32638,49.83154],[5.35249,49.81798],[5.36562,49.82604],[5.37459,49.81616],[5.39394,49.80997],[5.39006,49.80106],[5.39652,49.79364],[5.39072,49.78061],[5.39309,49.7772],[5.36277,49.7752],[5.33548,49.77921],[5.32569,49.7812],[5.30759,49.77781],[5.29718,49.7805],[5.27481,49.75955],[5.26705,49.76567],[5.25576,49.76411],[5.24563,49.77226],[5.23578,49.76871],[5.22883,49.7745],[5.22959,49.76005],[5.22214,49.77164]]]]}},{"type":"Feature","properties":{"refnis":84033},"geometry":{"type":"MultiPolygon","coordinates":[[[[5.70064,49.82056],[5.70537,49.811],[5.68476,49.78245],[5.66899,49.78356],[5.65445,49.7778],[5.64814,49.76734],[5.63978,49.77364],[5.63149,49.77287],[5.62238,49.77999],[5.59386,49.77122],[5.58888,49.77451],[5.56473,49.7754],[5.56652,49.7645],[5.54586,49.74309],[5.53776,49.74551],[5.5102,49.74331],[5.50093,49.7344],[5.48281,49.7436],[5.47823,49.7519],[5.46819,49.7567],[5.45011,49.77326],[5.44799,49.78141],[5.43997,49.78358],[5.42736,49.78222],[5.41164,49.79027],[5.44091,49.79869],[5.44229,49.80391],[5.46064,49.81556],[5.47813,49.81277],[5.48325,49.81903],[5.49694,49.81883],[5.50874,49.81427],[5.51994,49.83367],[5.51941,49.84069],[5.50699,49.84631],[5.50425,49.85847],[5.52134,49.86397],[5.52934,49.87011],[5.54459,49.86696],[5.55445,49.87078],[5.57524,49.86818],[5.58412,49.87595],[5.62676,49.89265],[5.65659,49.90039],[5.65048,49.88703],[5.64033,49.88528],[5.63403,49.86992],[5.63733,49.86618],[5.63348,49.83827],[5.61809,49.83591],[5.61953,49.82962],[5.63275,49.83732],[5.63398,49.83178],[5.66314,49.83164],[5.68553,49.82557],[5.69596,49.82713],[5.70064,49.82056]]]]}},{"type":"Feature","properties":{"refnis":84035},"geometry":{"type":"MultiPolygon","coordinates":[[[[5.18905,49.93152],[5.1759,49.93494],[5.19378,49.94578],[5.18659,49.96186],[5.19567,49.96468],[5.17965,49.98382],[5.17077,49.99025],[5.16711,49.98242],[5.15214,49.97751],[5.13506,49.98992],[5.12745,49.99061],[5.13496,49.99821],[5.12389,50.00975],[5.12811,50.01711],[5.15169,50.02252],[5.13776,50.03871],[5.13787,50.04379],[5.17818,50.04507],[5.17906,50.03628],[5.19731,50.03821],[5.21013,50.03597],[5.22829,50.02579],[5.23062,50.03097],[5.2375,50.03779],[5.27039,50.03594],[5.2744,50.025],[5.28123,50.02195],[5.27974,50.00676],[5.28848,50.00326],[5.30363,50.00791],[5.32065,49.98595],[5.32312,49.97978],[5.3299,49.96421],[5.32289,49.95399],[5.32702,49.94259],[5.32475,49.9328],[5.32984,49.92596],[5.32587,49.91629],[5.31618,49.9126],[5.29864,49.91325],[5.27098,49.90782],[5.25263,49.91008],[5.23329,49.91755],[5.22569,49.9264],[5.20619,49.93052],[5.18905,49.93152]]]]}},{"type":"Feature","properties":{"refnis":84043},"geometry":{"type":"MultiPolygon","coordinates":[[[[5.52934,49.87011],[5.52134,49.86397],[5.50425,49.85847],[5.50699,49.84631],[5.51941,49.84069],[5.51994,49.83367],[5.50874,49.81427],[5.49694,49.81883],[5.48325,49.81903],[5.47813,49.81277],[5.46064,49.81556],[5.44229,49.80391],[5.44091,49.79869],[5.41164,49.79027],[5.41325,49.7845],[5.39448,49.7789],[5.39072,49.78061],[5.39652,49.79364],[5.39006,49.80106],[5.39394,49.80997],[5.37459,49.81616],[5.36562,49.82604],[5.36332,49.83583],[5.35136,49.84045],[5.35272,49.85427],[5.32729,49.86827],[5.31501,49.88191],[5.3183,49.88355],[5.32573,49.88774],[5.34148,49.88772],[5.36331,49.87515],[5.37616,49.87657],[5.39754,49.88749],[5.43115,49.89364],[5.43871,49.90085],[5.45212,49.89702],[5.46577,49.89735],[5.47866,49.90236],[5.49519,49.903],[5.50414,49.89288],[5.52843,49.88048],[5.52934,49.87011]]]]}},{"type":"Feature","properties":{"refnis":84050},"geometry":{"type":"MultiPolygon","coordinates":[[[[5.04754,49.87846],[5.06246,49.88649],[5.0482,49.88818],[5.04706,49.89719],[5.06546,49.90207],[5.07209,49.91248],[5.08301,49.91346],[5.0983,49.92052],[5.11282,49.92026],[5.09831,49.93712],[5.10273,49.94726],[5.09967,49.96152],[5.10071,49.96835],[5.11136,49.97179],[5.10835,49.97841],[5.12155,49.98254],[5.13215,49.97878],[5.13506,49.98992],[5.15214,49.97751],[5.16711,49.98242],[5.17077,49.99025],[5.17965,49.98382],[5.19567,49.96468],[5.18659,49.96186],[5.19378,49.94578],[5.1759,49.93494],[5.18905,49.93152],[5.16469,49.90701],[5.1662,49.89722],[5.17134,49.90443],[5.19564,49.89249],[5.19149,49.86776],[5.1927,49.85868],[5.18326,49.85406],[5.18697,49.8434],[5.17394,49.83254],[5.16399,49.83058],[5.16423,49.82551],[5.15318,49.82993],[5.14181,49.84256],[5.13068,49.84332],[5.12271,49.85035],[5.09843,49.85012],[5.08778,49.86246],[5.08732,49.8677],[5.06937,49.87442],[5.06456,49.88362],[5.04754,49.87846]]]]}},{"type":"Feature","properties":{"refnis":84059},"geometry":{"type":"MultiPolygon","coordinates":[[[[5.41791,50.04886],[5.43075,50.03059],[5.44461,50.02297],[5.4603,50.02501],[5.46011,50.0219],[5.44328,50.01977],[5.4343,50.00294],[5.40923,49.99034],[5.39402,49.99397],[5.38075,49.9934],[5.36905,49.99915],[5.34446,49.98281],[5.32312,49.97978],[5.32065,49.98595],[5.30363,50.00791],[5.28848,50.00326],[5.27974,50.00676],[5.28123,50.02195],[5.2744,50.025],[5.27039,50.03594],[5.2375,50.03779],[5.23062,50.03097],[5.23237,50.04291],[5.24337,50.04966],[5.25022,50.05928],[5.26481,50.06251],[5.26964,50.07094],[5.31519,50.08209],[5.31661,50.0856],[5.32334,50.08523],[5.33129,50.09465],[5.34723,50.09195],[5.36339,50.09561],[5.37845,50.0893],[5.39024,50.07852],[5.39192,50.07359],[5.4053,50.0654],[5.41364,50.0478],[5.41791,50.04886]]]]}},{"type":"Feature","properties":{"refnis":84068},"geometry":{"type":"MultiPolygon","coordinates":[[[[5.15272,50.09441],[5.15838,50.10034],[5.18863,50.1008],[5.20018,50.09679],[5.22687,50.10218],[5.22666,50.10767],[5.23644,50.11018],[5.26335,50.10861],[5.2915,50.09988],[5.30159,50.09023],[5.31661,50.0856],[5.31519,50.08209],[5.26964,50.07094],[5.26481,50.06251],[5.25022,50.05928],[5.24337,50.04966],[5.23237,50.04291],[5.23062,50.03097],[5.22829,50.02579],[5.21013,50.03597],[5.19731,50.03821],[5.17906,50.03628],[5.17818,50.04507],[5.16928,50.07255],[5.15856,50.08344],[5.16049,50.09213],[5.15272,50.09441]]]]}},{"type":"Feature","properties":{"refnis":84075},"geometry":{"type":"MultiPolygon","coordinates":[[[[5.06571,50.12279],[5.06815,50.11736],[5.06032,50.10764],[5.07156,50.09359],[5.09503,50.09494],[5.12324,50.09972],[5.13648,50.09439],[5.15272,50.09441],[5.16049,50.09213],[5.15856,50.08344],[5.16928,50.07255],[5.17818,50.04507],[5.13787,50.04379],[5.13776,50.03871],[5.1253,50.03879],[5.12595,50.03159],[5.11018,50.02471],[5.09446,50.02409],[5.08661,50.01652],[5.05524,50.0213],[5.05058,50.02591],[5.03673,50.02711],[5.01098,50.03798],[5.04147,50.05312],[5.04208,50.06154],[5.05371,50.06717],[5.06093,50.08026],[5.05457,50.08164],[5.05498,50.09942],[5.06571,50.12279]]]]}},{"type":"Feature","properties":{"refnis":84077},"geometry":{"type":"MultiPolygon","coordinates":[[[[5.54929,49.96635],[5.54247,49.96225],[5.55344,49.9525],[5.54921,49.94873],[5.53063,49.9456],[5.52415,49.93981],[5.52798,49.93118],[5.49519,49.903],[5.47866,49.90236],[5.46577,49.89735],[5.45212,49.89702],[5.43871,49.90085],[5.43115,49.89364],[5.39754,49.88749],[5.37616,49.87657],[5.36331,49.87515],[5.34148,49.88772],[5.32573,49.88774],[5.3183,49.88355],[5.30084,49.89057],[5.29155,49.9075],[5.29864,49.91325],[5.31618,49.9126],[5.32587,49.91629],[5.32984,49.92596],[5.32475,49.9328],[5.32702,49.94259],[5.32289,49.95399],[5.3299,49.96421],[5.32312,49.97978],[5.34446,49.98281],[5.36905,49.99915],[5.38075,49.9934],[5.39402,49.99397],[5.40923,49.99034],[5.4343,50.00294],[5.44328,50.01977],[5.46011,50.0219],[5.4603,50.02501],[5.49525,50.02186],[5.4871,50.01309],[5.49058,50.00207],[5.52026,49.98795],[5.53198,49.97595],[5.52985,49.96871],[5.54929,49.96635]]]]}},{"type":"Feature","properties":{"refnis":85007},"geometry":{"type":"MultiPolygon","coordinates":[[[[5.33548,49.77921],[5.36277,49.7752],[5.39309,49.7772],[5.39072,49.78061],[5.39448,49.7789],[5.41325,49.7845],[5.41164,49.79027],[5.42736,49.78222],[5.43997,49.78358],[5.43225,49.78193],[5.42439,49.77284],[5.42737,49.76761],[5.41734,49.76358],[5.43008,49.75932],[5.45755,49.74433],[5.44724,49.72823],[5.46224,49.72586],[5.46965,49.71661],[5.48033,49.71171],[5.48058,49.7052],[5.46867,49.70383],[5.46099,49.69123],[5.44866,49.69026],[5.44929,49.66854],[5.43915,49.66722],[5.43422,49.66098],[5.41644,49.66103],[5.39219,49.65226],[5.39216,49.65695],[5.36923,49.66398],[5.36355,49.65978],[5.34175,49.65704],[5.33326,49.66774],[5.3417,49.68174],[5.34759,49.68391],[5.36057,49.69817],[5.33225,49.71759],[5.32147,49.71471],[5.32192,49.72186],[5.31408,49.72678],[5.32135,49.73578],[5.31913,49.74249],[5.30901,49.74346],[5.32683,49.77507],[5.33548,49.77921]]]]}},{"type":"Feature","properties":{"refnis":85009},"geometry":{"type":"MultiPolygon","coordinates":[[[[5.69363,49.64579],[5.6729,49.63105],[5.65041,49.64505],[5.64146,49.63982],[5.645,49.63162],[5.62908,49.62687],[5.60952,49.62367],[5.59346,49.62724],[5.58583,49.63835],[5.57324,49.63792],[5.57433,49.62098],[5.55104,49.62456],[5.53865,49.63122],[5.53276,49.64544],[5.53283,49.65719],[5.54766,49.6575],[5.5502,49.66984],[5.54576,49.67556],[5.55664,49.68355],[5.5441,49.69357],[5.52854,49.69985],[5.5285,49.70102],[5.56601,49.70856],[5.5897,49.71146],[5.59887,49.71002],[5.59909,49.6966],[5.62072,49.69454],[5.63885,49.69004],[5.66142,49.69052],[5.67854,49.68734],[5.68792,49.67738],[5.69931,49.65686],[5.69363,49.64579]]]]}},{"type":"Feature","properties":{"refnis":85011},"geometry":{"type":"MultiPolygon","coordinates":[[[[5.15343,49.71885],[5.14709,49.72716],[5.15933,49.72818],[5.15253,49.74417],[5.15473,49.75841],[5.16715,49.76073],[5.18631,49.76956],[5.18545,49.77544],[5.22214,49.77164],[5.22959,49.76005],[5.22883,49.7745],[5.23578,49.76871],[5.24563,49.77226],[5.25576,49.76411],[5.26705,49.76567],[5.27481,49.75955],[5.29718,49.7805],[5.30759,49.77781],[5.32569,49.7812],[5.33548,49.77921],[5.32683,49.77507],[5.30901,49.74346],[5.31913,49.74249],[5.32135,49.73578],[5.31408,49.72678],[5.32192,49.72186],[5.32147,49.71471],[5.33225,49.71759],[5.36057,49.69817],[5.34759,49.68391],[5.3417,49.68174],[5.33326,49.66774],[5.34175,49.65704],[5.36355,49.65978],[5.36923,49.66398],[5.39216,49.65695],[5.39219,49.65226],[5.41644,49.66103],[5.42474,49.64714],[5.41652,49.62957],[5.40567,49.62914],[5.39336,49.61833],[5.37586,49.62308],[5.36375,49.62323],[5.35179,49.63096],[5.34317,49.62665],[5.34048,49.61668],[5.33042,49.61677],[5.31209,49.61165],[5.30499,49.63022],[5.3182,49.64636],[5.33269,49.65274],[5.30915,49.67195],[5.29371,49.67724],[5.28141,49.68904],[5.26851,49.69657],[5.25617,49.69421],[5.247,49.68671],[5.2284,49.6913],[5.21801,49.68769],[5.20569,49.69635],[5.16438,49.69339],[5.16595,49.7118],[5.15343,49.71885]]]]}},{"type":"Feature","properties":{"refnis":85024},"geometry":{"type":"MultiPolygon","coordinates":[[[[5.37586,49.62308],[5.39336,49.61833],[5.40567,49.62914],[5.41652,49.62957],[5.42684,49.63122],[5.44634,49.63992],[5.45044,49.6341],[5.47314,49.6312],[5.48244,49.63379],[5.48652,49.62729],[5.49387,49.63339],[5.51761,49.63479],[5.5251,49.63112],[5.53147,49.61937],[5.5224,49.61595],[5.52231,49.60992],[5.53279,49.60846],[5.52827,49.59283],[5.51371,49.57943],[5.51192,49.56895],[5.50369,49.57023],[5.49718,49.56778],[5.49271,49.57492],[5.48363,49.57292],[5.48356,49.56618],[5.45703,49.56698],[5.43765,49.56992],[5.42886,49.59024],[5.41119,49.60827],[5.39807,49.61583],[5.37586,49.62308]]]]}},{"type":"Feature","properties":{"refnis":85026},"geometry":{"type":"MultiPolygon","coordinates":[[[[5.63348,49.54541],[5.62714,49.55886],[5.63961,49.56506],[5.64395,49.57333],[5.62062,49.59429],[5.62459,49.60276],[5.62287,49.59789],[5.6455,49.5881],[5.65396,49.5907],[5.66959,49.58649],[5.68193,49.59099],[5.67722,49.59802],[5.69293,49.6074],[5.69507,49.60269],[5.70504,49.60649],[5.70739,49.58776],[5.70437,49.58176],[5.72117,49.57684],[5.73232,49.58141],[5.72781,49.56892],[5.72906,49.54972],[5.73465,49.54572],[5.715,49.53913],[5.70058,49.53982],[5.69085,49.54619],[5.66926,49.54825],[5.66438,49.55294],[5.64264,49.55036],[5.63348,49.54541]]]]}},{"type":"Feature","properties":{"refnis":85034},"geometry":{"type":"MultiPolygon","coordinates":[[[[5.73793,49.62374],[5.72859,49.61176],[5.71758,49.60797],[5.70447,49.61046],[5.70504,49.60649],[5.69507,49.60269],[5.69293,49.6074],[5.67722,49.59802],[5.68193,49.59099],[5.66959,49.58649],[5.65396,49.5907],[5.6455,49.5881],[5.62287,49.59789],[5.62459,49.60276],[5.61609,49.6104],[5.61842,49.61793],[5.63084,49.61921],[5.62908,49.62687],[5.645,49.63162],[5.64146,49.63982],[5.65041,49.64505],[5.6729,49.63105],[5.69363,49.64579],[5.70588,49.6458],[5.71298,49.64144],[5.73533,49.64096],[5.73951,49.6358],[5.73793,49.62374]]]]}},{"type":"Feature","properties":{"refnis":85039},"geometry":{"type":"MultiPolygon","coordinates":[[[[5.53147,49.61937],[5.5251,49.63112],[5.51761,49.63479],[5.49387,49.63339],[5.48652,49.62729],[5.48244,49.63379],[5.47314,49.6312],[5.45044,49.6341],[5.44634,49.63992],[5.42684,49.63122],[5.41652,49.62957],[5.42474,49.64714],[5.41644,49.66103],[5.43422,49.66098],[5.43915,49.66722],[5.44929,49.66854],[5.44866,49.69026],[5.46099,49.69123],[5.46867,49.70383],[5.48058,49.7052],[5.48033,49.71171],[5.46965,49.71661],[5.46224,49.72586],[5.44724,49.72823],[5.45755,49.74433],[5.43008,49.75932],[5.41734,49.76358],[5.42737,49.76761],[5.42439,49.77284],[5.43225,49.78193],[5.43997,49.78358],[5.44799,49.78141],[5.45011,49.77326],[5.46819,49.7567],[5.47823,49.7519],[5.48281,49.7436],[5.50093,49.7344],[5.51011,49.72489],[5.51245,49.71666],[5.5285,49.70102],[5.52854,49.69985],[5.5441,49.69357],[5.55664,49.68355],[5.54576,49.67556],[5.5502,49.66984],[5.54766,49.6575],[5.53283,49.65719],[5.53276,49.64544],[5.53865,49.63122],[5.53147,49.61937]]]]}},{"type":"Feature","properties":{"refnis":85045},"geometry":{"type":"MultiPolygon","coordinates":[[[[5.53353,49.51324],[5.52133,49.51326],[5.50834,49.54012],[5.50815,49.54854],[5.50098,49.55235],[5.50966,49.56319],[5.50278,49.56126],[5.50369,49.57023],[5.51192,49.56895],[5.51371,49.57943],[5.52827,49.59283],[5.53279,49.60846],[5.52231,49.60992],[5.5224,49.61595],[5.53147,49.61937],[5.53865,49.63122],[5.55104,49.62456],[5.57433,49.62098],[5.57324,49.63792],[5.58583,49.63835],[5.59346,49.62724],[5.60952,49.62367],[5.62908,49.62687],[5.63084,49.61921],[5.61842,49.61793],[5.61609,49.6104],[5.62459,49.60276],[5.62062,49.59429],[5.64395,49.57333],[5.63961,49.56506],[5.62714,49.55886],[5.63348,49.54541],[5.61564,49.52721],[5.62149,49.51964],[5.61105,49.50597],[5.60395,49.50873],[5.59888,49.51857],[5.57126,49.52798],[5.55665,49.5292],[5.54559,49.52374],[5.54109,49.51521],[5.53353,49.51324]]]]}},{"type":"Feature","properties":{"refnis":85046},"geometry":{"type":"MultiPolygon","coordinates":[[[[5.70922,49.70751],[5.69943,49.7131],[5.69243,49.70466],[5.69321,49.6954],[5.67854,49.68734],[5.66142,49.69052],[5.63885,49.69004],[5.62072,49.69454],[5.59909,49.6966],[5.59887,49.71002],[5.5897,49.71146],[5.56601,49.70856],[5.5285,49.70102],[5.51245,49.71666],[5.51011,49.72489],[5.50093,49.7344],[5.5102,49.74331],[5.53776,49.74551],[5.54586,49.74309],[5.56652,49.7645],[5.56473,49.7754],[5.58888,49.77451],[5.59386,49.77122],[5.62238,49.77999],[5.63149,49.77287],[5.63978,49.77364],[5.64814,49.76734],[5.65445,49.7778],[5.66899,49.78356],[5.68476,49.78245],[5.69776,49.77596],[5.71208,49.77536],[5.71311,49.76995],[5.70412,49.7561],[5.69335,49.75411],[5.68539,49.74425],[5.67642,49.74144],[5.68596,49.72848],[5.69826,49.72255],[5.70922,49.70751]]]]}},{"type":"Feature","properties":{"refnis":85047},"geometry":{"type":"MultiPolygon","coordinates":[[[[5.45703,49.56698],[5.48356,49.56618],[5.48363,49.57292],[5.49271,49.57492],[5.49718,49.56778],[5.50369,49.57023],[5.50278,49.56126],[5.50966,49.56319],[5.50098,49.55235],[5.50815,49.54854],[5.50834,49.54012],[5.52133,49.51326],[5.53353,49.51324],[5.49953,49.50653],[5.48385,49.50742],[5.47421,49.49726],[5.46508,49.49882],[5.46593,49.50885],[5.4475,49.51794],[5.46705,49.52589],[5.46534,49.53893],[5.44139,49.55228],[5.45703,49.56698]]]]}},{"type":"Feature","properties":{"refnis":91005},"geometry":{"type":"MultiPolygon","coordinates":[[[[4.88393,50.28605],[4.86619,50.28183],[4.86036,50.28527],[4.85879,50.29729],[4.83883,50.29974],[4.83173,50.28476],[4.82552,50.28492],[4.81443,50.29797],[4.82125,50.30168],[4.8042,50.30311],[4.80298,50.31106],[4.79672,50.31019],[4.79572,50.29866],[4.78399,50.28807],[4.76639,50.29388],[4.76012,50.29144],[4.75753,50.28235],[4.74296,50.28027],[4.73211,50.29386],[4.7378,50.30647],[4.72947,50.30643],[4.72928,50.31554],[4.73694,50.3309],[4.75668,50.34351],[4.79342,50.34275],[4.79054,50.35646],[4.81627,50.35329],[4.81983,50.35848],[4.83226,50.36125],[4.84373,50.35935],[4.85024,50.35168],[4.862,50.35103],[4.85443,50.34649],[4.8697,50.33756],[4.87766,50.31531],[4.89508,50.30411],[4.89561,50.29403],[4.883,50.29221],[4.88393,50.28605]]]]}},{"type":"Feature","properties":{"refnis":91013},"geometry":{"type":"MultiPolygon","coordinates":[[[[4.87759,50.15371],[4.89734,50.16107],[4.92566,50.16382],[4.92825,50.15022],[4.93328,50.14389],[4.95634,50.13509],[4.9539,50.15088],[4.96363,50.1542],[5.00063,50.15745],[5.00512,50.14663],[5.03351,50.13222],[5.05208,50.14534],[5.07361,50.13546],[5.07764,50.12376],[5.06608,50.13016],[5.06571,50.12279],[5.05498,50.09942],[5.05457,50.08164],[5.06093,50.08026],[5.05371,50.06717],[5.04208,50.06154],[5.04147,50.05312],[5.01098,50.03798],[5.00099,50.04443],[4.99477,50.04281],[4.99421,50.03257],[4.98818,50.02721],[4.97303,50.02889],[4.96369,50.02876],[4.94209,50.02204],[4.9342,50.0235],[4.95445,50.03763],[4.96115,50.03914],[4.96555,50.04775],[4.92709,50.04466],[4.919,50.05165],[4.90182,50.04706],[4.89304,50.0372],[4.8783,50.04064],[4.85755,50.03533],[4.84868,50.04397],[4.84176,50.04245],[4.82673,50.05111],[4.82958,50.05645],[4.81905,50.06123],[4.81989,50.06604],[4.83813,50.06724],[4.84694,50.08359],[4.83741,50.09321],[4.85849,50.10013],[4.86042,50.09299],[4.87232,50.08776],[4.87586,50.0944],[4.86887,50.09802],[4.87323,50.10963],[4.86722,50.11815],[4.87111,50.12494],[4.89702,50.13793],[4.88138,50.14123],[4.87759,50.15371]]]]}},{"type":"Feature","properties":{"refnis":91015},"geometry":{"type":"MultiPolygon","coordinates":[[[[4.9813,49.84288],[4.97375,49.85191],[4.9786,49.85642],[4.95407,49.87633],[4.93406,49.88383],[4.93363,49.89535],[4.95315,49.91099],[4.94306,49.91695],[4.94914,49.92422],[4.96725,49.93472],[4.97397,49.93362],[4.97627,49.94477],[4.99501,49.95178],[4.99826,49.95792],[4.99346,49.96619],[5.00922,49.97267],[4.99583,49.97681],[4.99164,49.98806],[4.99709,49.99831],[4.98555,50.012],[4.99047,50.01625],[4.99809,50.01239],[4.99479,50.00672],[5.00977,49.99715],[5.0083,49.9815],[5.01915,49.97766],[5.04471,49.98194],[5.05099,49.98638],[5.06692,49.98185],[5.06759,49.97358],[5.09178,49.96136],[5.09967,49.96152],[5.10273,49.94726],[5.09831,49.93712],[5.11282,49.92026],[5.0983,49.92052],[5.08301,49.91346],[5.07209,49.91248],[5.06546,49.90207],[5.04706,49.89719],[5.0482,49.88818],[5.06246,49.88649],[5.04754,49.87846],[5.03738,49.873],[5.02066,49.87297],[5.02567,49.86546],[5.01243,49.85799],[4.98948,49.85285],[4.9813,49.84288]]]]}},{"type":"Feature","properties":{"refnis":91030},"geometry":{"type":"MultiPolygon","coordinates":[[[[5.04234,50.24968],[5.04794,50.25473],[5.00256,50.3],[5.02388,50.31265],[5.01579,50.31379],[5.02474,50.3231],[5.02284,50.33282],[5.03398,50.34038],[5.03462,50.33147],[5.04726,50.31687],[5.0598,50.32721],[5.08,50.33531],[5.08995,50.32417],[5.09415,50.32661],[5.10182,50.31594],[5.10395,50.32126],[5.12719,50.31227],[5.13881,50.31363],[5.15034,50.30962],[5.1643,50.31033],[5.17872,50.29971],[5.18853,50.30003],[5.21393,50.29055],[5.21803,50.28348],[5.23036,50.28264],[5.21842,50.26985],[5.21991,50.26142],[5.23395,50.26528],[5.24275,50.25707],[5.25644,50.25352],[5.25939,50.24225],[5.25509,50.23992],[5.25201,50.2382],[5.25871,50.2274],[5.23462,50.22161],[5.22859,50.22779],[5.21869,50.22365],[5.21374,50.23362],[5.18398,50.23439],[5.177,50.23846],[5.1553,50.22761],[5.15601,50.22167],[5.1364,50.2127],[5.09882,50.21041],[5.08851,50.21356],[5.07018,50.22873],[5.05419,50.22565],[5.03787,50.24004],[5.04234,50.24968]]]]}},{"type":"Feature","properties":{"refnis":91034},"geometry":{"type":"MultiPolygon","coordinates":[[[[4.85986,50.18112],[4.85442,50.18562],[4.85973,50.19577],[4.86868,50.19855],[4.87321,50.21595],[4.88664,50.21812],[4.89243,50.22285],[4.88875,50.23906],[4.90056,50.24479],[4.88135,50.24653],[4.88519,50.25014],[4.8722,50.2551],[4.88058,50.26074],[4.86913,50.26756],[4.88407,50.27379],[4.89346,50.27158],[4.88969,50.28257],[4.88393,50.28605],[4.883,50.29221],[4.89561,50.29403],[4.89688,50.28888],[4.91821,50.2909],[4.92499,50.29769],[4.93979,50.30368],[4.95371,50.30452],[4.96851,50.29829],[4.99819,50.30177],[5.00256,50.3],[5.04794,50.25473],[5.04234,50.24968],[5.02307,50.24709],[5.01549,50.25063],[4.99782,50.24606],[5.00168,50.2276],[4.99442,50.22528],[4.98393,50.23269],[4.97063,50.2273],[4.96514,50.20449],[4.96136,50.21558],[4.94879,50.21072],[4.95074,50.22148],[4.93137,50.21681],[4.93718,50.20574],[4.91011,50.18046],[4.88965,50.18233],[4.85986,50.18112]]]]}},{"type":"Feature","properties":{"refnis":91054},"geometry":{"type":"MultiPolygon","coordinates":[[[[4.84176,50.04245],[4.84868,50.04397],[4.85755,50.03533],[4.8783,50.04064],[4.89304,50.0372],[4.90182,50.04706],[4.919,50.05165],[4.92709,50.04466],[4.96555,50.04775],[4.96115,50.03914],[4.95445,50.03763],[4.9342,50.0235],[4.94209,50.02204],[4.96369,50.02876],[4.97303,50.02889],[4.99047,50.01625],[4.98555,50.012],[4.99709,49.99831],[4.99164,49.98806],[4.99583,49.97681],[5.00922,49.97267],[4.99346,49.96619],[4.99826,49.95792],[4.99501,49.95178],[4.97627,49.94477],[4.97397,49.93362],[4.96725,49.93472],[4.94914,49.92422],[4.94306,49.91695],[4.93769,49.92354],[4.92066,49.92401],[4.91411,49.93113],[4.89124,49.92344],[4.87576,49.9248],[4.85909,49.93149],[4.84707,49.94907],[4.83014,49.94912],[4.81387,49.9542],[4.79125,49.958],[4.79333,49.9818],[4.80724,49.98397],[4.81944,49.99507],[4.8163,50.00277],[4.82119,50.01071],[4.81741,50.0153],[4.81991,50.026],[4.83016,50.03399],[4.8411,50.03754],[4.84176,50.04245]]]]}},{"type":"Feature","properties":{"refnis":91059},"geometry":{"type":"MultiPolygon","coordinates":[[[[5.03398,50.34038],[5.0247,50.35306],[5.04986,50.36371],[5.06972,50.35133],[5.10089,50.36469],[5.09214,50.37047],[5.09722,50.3733],[5.1162,50.38125],[5.11973,50.378],[5.12997,50.38351],[5.13239,50.37651],[5.15633,50.36845],[5.16824,50.36889],[5.1821,50.35695],[5.1922,50.35789],[5.20728,50.35025],[5.21411,50.34265],[5.20893,50.33993],[5.22017,50.32698],[5.21089,50.32039],[5.22718,50.3225],[5.23664,50.31304],[5.23199,50.31028],[5.23845,50.30319],[5.23259,50.29488],[5.21393,50.29055],[5.18853,50.30003],[5.17872,50.29971],[5.1643,50.31033],[5.15034,50.30962],[5.13881,50.31363],[5.12719,50.31227],[5.10395,50.32126],[5.10182,50.31594],[5.09415,50.32661],[5.08995,50.32417],[5.08,50.33531],[5.0598,50.32721],[5.04726,50.31687],[5.03462,50.33147],[5.03398,50.34038]]]]}},{"type":"Feature","properties":{"refnis":91064},"geometry":{"type":"MultiPolygon","coordinates":[[[[5.23259,50.29488],[5.23845,50.30319],[5.23199,50.31028],[5.23664,50.31304],[5.22718,50.3225],[5.21089,50.32039],[5.22017,50.32698],[5.20893,50.33993],[5.21411,50.34265],[5.20728,50.35025],[5.1922,50.35789],[5.1821,50.35695],[5.16824,50.36889],[5.15633,50.36845],[5.13239,50.37651],[5.12997,50.38351],[5.13821,50.38899],[5.13225,50.39755],[5.14364,50.4048],[5.15129,50.40786],[5.17123,50.40027],[5.18394,50.40509],[5.19046,50.39872],[5.20331,50.39914],[5.19942,50.41155],[5.21185,50.41086],[5.22118,50.41728],[5.23693,50.40302],[5.2539,50.40029],[5.26002,50.40342],[5.28741,50.39451],[5.27915,50.38929],[5.28105,50.37824],[5.29717,50.36495],[5.31904,50.37303],[5.34645,50.38651],[5.35329,50.36242],[5.36177,50.35009],[5.35281,50.33887],[5.34522,50.33907],[5.3312,50.33209],[5.31976,50.34149],[5.30995,50.33681],[5.3097,50.32606],[5.31567,50.32129],[5.30127,50.31561],[5.30032,50.30931],[5.28492,50.30877],[5.266,50.31301],[5.26503,50.30733],[5.25371,50.30101],[5.23259,50.29488]]]]}},{"type":"Feature","properties":{"refnis":91072},"geometry":{"type":"MultiPolygon","coordinates":[[[[4.87166,50.15361],[4.85601,50.17052],[4.85986,50.18112],[4.88965,50.18233],[4.91011,50.18046],[4.93718,50.20574],[4.93137,50.21681],[4.95074,50.22148],[4.94879,50.21072],[4.96136,50.21558],[4.96514,50.20449],[4.97063,50.2273],[4.98393,50.23269],[4.99442,50.22528],[5.00168,50.2276],[4.99782,50.24606],[5.01549,50.25063],[5.02307,50.24709],[5.04234,50.24968],[5.03787,50.24004],[5.05419,50.22565],[5.07018,50.22873],[5.08851,50.21356],[5.08099,50.21031],[5.08379,50.20375],[5.07692,50.19697],[5.09489,50.20169],[5.10381,50.19285],[5.11102,50.19405],[5.11989,50.17963],[5.11048,50.1755],[5.11269,50.16424],[5.07915,50.16434],[5.07266,50.17681],[5.05531,50.17132],[5.06736,50.16442],[5.07043,50.15562],[5.08272,50.14639],[5.08503,50.13736],[5.07361,50.13546],[5.05208,50.14534],[5.03351,50.13222],[5.00512,50.14663],[5.00063,50.15745],[4.96363,50.1542],[4.9539,50.15088],[4.95634,50.13509],[4.93328,50.14389],[4.92825,50.15022],[4.92566,50.16382],[4.89734,50.16107],[4.87759,50.15371],[4.87166,50.15361]]]]}},{"type":"Feature","properties":{"refnis":91103},"geometry":{"type":"MultiPolygon","coordinates":[[[[4.77059,50.21551],[4.76262,50.21593],[4.76856,50.22461],[4.74825,50.22273],[4.75131,50.22964],[4.74687,50.24391],[4.73649,50.24959],[4.76205,50.26772],[4.76569,50.27495],[4.7532,50.27518],[4.75753,50.28235],[4.76012,50.29144],[4.76639,50.29388],[4.78399,50.28807],[4.79572,50.29866],[4.79672,50.31019],[4.80298,50.31106],[4.8042,50.30311],[4.82125,50.30168],[4.81443,50.29797],[4.82552,50.28492],[4.83173,50.28476],[4.83883,50.29974],[4.85879,50.29729],[4.86036,50.28527],[4.86619,50.28183],[4.88393,50.28605],[4.88969,50.28257],[4.89346,50.27158],[4.88407,50.27379],[4.86913,50.26756],[4.88058,50.26074],[4.8722,50.2551],[4.88519,50.25014],[4.88135,50.24653],[4.87114,50.23984],[4.85861,50.23813],[4.84914,50.22689],[4.83332,50.22139],[4.81075,50.22464],[4.80473,50.23935],[4.79392,50.23966],[4.79413,50.23342],[4.78538,50.2227],[4.77059,50.21551]]]]}},{"type":"Feature","properties":{"refnis":91114},"geometry":{"type":"MultiPolygon","coordinates":[[[[5.07361,50.13546],[5.08503,50.13736],[5.08272,50.14639],[5.07043,50.15562],[5.06736,50.16442],[5.05531,50.17132],[5.07266,50.17681],[5.07915,50.16434],[5.11269,50.16424],[5.11048,50.1755],[5.11989,50.17963],[5.11102,50.19405],[5.10381,50.19285],[5.09489,50.20169],[5.07692,50.19697],[5.08379,50.20375],[5.08099,50.21031],[5.08851,50.21356],[5.09882,50.21041],[5.1364,50.2127],[5.15601,50.22167],[5.1553,50.22761],[5.177,50.23846],[5.18398,50.23439],[5.21374,50.23362],[5.21869,50.22365],[5.20657,50.21578],[5.23175,50.21498],[5.24597,50.20398],[5.23461,50.19589],[5.24911,50.19118],[5.24277,50.18727],[5.26669,50.16828],[5.27236,50.15922],[5.28068,50.15885],[5.28402,50.14997],[5.24231,50.1342],[5.2473,50.12716],[5.25384,50.12817],[5.27011,50.11762],[5.26335,50.10861],[5.23644,50.11018],[5.22666,50.10767],[5.22687,50.10218],[5.20018,50.09679],[5.18863,50.1008],[5.15838,50.10034],[5.15272,50.09441],[5.13648,50.09439],[5.12324,50.09972],[5.09503,50.09494],[5.07156,50.09359],[5.06032,50.10764],[5.06815,50.11736],[5.06571,50.12279],[5.06608,50.13016],[5.07764,50.12376],[5.07361,50.13546]]]]}},{"type":"Feature","properties":{"refnis":91120},"geometry":{"type":"MultiPolygon","coordinates":[[[[5.21393,50.29055],[5.23259,50.29488],[5.25371,50.30101],[5.26503,50.30733],[5.266,50.31301],[5.28492,50.30877],[5.30032,50.30931],[5.30127,50.31561],[5.31567,50.32129],[5.3097,50.32606],[5.30995,50.33681],[5.31976,50.34149],[5.3312,50.33209],[5.34522,50.33907],[5.35281,50.33887],[5.36177,50.35009],[5.35329,50.36242],[5.34645,50.38651],[5.35854,50.38726],[5.36836,50.37986],[5.38256,50.38681],[5.39294,50.37944],[5.40294,50.3676],[5.38107,50.35188],[5.3847,50.34494],[5.3932,50.34267],[5.39579,50.33553],[5.37694,50.32681],[5.35064,50.32103],[5.34238,50.31583],[5.34741,50.30495],[5.3651,50.31835],[5.38658,50.31662],[5.39502,50.28747],[5.37542,50.27847],[5.35884,50.27528],[5.33118,50.25439],[5.3123,50.24508],[5.29395,50.23901],[5.28316,50.24904],[5.27698,50.24422],[5.25509,50.23992],[5.25939,50.24225],[5.25644,50.25352],[5.24275,50.25707],[5.23395,50.26528],[5.21991,50.26142],[5.21842,50.26985],[5.23036,50.28264],[5.21803,50.28348],[5.21393,50.29055]]]]}},{"type":"Feature","properties":{"refnis":91141},"geometry":{"type":"MultiPolygon","coordinates":[[[[5.00256,50.3],[4.99819,50.30177],[4.96851,50.29829],[4.95371,50.30452],[4.93979,50.30368],[4.92499,50.29769],[4.91821,50.2909],[4.89688,50.28888],[4.89561,50.29403],[4.89508,50.30411],[4.87766,50.31531],[4.8697,50.33756],[4.85443,50.34649],[4.862,50.35103],[4.87704,50.35314],[4.87353,50.35989],[4.89566,50.36411],[4.90054,50.35823],[4.91216,50.35843],[4.91703,50.34737],[4.90945,50.33925],[4.9188,50.33723],[4.93894,50.34171],[4.9493,50.34121],[4.9924,50.3456],[4.99377,50.35029],[5.01334,50.35076],[5.02284,50.33282],[5.02474,50.3231],[5.01579,50.31379],[5.02388,50.31265],[5.00256,50.3]]]]}},{"type":"Feature","properties":{"refnis":91142},"geometry":{"type":"MultiPolygon","coordinates":[[[[4.79637,50.14829],[4.76871,50.15088],[4.76495,50.15682],[4.75236,50.1618],[4.75693,50.1681],[4.77574,50.16795],[4.79945,50.17841],[4.78377,50.186],[4.78113,50.20105],[4.78738,50.20389],[4.77059,50.21551],[4.78538,50.2227],[4.79413,50.23342],[4.79392,50.23966],[4.80473,50.23935],[4.81075,50.22464],[4.83332,50.22139],[4.84914,50.22689],[4.85861,50.23813],[4.87114,50.23984],[4.88135,50.24653],[4.90056,50.24479],[4.88875,50.23906],[4.89243,50.22285],[4.88664,50.21812],[4.87321,50.21595],[4.86868,50.19855],[4.85973,50.19577],[4.85442,50.18562],[4.85986,50.18112],[4.85601,50.17052],[4.87166,50.15361],[4.83242,50.15323],[4.82394,50.16178],[4.82419,50.1693],[4.80652,50.15268],[4.79637,50.14829]]]]}},{"type":"Feature","properties":{"refnis":91143},"geometry":{"type":"MultiPolygon","coordinates":[[[[4.87576,49.9248],[4.89124,49.92344],[4.91411,49.93113],[4.92066,49.92401],[4.93769,49.92354],[4.94306,49.91695],[4.95315,49.91099],[4.93363,49.89535],[4.93406,49.88383],[4.95407,49.87633],[4.9786,49.85642],[4.97375,49.85191],[4.9813,49.84288],[4.98543,49.8385],[4.98429,49.82671],[4.98802,49.82042],[4.96919,49.81064],[4.96881,49.80159],[4.94738,49.799],[4.94289,49.79049],[4.93094,49.78702],[4.92038,49.78873],[4.90867,49.78571],[4.88787,49.78822],[4.86994,49.79356],[4.87134,49.78931],[4.85162,49.79345],[4.86309,49.8019],[4.86528,49.8133],[4.87594,49.81706],[4.86901,49.82301],[4.86717,49.84206],[4.85749,49.84192],[4.8518,49.85269],[4.85077,49.86549],[4.8595,49.86526],[4.87764,49.89455],[4.8855,49.89693],[4.87792,49.90482],[4.89017,49.90889],[4.87576,49.9248]]]]}},{"type":"Feature","properties":{"refnis":92003},"geometry":{"type":"MultiPolygon","coordinates":[[[[4.96666,50.45161],[4.96186,50.45463],[4.9702,50.4639],[4.96227,50.47091],[4.97497,50.4772],[4.98325,50.48687],[4.98231,50.5],[4.9647,50.5069],[4.97216,50.51045],[4.99521,50.51578],[5.00958,50.51098],[5.02834,50.51818],[5.02549,50.52313],[5.03438,50.53177],[5.09236,50.5293],[5.09477,50.51517],[5.10144,50.50842],[5.11859,50.50378],[5.14218,50.51214],[5.1446,50.50872],[5.12898,50.50266],[5.13425,50.48885],[5.15956,50.48719],[5.14931,50.48246],[5.16395,50.46761],[5.14447,50.4608],[5.12741,50.45916],[5.11883,50.45277],[5.1004,50.44754],[5.08667,50.4588],[5.07192,50.46242],[5.06633,50.45786],[5.03182,50.45724],[5.01482,50.45107],[4.99474,50.45607],[4.98322,50.45208],[4.96666,50.45161]]]]}},{"type":"Feature","properties":{"refnis":92006},"geometry":{"type":"MultiPolygon","coordinates":[[[[5.02284,50.33282],[5.01334,50.35076],[4.99377,50.35029],[4.9924,50.3456],[4.9493,50.34121],[4.93894,50.34171],[4.9188,50.33723],[4.90945,50.33925],[4.91703,50.34737],[4.91216,50.35843],[4.90054,50.35823],[4.89566,50.36411],[4.91076,50.36804],[4.91921,50.38754],[4.92379,50.39572],[4.93432,50.39656],[4.94363,50.406],[4.9434,50.41719],[4.95534,50.4097],[4.97542,50.41854],[4.98226,50.40953],[5.00785,50.41019],[5.01573,50.41727],[5.02542,50.41051],[5.04851,50.38749],[5.06901,50.39337],[5.07704,50.38572],[5.09067,50.39243],[5.0971,50.38577],[5.09286,50.37688],[5.09722,50.3733],[5.09214,50.37047],[5.10089,50.36469],[5.06972,50.35133],[5.04986,50.36371],[5.0247,50.35306],[5.03398,50.34038],[5.02284,50.33282]]]]}},{"type":"Feature","properties":{"refnis":92035},"geometry":{"type":"MultiPolygon","coordinates":[[[[4.89596,50.52665],[4.88803,50.53473],[4.88359,50.53078],[4.87248,50.53448],[4.87613,50.54301],[4.85781,50.54664],[4.83853,50.5539],[4.83301,50.54535],[4.8281,50.55933],[4.81804,50.55373],[4.79655,50.57306],[4.79058,50.572],[4.78654,50.57636],[4.79347,50.58299],[4.80707,50.58515],[4.7883,50.60211],[4.81701,50.60935],[4.83951,50.60987],[4.85243,50.61539],[4.88864,50.62199],[4.90065,50.6225],[4.90014,50.62881],[4.91472,50.62587],[4.92929,50.6274],[4.94102,50.63605],[4.9411,50.64328],[4.96522,50.64844],[4.97889,50.63956],[4.98336,50.64227],[4.9898,50.63674],[4.9819,50.63452],[4.98794,50.62584],[4.9793,50.61859],[4.96373,50.60565],[4.97149,50.59643],[4.98617,50.59606],[4.98124,50.58325],[4.97145,50.58922],[4.95656,50.58113],[4.93057,50.55987],[4.93988,50.53707],[4.91896,50.52606],[4.90452,50.53111],[4.89596,50.52665]]]]}},{"type":"Feature","properties":{"refnis":92045},"geometry":{"type":"MultiPolygon","coordinates":[[[[4.82887,50.41112],[4.79913,50.39305],[4.78569,50.40563],[4.76007,50.40791],[4.75401,50.41255],[4.73166,50.42005],[4.71948,50.41276],[4.71462,50.41856],[4.6953,50.42811],[4.70352,50.44304],[4.71354,50.45135],[4.71618,50.46223],[4.71179,50.46722],[4.73304,50.47211],[4.73392,50.46618],[4.75031,50.46492],[4.77045,50.46966],[4.79101,50.44887],[4.78353,50.42773],[4.78456,50.41464],[4.80045,50.41397],[4.82239,50.42399],[4.82887,50.41112]]]]}},{"type":"Feature","properties":{"refnis":92048},"geometry":{"type":"MultiPolygon","coordinates":[[[[4.58415,50.3639],[4.5937,50.3743],[4.59168,50.37957],[4.60574,50.38276],[4.60547,50.38683],[4.5838,50.39805],[4.60366,50.40284],[4.6079,50.40864],[4.61306,50.40038],[4.62791,50.40624],[4.65024,50.42183],[4.66028,50.4169],[4.67013,50.42093],[4.68205,50.42198],[4.6953,50.42811],[4.71462,50.41856],[4.71948,50.41276],[4.73166,50.42005],[4.75401,50.41255],[4.76007,50.40791],[4.78569,50.40563],[4.79913,50.39305],[4.77682,50.39119],[4.75566,50.38596],[4.74098,50.37967],[4.71463,50.37773],[4.7047,50.37171],[4.68598,50.37066],[4.67274,50.3619],[4.64434,50.36838],[4.62872,50.36635],[4.62822,50.35835],[4.61437,50.36169],[4.60768,50.3585],[4.60599,50.36613],[4.59611,50.36861],[4.58415,50.3639]]]]}},{"type":"Feature","properties":{"refnis":92054},"geometry":{"type":"MultiPolygon","coordinates":[[[[5.09722,50.3733],[5.09286,50.37688],[5.0971,50.38577],[5.09067,50.39243],[5.07704,50.38572],[5.06901,50.39337],[5.04851,50.38749],[5.02542,50.41051],[5.01573,50.41727],[5.00785,50.41019],[4.98226,50.40953],[4.97542,50.41854],[4.96853,50.4258],[4.97622,50.43133],[4.95848,50.44225],[4.96707,50.44223],[4.96666,50.45161],[4.98322,50.45208],[4.99474,50.45607],[5.01482,50.45107],[5.03182,50.45724],[5.06633,50.45786],[5.07192,50.46242],[5.08667,50.4588],[5.1004,50.44754],[5.10622,50.43847],[5.07622,50.42742],[5.09474,50.42017],[5.10394,50.42105],[5.12077,50.40689],[5.12975,50.41345],[5.14364,50.4048],[5.13225,50.39755],[5.13821,50.38899],[5.12997,50.38351],[5.11973,50.378],[5.1162,50.38125],[5.09722,50.3733]]]]}},{"type":"Feature","properties":{"refnis":92087},"geometry":{"type":"MultiPolygon","coordinates":[[[[4.7532,50.27518],[4.73293,50.27509],[4.70504,50.27819],[4.70149,50.27185],[4.68382,50.27086],[4.68235,50.2666],[4.66287,50.26407],[4.6404,50.26777],[4.64168,50.27679],[4.59921,50.27536],[4.62075,50.29612],[4.5852,50.28826],[4.59147,50.301],[4.58846,50.3213],[4.59389,50.32675],[4.59363,50.33969],[4.58236,50.34164],[4.58874,50.34978],[4.58256,50.35495],[4.58415,50.3639],[4.59611,50.36861],[4.60599,50.36613],[4.60768,50.3585],[4.61437,50.36169],[4.62822,50.35835],[4.62872,50.36635],[4.64434,50.36838],[4.67274,50.3619],[4.68598,50.37066],[4.7047,50.37171],[4.71463,50.37773],[4.74098,50.37967],[4.75446,50.37882],[4.75095,50.37056],[4.76791,50.35926],[4.75673,50.35632],[4.75668,50.34351],[4.73694,50.3309],[4.72928,50.31554],[4.72947,50.30643],[4.7378,50.30647],[4.73211,50.29386],[4.74296,50.28027],[4.75753,50.28235],[4.7532,50.27518]]]]}},{"type":"Feature","properties":{"refnis":92094},"geometry":{"type":"MultiPolygon","coordinates":[[[[4.91921,50.38754],[4.90274,50.38977],[4.9057,50.39491],[4.88184,50.39717],[4.88031,50.39019],[4.85541,50.39076],[4.8394,50.40166],[4.83791,50.40815],[4.82887,50.41112],[4.82239,50.42399],[4.80045,50.41397],[4.78456,50.41464],[4.78353,50.42773],[4.79101,50.44887],[4.77045,50.46966],[4.75031,50.46492],[4.73392,50.46618],[4.73304,50.47211],[4.72453,50.47807],[4.72443,50.49669],[4.74851,50.50657],[4.758,50.50775],[4.76459,50.50822],[4.77619,50.49496],[4.80488,50.49733],[4.82556,50.48714],[4.83816,50.49708],[4.83461,50.50358],[4.85515,50.50871],[4.86029,50.5152],[4.85235,50.52157],[4.87791,50.5271],[4.88226,50.5212],[4.89596,50.52665],[4.90452,50.53111],[4.91896,50.52606],[4.91871,50.51856],[4.93233,50.51604],[4.91966,50.51101],[4.93778,50.50491],[4.94269,50.51673],[4.95312,50.52259],[4.96745,50.51653],[4.97216,50.51045],[4.9647,50.5069],[4.98231,50.5],[4.98325,50.48687],[4.97497,50.4772],[4.96227,50.47091],[4.9702,50.4639],[4.96186,50.45463],[4.96666,50.45161],[4.96707,50.44223],[4.95848,50.44225],[4.97622,50.43133],[4.96853,50.4258],[4.97542,50.41854],[4.95534,50.4097],[4.9434,50.41719],[4.94363,50.406],[4.93432,50.39656],[4.92379,50.39572],[4.91921,50.38754]]]]}},{"type":"Feature","properties":{"refnis":92097},"geometry":{"type":"MultiPolygon","coordinates":[[[[5.22118,50.41728],[5.21185,50.41086],[5.19942,50.41155],[5.20331,50.39914],[5.19046,50.39872],[5.18394,50.40509],[5.17123,50.40027],[5.15129,50.40786],[5.14364,50.4048],[5.12975,50.41345],[5.12077,50.40689],[5.10394,50.42105],[5.09474,50.42017],[5.07622,50.42742],[5.10622,50.43847],[5.1004,50.44754],[5.11883,50.45277],[5.12741,50.45916],[5.14447,50.4608],[5.16395,50.46761],[5.17952,50.47597],[5.19687,50.47902],[5.20388,50.47372],[5.20994,50.45955],[5.22483,50.44238],[5.2362,50.43671],[5.23719,50.42703],[5.22118,50.41728]]]]}},{"type":"Feature","properties":{"refnis":92101},"geometry":{"type":"MultiPolygon","coordinates":[[[[4.89566,50.36411],[4.87353,50.35989],[4.87704,50.35314],[4.862,50.35103],[4.85024,50.35168],[4.84373,50.35935],[4.83226,50.36125],[4.81983,50.35848],[4.81627,50.35329],[4.79054,50.35646],[4.79342,50.34275],[4.75668,50.34351],[4.75673,50.35632],[4.76791,50.35926],[4.75095,50.37056],[4.75446,50.37882],[4.74098,50.37967],[4.75566,50.38596],[4.77682,50.39119],[4.79913,50.39305],[4.82887,50.41112],[4.83791,50.40815],[4.8394,50.40166],[4.85541,50.39076],[4.88031,50.39019],[4.88184,50.39717],[4.9057,50.39491],[4.90274,50.38977],[4.91921,50.38754],[4.91076,50.36804],[4.89566,50.36411]]]]}},{"type":"Feature","properties":{"refnis":92114},"geometry":{"type":"MultiPolygon","coordinates":[[[[4.64327,50.51263],[4.64431,50.51028],[4.62364,50.50529],[4.62556,50.49264],[4.59213,50.48422],[4.57893,50.49955],[4.56198,50.4893],[4.56379,50.49718],[4.55732,50.50553],[4.56311,50.50842],[4.56552,50.51965],[4.57968,50.5283],[4.57747,50.54236],[4.57515,50.56084],[4.59006,50.56344],[4.60209,50.56931],[4.61788,50.56957],[4.62134,50.56156],[4.62762,50.56432],[4.63205,50.55675],[4.62794,50.54882],[4.64509,50.54075],[4.63401,50.52854],[4.64327,50.51263]]]]}},{"type":"Feature","properties":{"refnis":92137},"geometry":{"type":"MultiPolygon","coordinates":[[[[4.6079,50.40864],[4.61343,50.43033],[4.60517,50.42642],[4.57826,50.43837],[4.57265,50.44214],[4.58407,50.44577],[4.57316,50.4535],[4.58456,50.45449],[4.60071,50.47667],[4.59213,50.48422],[4.62556,50.49264],[4.64338,50.47754],[4.63324,50.46653],[4.64475,50.44892],[4.66183,50.4427],[4.65827,50.44101],[4.67013,50.42093],[4.66028,50.4169],[4.65024,50.42183],[4.62791,50.40624],[4.61306,50.40038],[4.6079,50.40864]]]]}},{"type":"Feature","properties":{"refnis":92138},"geometry":{"type":"MultiPolygon","coordinates":[[[[4.91896,50.52606],[4.93988,50.53707],[4.93057,50.55987],[4.95656,50.58113],[4.97145,50.58922],[4.98124,50.58325],[4.98617,50.59606],[4.97149,50.59643],[4.96373,50.60565],[4.9793,50.61859],[5.00033,50.61041],[4.99906,50.60012],[5.01858,50.59081],[5.02867,50.5887],[5.03355,50.57058],[5.04857,50.56111],[5.0513,50.55543],[5.04644,50.55076],[5.05424,50.54112],[5.0383,50.53714],[5.03438,50.53177],[5.02549,50.52313],[5.02834,50.51818],[5.00958,50.51098],[4.99521,50.51578],[4.97216,50.51045],[4.96745,50.51653],[4.95312,50.52259],[4.94269,50.51673],[4.93778,50.50491],[4.91966,50.51101],[4.93233,50.51604],[4.91871,50.51856],[4.91896,50.52606]]]]}},{"type":"Feature","properties":{"refnis":92140},"geometry":{"type":"MultiPolygon","coordinates":[[[[4.73304,50.47211],[4.71179,50.46722],[4.71618,50.46223],[4.71354,50.45135],[4.70352,50.44304],[4.6953,50.42811],[4.68205,50.42198],[4.67013,50.42093],[4.65827,50.44101],[4.66183,50.4427],[4.64475,50.44892],[4.63324,50.46653],[4.64338,50.47754],[4.62556,50.49264],[4.62364,50.50529],[4.64431,50.51028],[4.64327,50.51263],[4.66001,50.51232],[4.66606,50.49959],[4.67999,50.50029],[4.699,50.50525],[4.72443,50.49669],[4.72453,50.47807],[4.73304,50.47211]]]]}},{"type":"Feature","properties":{"refnis":92141},"geometry":{"type":"MultiPolygon","coordinates":[[[[4.758,50.50775],[4.75512,50.51215],[4.76772,50.519],[4.75536,50.52644],[4.76198,50.5308],[4.74461,50.54398],[4.75389,50.54919],[4.75681,50.55853],[4.7757,50.56209],[4.79058,50.572],[4.79655,50.57306],[4.81804,50.55373],[4.8281,50.55933],[4.83301,50.54535],[4.83853,50.5539],[4.85781,50.54664],[4.87613,50.54301],[4.87248,50.53448],[4.88359,50.53078],[4.88803,50.53473],[4.89596,50.52665],[4.88226,50.5212],[4.87791,50.5271],[4.85235,50.52157],[4.86029,50.5152],[4.85515,50.50871],[4.83461,50.50358],[4.83816,50.49708],[4.82556,50.48714],[4.80488,50.49733],[4.77619,50.49496],[4.76459,50.50822],[4.758,50.50775]]]]}},{"type":"Feature","properties":{"refnis":92142},"geometry":{"type":"MultiPolygon","coordinates":[[[[4.72443,50.49669],[4.699,50.50525],[4.67999,50.50029],[4.66606,50.49959],[4.66001,50.51232],[4.64327,50.51263],[4.63401,50.52854],[4.64509,50.54075],[4.62794,50.54882],[4.63205,50.55675],[4.62762,50.56432],[4.64176,50.56499],[4.64487,50.5602],[4.66856,50.56577],[4.67312,50.5709],[4.66205,50.57647],[4.65683,50.58588],[4.65686,50.60146],[4.67262,50.60813],[4.69046,50.59945],[4.71203,50.59624],[4.70742,50.60399],[4.71415,50.60843],[4.73451,50.61065],[4.74537,50.60102],[4.74097,50.59798],[4.74883,50.58933],[4.76132,50.59772],[4.78276,50.60057],[4.79131,50.58956],[4.79701,50.59201],[4.7883,50.60211],[4.80707,50.58515],[4.79347,50.58299],[4.78654,50.57636],[4.79058,50.572],[4.7757,50.56209],[4.75681,50.55853],[4.75389,50.54919],[4.74461,50.54398],[4.76198,50.5308],[4.75536,50.52644],[4.76772,50.519],[4.75512,50.51215],[4.758,50.50775],[4.74851,50.50657],[4.72443,50.49669]]]]}},{"type":"Feature","properties":{"refnis":93010},"geometry":{"type":"MultiPolygon","coordinates":[[[[4.40044,50.12295],[4.38433,50.136],[4.38826,50.14523],[4.37595,50.1569],[4.36544,50.15687],[4.36158,50.17095],[4.39252,50.18087],[4.39744,50.18588],[4.38936,50.20049],[4.39752,50.21793],[4.39571,50.22561],[4.40096,50.23306],[4.39395,50.23332],[4.39611,50.23932],[4.41157,50.23717],[4.42329,50.23934],[4.42235,50.23378],[4.44202,50.2268],[4.44536,50.2298],[4.46807,50.22526],[4.471,50.21667],[4.48262,50.21725],[4.48746,50.20767],[4.49902,50.2004],[4.51887,50.2059],[4.51339,50.19883],[4.51445,50.18766],[4.50702,50.18634],[4.49659,50.17729],[4.49773,50.1718],[4.489,50.16528],[4.47645,50.13931],[4.4651,50.13456],[4.4463,50.13432],[4.44117,50.12965],[4.42253,50.12971],[4.40705,50.12177],[4.40044,50.12295]]]]}},{"type":"Feature","properties":{"refnis":93014},"geometry":{"type":"MultiPolygon","coordinates":[[[[4.43271,49.94178],[4.44586,49.95391],[4.43512,49.97253],[4.42393,49.98254],[4.41321,50.00082],[4.41539,50.0106],[4.4099,50.02801],[4.40957,50.04525],[4.40094,50.05101],[4.38972,50.05154],[4.39573,50.05819],[4.39012,50.06715],[4.3942,50.08114],[4.38639,50.10704],[4.3884,50.11342],[4.40044,50.12295],[4.40705,50.12177],[4.42253,50.12971],[4.44117,50.12965],[4.4463,50.13432],[4.4651,50.13456],[4.47645,50.13931],[4.48759,50.13687],[4.48964,50.12564],[4.50511,50.11175],[4.52757,50.11377],[4.53893,50.09186],[4.54095,50.08709],[4.53015,50.08419],[4.53287,50.08005],[4.52627,50.07025],[4.54348,50.06234],[4.54173,50.05279],[4.55212,50.03502],[4.56346,50.02421],[4.57194,50.00888],[4.57658,50.01236],[4.60177,50.01808],[4.59835,50.00109],[4.6054,49.98908],[4.60031,49.98628],[4.57349,49.97993],[4.5646,49.97037],[4.54103,49.96954],[4.52359,49.95024],[4.51122,49.94651],[4.48116,49.94815],[4.44549,49.93718],[4.43271,49.94178]]]]}},{"type":"Feature","properties":{"refnis":93018},"geometry":{"type":"MultiPolygon","coordinates":[[[[4.71959,50.10179],[4.71929,50.11143],[4.70979,50.10936],[4.67869,50.11407],[4.66715,50.10925],[4.64685,50.10593],[4.6228,50.09216],[4.60951,50.10761],[4.59432,50.10586],[4.59186,50.10895],[4.58195,50.12472],[4.60288,50.13212],[4.60651,50.14481],[4.62161,50.15149],[4.64982,50.1527],[4.66739,50.15801],[4.69092,50.14507],[4.72936,50.1547],[4.7291,50.163],[4.72122,50.16472],[4.71525,50.17435],[4.71873,50.18756],[4.71007,50.189],[4.71432,50.19756],[4.72755,50.19988],[4.73358,50.20995],[4.74386,50.20962],[4.76933,50.19881],[4.78113,50.20105],[4.78377,50.186],[4.79945,50.17841],[4.77574,50.16795],[4.75693,50.1681],[4.75236,50.1618],[4.76495,50.15682],[4.76871,50.15088],[4.79637,50.14829],[4.76217,50.13641],[4.75615,50.12163],[4.74805,50.12234],[4.75172,50.11191],[4.71959,50.10179]]]]}},{"type":"Feature","properties":{"refnis":93022},"geometry":{"type":"MultiPolygon","coordinates":[[[[4.78113,50.20105],[4.76933,50.19881],[4.74386,50.20962],[4.73358,50.20995],[4.72755,50.19988],[4.71432,50.19756],[4.70853,50.20828],[4.69432,50.2172],[4.68896,50.20868],[4.66061,50.2181],[4.63556,50.2137],[4.62029,50.21815],[4.6001,50.21381],[4.56799,50.21448],[4.55527,50.2108],[4.55323,50.21704],[4.54089,50.22562],[4.54411,50.24276],[4.53241,50.25162],[4.53307,50.26276],[4.52305,50.27034],[4.52822,50.28611],[4.5146,50.28665],[4.50456,50.29582],[4.51886,50.30591],[4.5181,50.31517],[4.52805,50.31514],[4.56778,50.32297],[4.58846,50.3213],[4.59147,50.301],[4.5852,50.28826],[4.62075,50.29612],[4.59921,50.27536],[4.64168,50.27679],[4.6404,50.26777],[4.66287,50.26407],[4.68235,50.2666],[4.68382,50.27086],[4.70149,50.27185],[4.70504,50.27819],[4.73293,50.27509],[4.7532,50.27518],[4.76569,50.27495],[4.76205,50.26772],[4.73649,50.24959],[4.74687,50.24391],[4.75131,50.22964],[4.74825,50.22273],[4.76856,50.22461],[4.76262,50.21593],[4.77059,50.21551],[4.78738,50.20389],[4.78113,50.20105]]]]}},{"type":"Feature","properties":{"refnis":93056},"geometry":{"type":"MultiPolygon","coordinates":[[[[4.59186,50.10895],[4.5844,50.1074],[4.5884,50.10121],[4.57085,50.09397],[4.53893,50.09186],[4.52757,50.11377],[4.50511,50.11175],[4.48964,50.12564],[4.48759,50.13687],[4.47645,50.13931],[4.489,50.16528],[4.49773,50.1718],[4.49659,50.17729],[4.50702,50.18634],[4.51445,50.18766],[4.51339,50.19883],[4.51887,50.2059],[4.49902,50.2004],[4.48746,50.20767],[4.48262,50.21725],[4.51455,50.22996],[4.53808,50.23105],[4.54089,50.22562],[4.55323,50.21704],[4.55527,50.2108],[4.56799,50.21448],[4.6001,50.21381],[4.62029,50.21815],[4.63556,50.2137],[4.66061,50.2181],[4.68896,50.20868],[4.69432,50.2172],[4.70853,50.20828],[4.71432,50.19756],[4.71007,50.189],[4.71873,50.18756],[4.71525,50.17435],[4.72122,50.16472],[4.7291,50.163],[4.72936,50.1547],[4.69092,50.14507],[4.66739,50.15801],[4.64982,50.1527],[4.62161,50.15149],[4.60651,50.14481],[4.60288,50.13212],[4.58195,50.12472],[4.59186,50.10895]]]]}},{"type":"Feature","properties":{"refnis":93088},"geometry":{"type":"MultiPolygon","coordinates":[[[[4.30876,50.2673],[4.31986,50.26913],[4.34144,50.27874],[4.35805,50.27498],[4.36936,50.29185],[4.38686,50.29003],[4.40467,50.30467],[4.40206,50.31115],[4.41952,50.30555],[4.43177,50.31035],[4.45696,50.30482],[4.47495,50.32751],[4.50446,50.32902],[4.5052,50.32167],[4.5181,50.31517],[4.51886,50.30591],[4.50456,50.29582],[4.5146,50.28665],[4.52822,50.28611],[4.52305,50.27034],[4.53307,50.26276],[4.53241,50.25162],[4.54411,50.24276],[4.54089,50.22562],[4.53808,50.23105],[4.51455,50.22996],[4.48262,50.21725],[4.471,50.21667],[4.46807,50.22526],[4.44536,50.2298],[4.44202,50.2268],[4.42235,50.23378],[4.42329,50.23934],[4.41157,50.23717],[4.39611,50.23932],[4.39395,50.23332],[4.38703,50.23934],[4.36697,50.24342],[4.345,50.22737],[4.30838,50.24183],[4.2987,50.24355],[4.28675,50.25583],[4.29605,50.26304],[4.30876,50.2673]]]]}},{"type":"Feature","properties":{"refnis":93090},"geometry":{"type":"MultiPolygon","coordinates":[[[[4.60031,49.98628],[4.6054,49.98908],[4.59835,50.00109],[4.60177,50.01808],[4.57658,50.01236],[4.57194,50.00888],[4.56346,50.02421],[4.55212,50.03502],[4.54173,50.05279],[4.54348,50.06234],[4.52627,50.07025],[4.53287,50.08005],[4.53015,50.08419],[4.54095,50.08709],[4.53893,50.09186],[4.57085,50.09397],[4.5884,50.10121],[4.5844,50.1074],[4.59186,50.10895],[4.59432,50.10586],[4.60951,50.10761],[4.6228,50.09216],[4.64685,50.10593],[4.66715,50.10925],[4.67869,50.11407],[4.70979,50.10936],[4.71929,50.11143],[4.71959,50.10179],[4.70211,50.09556],[4.67954,50.06681],[4.68601,50.05743],[4.69693,50.05914],[4.70001,50.05295],[4.69671,50.04264],[4.68461,50.02711],[4.68767,50.00057],[4.69405,49.99653],[4.66672,49.99672],[4.63391,49.98726],[4.60031,49.98628]]]]}}]}